item_id,dept_id,d_1842,d_1843,d_1844,d_1845,d_1846,d_1847,d_1848,d_1849,d_1850,d_1851,d_1852,d_1853,d_1854,d_1855,d_1856,d_1857,d_1858,d_1859,d_1860,d_1861,d_1862,d_1863,d_1864,d_1865,d_1866,d_1867,d_1868,d_1869,d_1870,d_1871,d_1872,d_1873,d_1874,d_1875,d_1876,d_1877,d_1878,d_1879,d_1880,d_1881,d_1882,d_1883,d_1884,d_1885,d_1886,d_1887,d_1888,d_1889,d_1890,d_1891,d_1892,d_1893,d_1894,d_1895,d_1896,d_1897,d_1898,d_1899,d_1900,d_1901,d_1902,d_1903,d_1904,d_1905,d_1906,d_1907,d_1908,d_1909,d_1910,d_1911,d_1912,d_1913,d_1914,d_1915,d_1916,d_1917,d_1918,d_1919,d_1920,d_1921,d_1922,d_1923,d_1924,d_1925,d_1926,d_1927,d_1928,d_1929,d_1930,d_1931,d_1932,d_1933,d_1934,d_1935,d_1936,d_1937,d_1938,d_1939,d_1940,d_1941
FOODS_3_090,FOODS_3,177,107,87,90,76,74,144,145,109,142,63,78,105,156,170,122,62,128,103,80,109,125,112,73,104,108,125,136,161,111,74,75,69,87,98,182,109,63,80,90,71,153,218,212,61,62,71,130,156,133,114,80,75,113,81,107,160,124,107,84,88,90,129,160,204,86,100,88,77,141,139,130,133,117,113,99,196,132,114,114,93,77,83,138,173,167,119,119,125,89,143,156,187,76,85,69,75,110,156,99
FOODS_3_586,FOODS_3,92,82,77,64,67,44,45,69,65,58,41,41,70,52,69,80,58,68,57,60,49,65,80,75,59,56,45,55,72,92,52,41,50,56,45,57,72,39,59,63,68,66,100,110,60,53,44,42,62,72,73,60,70,75,69,58,84,85,76,60,52,63,57,85,91,77,75,70,48,61,74,78,74,61,45,59,65,76,114,59,53,60,55,51,72,75,70,73,59,55,61,82,72,63,74,73,66,59,68,89
FOODS_3_120,FOODS_3,65,61,76,55,69,55,47,87,70,72,57,55,51,0,0,0,0,0,0,0,0,0,0,1,0,0,0,0,0,59,60,58,62,53,58,80,61,100,60,58,55,64,78,71,46,58,56,36,56,61,59,71,73,63,43,47,61,84,57,86,89,142,46,66,72,77,71,69,66,43,81,98,71,82,62,46,63,93,79,59,73,70,52,59,77,48,63,66,55,31,45,79,20,30,57,44,56,41,63,33
FOODS_3_252,FOODS_3,48,45,38,41,31,29,23,44,56,32,36,26,43,29,52,45,40,37,30,40,17,40,53,30,37,20,37,25,32,39,29,25,52,50,36,60,51,27,45,36,23,54,74,68,36,43,30,24,33,47,61,42,38,60,40,46,51,52,58,35,43,30,44,65,81,59,56,29,46,35,61,39,46,38,26,42,51,63,80,47,37,37,30,31,48,57,57,37,55,39,47,78,72,64,71,75,37,36,42,62
FOODS_3_541,FOODS_3,40,33,52,4,22,38,24,11,24,22,24,1,13,35,38,12,12,27,16,25,22,9,28,1,0,12,23,1,0,12,18,17,0,23,11,17,27,18,11,13,25,19,16,34,23,21,17,0,0,0,0,0,0,0,0,0,0,0,0,0,0,0,0,0,0,0,0,0,0,0,0,0,0,0,0,0,0,0,0,0,4,0,0,0,0,0,0,0,0,0,0,0,0,0,0,0,0,0,0,0
FOODS_3_635,FOODS_3,19,34,44,21,22,24,20,1,24,23,2,0,29,35,7,0,17,39,46,22,22,31,34,26,10,27,27,17,37,24,29,26,23,31,18,37,42,15,22,30,19,24,44,25,32,28,51,2,0,0,0,0,0,0,0,0,0,0,0,0,0,0,0,0,0,0,0,0,0,0,0,0,0,0,8,0,0,0,0,0,4,0,0,0,0,0,0,0,0,0,1,5,8,0,0,0,4,0,0,0
FOODS_3_808,FOODS_3,32,34,38,29,20,39,41,36,52,24,22,20,27,41,39,44,51,33,21,20,13,25,57,38,39,18,35,13,27,60,62,24,25,21,21,24,43,50,57,21,25,20,22,32,37,27,41,1,0,0,0,0,0,4,0,0,0,0,0,0,0,0,0,2,0,0,0,0,0,0,0,0,0,0,0,0,0,0,0,0,4,0,0,0,0,0,0,2,0,0,0,0,0,0,0,0,0,0,0,0
FOODS_3_587,FOODS_3,34,40,57,29,41,33,35,45,58,48,26,28,33,21,29,40,48,19,37,39,26,41,60,43,45,63,30,28,26,35,35,38,22,28,33,27,28,39,41,28,21,25,29,28,27,60,28,37,24,37,48,38,34,29,35,42,46,49,38,22,41,29,33,28,60,31,25,25,23,37,28,41,36,22,23,22,22,23,56,38,30,26,20,28,34,42,46,34,22,26,20,35,61,42,20,30,25,19,32,42
FOODS_3_555,FOODS_3,30,36,33,28,31,21,22,28,34,23,26,22,26,29,40,33,24,29,28,31,26,46,29,22,25,26,20,22,28,29,29,20,28,23,22,37,30,22,31,22,23,46,34,44,24,9,23,25,35,44,33,25,28,35,35,32,38,40,41,23,20,14,31,46,49,31,31,27,26,30,33,36,32,30,34,28,34,37,38,28,26,35,20,30,26,31,44,27,37,33,39,33,21,32,23,32,29,31,43,54
FOODS_3_681,FOODS_3,75,54,72,44,30,31,63,51,55,74,53,40,62,52,39,41,54,39,27,35,29,33,31,14,24,19,52,34,35,37,18,23,30,20,40,75,17,16,23,26,33,57,86,2,14,31,14,44,46,38,14,8,37,37,39,41,63,29,21,48,32,28,47,26,51,40,31,42,24,55,52,15,17,34,33,26,43,40,26,35,17,44,29,42,55,50,33,34,22,27,50,31,52,61,90,56,58,69,101,78
FOODS_3_714,FOODS_3,27,32,40,23,18,14,24,30,42,21,21,19,34,29,28,35,27,28,18,24,17,41,34,20,28,26,22,30,28,20,29,24,19,35,27,39,32,27,28,24,37,27,54,26,26,28,34,25,34,39,35,29,45,41,38,30,32,13,18,24,41,29,31,35,57,24,25,33,23,20,42,40,35,31,28,35,39,42,51,29,32,44,37,25,35,35,36,29,23,15,31,29,27,23,30,35,19,26,19,30
FOODS_3_202,FOODS_3,26,27,27,26,9,13,14,33,31,24,22,21,17,22,42,36,31,15,15,15,14,19,23,17,18,13,11,23,23,28,20,20,16,21,14,26,33,17,15,24,10,26,23,51,19,13,19,11,15,26,39,29,19,24,28,23,34,30,19,22,16,23,29,36,58,37,18,27,24,22,37,29,20,15,14,19,18,20,29,13,23,14,19,21,19,23,34,17,20,13,14,16,23,24,12,12,17,22,31,38
FOODS_3_607,FOODS_3,0,18,18,25,5,20,13,15,27,12,10,10,6,22,20,16,6,17,13,11,11,10,17,17,24,9,9,5,16,7,12,8,16,12,13,17,32,21,14,12,16,21,39,29,12,9,12,6,16,19,27,10,20,9,11,9,17,21,12,17,9,17,9,13,27,10,5,8,9,5,9,18,10,13,7,7,12,13,10,16,10,8,7,21,13,25,18,22,22,8,21,14,14,21,19,13,26,10,12,22
FOODS_3_281,FOODS_3,18,20,12,8,17,9,22,17,15,8,14,11,10,17,31,21,8,16,7,19,14,18,24,11,14,23,9,17,10,15,12,10,11,15,8,26,9,8,14,9,9,19,21,29,24,114,6,19,33,20,18,9,15,10,16,15,19,14,10,21,23,12,37,9,0,1,16,12,14,12,23,15,16,16,11,8,34,21,15,24,6,22,19,13,15,16,11,20,0,19,14,14,1,0,4,21,14,31,33,22
FOODS_3_319,FOODS_3,17,18,27,1,14,17,25,15,11,14,19,12,25,9,23,29,21,14,20,20,12,14,22,27,8,15,14,10,24,19,20,16,14,19,6,28,13,12,18,7,15,8,20,15,37,19,15,0,0,0,0,0,0,2,0,0,0,0,0,0,0,0,0,0,0,0,0,0,0,0,0,0,0,0,0,0,0,0,0,0,0,0,0,0,0,0,0,0,0,0,0,2,0,0,0,0,0,0,0,0
FOODS_3_723,FOODS_3,41,27,27,15,13,21,32,33,29,32,46,21,20,40,58,22,15,21,17,25,39,26,34,13,22,26,33,22,28,17,9,28,18,11,28,38,15,16,15,12,21,41,59,32,14,19,14,56,31,35,19,30,22,12,30,26,34,28,17,18,22,18,28,32,42,21,18,26,12,31,48,23,9,22,65,18,37,22,18,20,13,27,17,31,27,22,9,45,19,22,29,30,40,13,14,14,21,35,34,15
FOODS_3_318,FOODS_3,30,40,20,9,22,20,37,31,31,20,27,20,39,35,29,31,20,38,16,18,20,43,24,14,9,17,20,15,20,19,24,26,18,10,23,44,29,21,17,11,35,31,55,52,6,10,20,26,33,41,20,30,13,24,25,11,31,26,23,12,32,32,13,18,0,37,23,16,23,25,29,28,15,19,7,9,21,16,21,17,25,31,21,24,33,28,13,16,21,14,23,28,24,14,9,20,10,32,27,28
FOODS_3_752,FOODS_3,34,6,8,10,8,1,0,17,6,6,18,17,18,35,3,12,4,13,10,11,3,11,17,33,14,8,3,7,14,22,9,18,21,4,13,1,8,10,9,14,5,24,19,8,15,9,12,6,7,13,14,15,4,23,10,51,7,29,9,37,1,1,21,13,26,61,6,19,10,2,1,3,2,10,0,10,4,4,5,4,25,28,5,7,9,12,26,10,8,1,13,5,3,14,9,12,1,7,32,20
FOODS_2_197,FOODS_2,11,5,15,8,12,5,6,12,11,10,11,8,3,6,12,11,15,12,4,5,13,13,18,12,20,20,11,10,22,16,11,9,3,8,10,17,15,12,6,17,8,9,16,8,9,7,7,10,14,14,18,10,13,9,13,7,14,18,12,8,11,7,6,17,14,8,3,3,8,5,19,9,8,13,7,1,4,10,14,18,11,15,9,8,19,14,10,6,12,8,6,12,23,16,4,0,10,6,6,12
FOODS_3_694,FOODS_3,15,24,20,10,9,10,13,16,20,23,11,15,10,12,20,13,13,17,17,19,15,20,20,15,14,15,10,8,20,20,12,18,17,19,15,17,22,9,19,19,15,18,18,23,18,12,18,21,18,27,25,24,18,20,31,29,23,27,15,22,9,17,8,16,20,17,20,16,19,22,24,24,13,19,8,24,20,18,27,12,18,21,23,17,21,16,25,16,16,17,17,17,22,12,16,14,23,17,18,19
FOODS_3_234,FOODS_3,28,12,30,10,14,2,4,16,13,7,10,16,33,9,2,15,22,18,7,7,1,7,11,23,0,10,1,22,8,7,17,4,21,1,15,14,8,0,25,23,0,0,0,0,13,4,2,7,27,8,12,10,16,8,41,19,2,0,0,0,12,65,8,1,34,27,2,2,0,0,0,0,0,0,0,0,0,0,0,0,1,0,0,0,1,0,0,0,0,0,0,0,0,0,0,0,0,0,0,0
FOODS_3_282,FOODS_3,76,65,52,35,38,45,37,58,88,61,45,39,32,25,39,63,48,45,37,18,0,57,80,81,66,50,59,60,84,117,64,58,64,51,65,81,70,66,60,42,55,43,77,104,53,45,35,22,34,63,85,55,46,35,36,32,54,85,43,31,47,33,31,47,73,39,46,26,20,11,20,38,23,23,19,24,21,31,44,29,30,27,19,15,32,24,30,28,21,26,18,27,43,26,27,23,29,22,24,40
FOODS_3_288,FOODS_3,36,39,33,37,39,31,41,47,58,31,24,34,23,27,39,51,36,24,20,31,30,56,60,44,38,35,27,29,42,32,30,27,22,18,25,48,42,39,40,35,26,39,60,56,29,21,34,33,32,38,66,31,43,28,25,31,44,59,32,18,26,26,23,48,52,37,33,14,28,21,41,64,30,37,27,44,28,55,47,33,37,33,28,32,49,54,37,26,42,31,33,43,37,31,31,25,30,29,27,37
FOODS_3_501,FOODS_3,13,8,20,6,15,24,20,24,43,40,36,27,27,35,35,39,30,12,13,11,15,12,21,22,19,26,20,10,20,20,17,20,14,18,15,19,36,25,20,19,14,23,28,22,11,13,34,15,10,9,37,12,23,17,28,17,13,18,26,13,13,14,8,17,20,17,21,8,12,8,16,23,24,5,11,6,8,22,12,20,13,15,25,11,20,13,26,6,7,23,16,12,12,21,15,12,16,3,15,40
FOODS_2_360,FOODS_2,0,10,3,3,0,0,0,5,0,3,3,0,0,0,0,0,0,0,0,4,19,17,6,12,18,1,23,0,8,24,7,14,13,8,21,17,17,18,33,21,3,18,15,19,18,15,11,14,14,27,7,19,14,42,17,6,25,26,32,25,31,14,16,17,22,17,11,21,15,16,4,31,12,2,8,2,11,21,13,25,16,14,11,33,16,21,25,17,29,16,21,15,8,22,8,5,6,13,8,16
FOODS_2_276,FOODS_2,6,4,10,10,13,5,3,2,11,4,9,5,3,4,8,3,6,10,4,12,11,11,5,10,12,18,10,4,13,13,10,6,16,5,10,9,13,13,11,7,8,2,5,12,8,11,9,10,7,8,14,12,16,8,5,6,15,15,10,12,4,7,8,8,6,7,9,7,9,5,7,3,9,5,4,3,6,5,6,9,10,7,7,2,8,8,9,5,9,9,2,6,7,6,7,5,4,5,6,9
FOODS_3_711,FOODS_3,13,19,11,7,12,7,2,21,11,6,16,28,16,8,13,19,4,105,12,22,3,0,19,25,8,0,0,7,13,27,11,6,8,0,1,8,14,31,11,10,10,9,19,1,13,1,7,11,33,4,1,0,0,33,26,6,6,18,21,7,0,0,15,3,15,28,2,2,0,0,4,6,15,8,15,16,28,10,7,20,14,46,6,7,0,0,5,7,12,0,14,5,2,16,12,6,6,17,6,2
FOODS_3_804,FOODS_3,21,6,20,8,25,31,14,34,3,22,0,2,17,23,24,13,9,23,25,5,0,10,23,23,30,19,16,18,13,0,2,9,15,35,3,2,16,22,7,13,9,0,20,20,18,0,13,10,14,28,15,17,14,0,0,0,0,0,0,0,0,0,16,22,1,24,16,17,17,45,0,18,0,4,19,4,18,19,22,8,16,15,15,21,11,14,13,16,8,9,18,21,0,18,12,25,7,10,22,32
FOODS_3_080,FOODS_3,14,14,16,8,14,13,12,15,13,16,7,6,13,15,16,17,14,17,9,14,10,14,11,18,12,11,14,20,14,19,11,13,12,13,15,14,6,13,9,14,7,19,14,15,14,9,12,2,11,19,14,14,11,13,15,9,15,13,12,10,13,15,8,22,15,17,7,11,15,15,21,13,12,10,8,7,14,13,15,13,12,11,15,8,12,15,14,19,13,19,18,20,10,12,16,15,18,23,17,14
FOODS_3_389,FOODS_3,20,21,29,13,8,6,13,12,20,12,14,7,21,11,13,25,12,11,15,6,9,21,21,11,11,10,15,7,18,23,12,7,14,12,15,16,19,15,17,7,17,15,29,22,22,10,6,21,18,19,19,21,11,18,18,14,23,24,20,17,8,18,22,27,28,19,17,18,17,16,19,20,20,13,10,20,13,34,33,23,9,14,9,16,16,16,13,15,16,19,21,29,21,18,24,16,13,12,18,22
FOODS_3_295,FOODS_3,6,22,19,15,15,15,15,18,49,31,24,13,20,23,33,41,38,11,25,14,7,23,22,19,21,22,15,20,18,32,22,20,17,20,12,17,31,18,16,11,20,13,21,18,19,22,14,16,11,10,37,19,19,16,20,17,25,16,15,13,15,6,8,21,18,33,16,10,9,12,39,15,15,9,29,3,8,24,8,13,5,14,27,14,17,15,26,13,3,12,3,9,21,16,16,16,17,5,9,13
FOODS_3_376,FOODS_3,7,10,10,6,4,8,5,4,8,4,5,6,6,9,11,7,15,3,8,5,3,4,9,9,5,5,5,6,10,4,2,9,9,5,5,7,11,8,8,6,0,5,8,25,3,8,5,7,5,8,9,6,12,5,3,4,6,14,3,5,1,2,8,8,11,3,1,1,3,5,7,7,3,2,1,2,2,6,5,3,9,6,9,4,9,0,0,0,0,8,0,7,0,13,3,8,0,0,7,5
FOODS_3_499,FOODS_3,33,36,49,43,24,25,27,45,71,58,40,37,26,37,34,57,40,24,37,22,0,23,42,15,0,17,1,9,9,0,18,16,18,14,13,10,16,18,1,8,0,6,0,0,14,16,28,23,22,51,39,65,41,40,37,48,57,73,65,40,43,29,43,46,60,50,14,19,15,10,18,36,22,18,17,11,19,21,21,25,20,19,13,14,26,23,30,8,21,11,24,20,16,15,12,10,16,10,8,32
FOODS_2_244,FOODS_2,10,13,11,10,8,10,13,11,13,18,7,7,8,8,8,13,8,12,11,6,9,11,8,9,12,15,6,5,12,16,9,8,11,9,5,3,15,13,10,9,13,5,17,5,16,9,7,7,8,12,9,11,15,10,11,7,15,9,12,11,8,8,3,10,16,11,14,8,7,9,9,10,8,5,3,10,10,6,6,14,12,12,11,4,9,11,11,16,12,0,7,13,13,9,6,6,4,7,13,6
FOODS_3_491,FOODS_3,19,11,10,5,11,14,13,17,11,12,7,7,6,8,13,17,5,8,6,9,8,8,10,8,8,12,10,11,18,13,7,13,1,6,14,21,13,14,5,18,10,25,21,10,2,9,3,5,6,13,18,6,3,12,6,9,11,13,12,3,9,16,11,17,19,8,2,4,10,16,14,14,4,21,4,18,7,19,9,14,5,8,5,7,18,11,9,9,5,5,9,8,14,5,7,13,5,1,16,9
FOODS_3_739,FOODS_3,25,21,16,21,19,15,20,23,48,11,23,11,31,19,32,20,25,24,23,28,13,25,59,32,34,25,29,32,19,30,24,33,11,20,21,33,34,17,27,25,25,29,46,26,7,16,26,19,22,18,35,12,23,33,31,27,40,39,46,24,24,21,29,15,33,20,29,11,15,9,28,31,17,18,27,19,18,19,21,13,38,18,27,16,22,24,20,21,16,21,26,22,33,10,20,19,14,10,16,14
FOODS_3_498,FOODS_3,32,13,13,6,9,2,0,19,6,1,5,18,13,4,20,17,6,20,31,3,0,3,21,23,7,18,5,7,0,7,12,5,2,12,6,19,1,4,4,4,3,18,26,2,15,10,3,4,5,0,13,14,19,6,6,44,7,17,0,4,3,0,3,6,12,9,7,12,9,2,17,2,5,6,4,9,6,10,10,0,22,44,7,11,7,4,17,11,3,5,15,2,9,2,4,16,0,25,11,22
FOODS_2_347,FOODS_2,18,24,14,17,14,8,8,21,17,11,15,8,8,12,14,12,19,16,7,19,10,13,18,19,8,14,11,14,17,18,16,12,10,8,9,4,23,7,11,10,9,10,9,8,16,16,6,16,18,10,3,20,16,7,5,11,9,4,9,12,12,8,9,13,12,7,18,14,10,10,18,23,14,6,10,5,16,14,13,8,19,5,13,9,16,19,8,12,5,13,7,17,10,1,8,7,10,6,14,18
FOODS_3_764,FOODS_3,22,11,32,14,11,18,15,12,21,13,18,10,19,11,8,15,29,15,19,7,13,17,28,27,18,17,14,15,19,20,31,18,9,11,12,19,24,13,20,13,14,15,19,18,16,16,8,8,13,19,38,11,14,12,11,10,9,47,20,18,14,7,7,15,11,10,13,13,13,8,17,18,14,11,8,8,8,3,14,19,10,10,7,12,24,22,20,23,20,19,12,24,19,18,21,20,26,19,10,15
FOODS_3_455,FOODS_3,0,15,28,22,0,13,11,16,18,8,5,7,12,4,17,14,10,6,4,10,8,11,8,7,7,2,4,12,6,11,9,9,6,2,5,11,12,1,4,3,11,8,12,4,7,2,6,2,6,7,10,6,6,5,9,4,9,9,9,8,8,5,11,11,15,4,3,6,1,9,7,10,5,6,5,11,4,10,8,8,7,6,12,11,7,9,12,12,10,4,13,16,11,9,11,7,9,12,12,18
FOODS_3_362,FOODS_3,0,0,1,0,0,3,3,0,0,0,0,0,0,0,0,0,0,0,0,32,49,58,93,62,50,34,29,33,54,56,39,33,32,38,32,32,53,51,49,35,36,38,40,50,55,35,24,45,44,49,65,54,29,32,29,20,64,71,56,37,47,33,26,36,36,34,15,19,33,19,31,40,30,29,18,21,2,0,0,0,0,1,0,0,0,0,0,6,0,0,0,1,31,33,19,27,31,17,20,27
FOODS_3_462,FOODS_3,10,10,13,15,4,10,11,9,8,9,4,9,2,11,19,10,13,4,4,8,7,8,12,9,5,4,12,12,10,7,8,11,2,11,10,5,6,9,11,9,8,6,9,16,1,6,7,8,4,10,15,8,9,4,5,3,6,15,6,12,2,4,13,13,13,4,2,4,3,6,1,7,10,2,0,4,3,8,6,3,6,5,9,5,4,5,6,7,11,3,0,10,13,17,0,0,6,5,8,6
FOODS_3_406,FOODS_3,17,17,20,14,15,11,6,35,37,31,25,29,21,21,27,31,22,9,17,10,13,23,23,21,23,16,10,13,19,12,11,14,10,12,19,23,21,21,5,8,15,18,22,14,8,10,14,8,6,9,29,15,20,16,11,9,21,28,20,12,10,12,11,16,23,19,24,10,12,23,28,10,24,6,15,7,5,15,14,13,18,8,6,17,15,20,23,5,4,14,13,6,20,25,9,21,10,5,10,16
FOODS_3_007,FOODS_3,16,24,5,17,12,6,0,2,7,15,3,17,10,8,4,7,5,15,0,1,1,4,12,23,0,1,4,7,16,11,6,4,13,0,8,3,10,4,14,6,3,12,14,0,4,8,5,2,5,0,1,5,9,0,24,10,2,6,4,8,14,50,2,4,6,10,11,14,18,2,12,5,3,0,18,3,0,1,7,23,6,19,7,7,1,10,21,10,0,2,7,1,10,8,8,1,5,7,2,22
FOODS_2_019,FOODS_2,18,17,15,12,10,5,6,7,12,8,12,8,11,5,12,8,10,17,16,8,7,12,13,13,3,0,9,16,12,25,7,22,9,6,11,9,10,11,10,8,3,5,13,8,13,8,9,6,5,18,11,10,11,9,9,7,13,13,10,16,8,4,5,8,11,9,7,7,8,6,13,11,8,5,9,4,7,12,10,12,9,6,8,1,11,6,13,9,8,3,3,4,4,6,9,8,7,3,9,8
FOODS_3_329,FOODS_3,34,23,47,31,23,21,15,43,38,24,37,21,23,30,44,51,28,40,23,23,23,35,39,44,26,25,27,37,26,31,40,22,19,19,22,29,38,37,35,27,26,27,21,39,28,17,16,22,11,16,22,33,33,20,37,35,41,46,42,34,27,20,28,27,42,35,37,18,33,26,36,45,28,41,24,19,14,30,26,38,21,27,17,16,14,23,22,17,36,13,20,17,21,21,24,16,17,13,9,28
FOODS_3_099,FOODS_3,12,4,0,3,12,18,10,13,10,17,6,12,7,19,3,17,14,17,13,8,3,9,18,12,18,7,10,15,13,18,10,15,9,6,11,11,15,16,9,17,4,7,13,11,9,6,10,9,10,11,16,9,9,11,16,13,16,19,13,13,12,6,12,11,18,11,12,8,10,11,8,8,12,8,13,16,9,14,1,12,0,11,9,12,21,7,14,8,17,8,13,9,9,10,9,11,11,9,8,14
FOODS_3_547,FOODS_3,12,5,0,3,0,0,0,0,0,0,0,5,13,6,0,4,0,101,0,2,1,4,12,2,16,18,10,8,6,9,13,8,5,8,2,3,4,2,5,2,5,0,4,0,0,4,7,6,3,4,7,9,18,14,10,6,6,31,2,2,8,2,4,40,25,4,12,5,4,1,6,2,7,2,2,55,2,6,5,15,5,13,3,3,3,4,26,3,5,1,4,12,0,0,9,4,0,5,1,0
FOODS_3_811,FOODS_3,14,6,19,9,7,11,31,19,22,14,16,15,3,13,17,18,13,14,19,22,10,12,28,12,13,13,16,7,14,16,14,11,10,7,14,11,10,6,7,17,6,16,14,17,4,9,4,7,34,25,20,23,37,3,7,11,15,26,10,9,14,14,19,14,24,8,7,4,5,14,16,10,11,6,8,6,8,11,13,6,12,7,9,10,14,21,17,24,23,13,19,22,32,5,14,12,12,19,20,28
FOODS_3_702,FOODS_3,13,4,10,19,9,3,7,6,5,16,11,10,5,5,10,3,22,10,4,4,11,5,10,18,7,13,9,5,6,9,17,8,4,0,1,9,6,7,7,4,6,7,5,9,6,7,5,5,8,9,12,6,3,4,2,3,3,7,27,3,2,5,11,11,7,10,2,10,11,8,6,9,20,17,17,24,23,36,27,16,19,26,24,19,38,21,44,20,24,19,29,29,30,27,21,12,26,28,32,28
FOODS_3_412,FOODS_3,14,5,10,10,10,0,1,9,6,2,6,20,5,5,9,25,1,57,3,5,1,5,13,28,12,15,1,1,9,6,17,3,3,5,9,3,3,4,10,8,3,6,9,1,0,8,5,2,12,2,6,6,24,17,4,12,5,8,12,0,2,0,4,0,14,24,5,4,9,8,2,10,3,8,8,11,0,10,3,8,8,12,1,2,8,10,0,6,5,0,8,1,8,4,4,6,1,8,4,14
FOODS_3_580,FOODS_3,2,10,7,2,4,0,2,6,7,2,13,13,2,4,12,10,4,63,0,7,1,14,11,14,5,3,4,0,8,10,9,8,2,21,4,4,1,0,8,2,4,2,10,6,5,12,4,3,4,8,7,15,20,3,2,6,11,11,10,6,0,12,6,7,0,0,0,12,12,2,1,8,6,6,0,6,1,9,15,2,4,4,2,14,12,7,12,13,47,0,4,3,11,2,8,4,0,12,16,3
FOODS_3_458,FOODS_3,23,29,24,13,16,15,18,19,19,21,16,20,11,26,27,23,16,20,13,15,14,18,23,15,25,10,14,16,23,23,13,23,17,22,24,41,16,12,17,17,19,23,18,21,14,20,22,14,14,25,19,19,16,25,16,25,10,21,18,14,22,20,22,35,24,14,15,16,7,18,21,28,8,10,13,18,22,19,20,14,14,20,12,9,11,19,16,16,17,11,26,13,27,16,21,21,16,16,22,24
FOODS_3_313,FOODS_3,20,21,33,13,15,15,17,21,22,13,21,9,19,12,23,43,23,23,11,20,13,26,14,25,17,10,9,12,22,18,18,22,17,20,10,21,27,19,18,10,9,16,10,16,18,17,13,14,14,17,22,15,16,17,8,15,14,21,0,9,16,14,0,0,22,19,11,4,13,10,16,21,10,10,6,15,11,17,12,18,17,4,11,9,2,11,16,17,9,7,9,9,5,12,8,14,8,11,13,25
FOODS_3_377,FOODS_3,14,14,7,5,10,6,6,10,10,3,9,9,11,7,12,4,8,12,9,12,9,6,12,11,7,11,10,9,7,9,15,11,8,8,10,11,14,9,14,6,12,8,10,8,5,10,7,9,13,11,13,14,8,12,14,11,11,10,5,11,9,11,7,9,15,27,17,19,13,16,19,14,10,13,5,9,7,19,11,13,14,16,12,12,10,13,15,11,12,6,8,12,19,6,14,14,11,13,13,9
FOODS_3_785,FOODS_3,0,2,0,0,0,0,0,0,0,4,0,0,4,2,0,0,1,0,0,3,0,0,0,0,0,0,5,0,0,0,0,0,0,0,0,0,1,0,0,0,0,0,0,0,0,0,0,0,0,0,0,1,5,3,0,2,0,0,0,0,0,0,0,0,0,0,0,28,17,11,19,27,46,20,11,12,4,40,27,23,11,26,40,10,9,23,26,21,28,12,12,20,27,26,14,16,32,14,31,27
FOODS_3_348,FOODS_3,19,14,32,21,8,8,11,15,11,9,7,10,6,0,6,13,8,4,7,12,1,7,18,12,5,9,9,11,19,10,12,13,15,4,15,26,16,13,9,2,1,5,8,9,12,3,0,21,9,13,27,6,22,20,5,12,6,23,12,13,8,9,7,16,13,8,8,22,4,13,9,13,12,4,7,1,3,11,18,5,6,9,4,6,6,9,25,3,8,6,8,12,13,17,5,9,10,6,9,10
FOODS_3_150,FOODS_3,9,4,11,9,3,8,4,14,10,7,5,4,4,25,8,4,4,8,5,15,9,13,6,12,6,9,8,7,10,10,7,2,6,4,13,13,9,11,7,14,7,12,5,9,6,11,7,1,16,16,14,6,7,11,5,10,17,12,10,7,7,11,12,10,14,4,7,7,2,10,10,9,9,3,8,4,19,5,8,9,0,3,2,1,2,5,21,3,15,4,8,12,4,5,6,20,16,12,19,18
FOODS_3_404,FOODS_3,19,8,16,17,14,8,12,21,30,9,16,9,18,6,17,14,12,5,9,7,12,14,7,15,7,4,9,14,12,18,18,6,9,14,3,13,25,9,5,5,14,13,5,31,23,2,13,1,0,0,2,0,0,0,0,0,2,0,0,0,0,0,0,2,0,0,0,0,0,0,0,3,0,0,0,0,0,0,0,0,0,0,0,0,0,0,0,0,0,0,1,1,0,0,0,0,0,0,0,0
FOODS_3_109,FOODS_3,4,2,3,5,4,1,0,0,0,6,2,0,0,0,0,0,0,5,2,4,4,4,5,5,5,7,4,2,6,4,1,7,3,1,5,1,0,1,4,6,1,7,6,6,0,0,0,1,1,6,1,4,7,6,6,8,6,5,1,5,2,2,6,9,14,3,0,1,1,2,7,3,0,1,2,3,2,6,3,2,3,2,4,5,3,0,1,0,3,8,3,1,8,7,3,5,0,4,7,5
FOODS_3_767,FOODS_3,7,4,5,9,6,0,0,0,0,10,9,5,0,0,0,5,4,3,0,0,12,0,0,0,6,9,8,3,4,15,0,2,14,8,4,1,10,4,3,2,4,1,4,8,0,1,14,0,0,0,0,0,0,2,0,0,0,0,0,0,0,0,0,0,0,0,0,0,0,0,0,0,0,0,0,0,0,0,0,0,0,0,0,0,0,0,0,0,0,0,1,0,0,0,0,0,0,0,0,0
FOODS_3_524,FOODS_3,12,14,10,20,11,6,13,18,7,5,15,4,12,0,13,11,12,12,0,13,8,4,12,12,9,3,7,15,13,0,0,24,13,0,0,5,4,3,0,0,12,0,9,6,0,6,7,0,0,0,0,0,0,0,0,0,0,0,0,0,0,0,0,0,0,0,0,0,0,0,0,0,0,0,0,0,0,0,0,0,0,0,0,0,0,0,0,0,0,0,0,0,0,0,0,0,0,0,0,0
FOODS_1_218,FOODS_1,40,23,18,3,3,12,27,35,21,11,6,9,4,29,24,15,6,15,12,36,18,23,15,21,30,24,28,19,13,15,18,5,6,17,4,6,2,3,12,10,11,15,39,9,1,1,8,12,4,6,8,4,6,9,10,8,14,5,8,7,5,14,21,21,9,2,13,3,5,17,22,19,7,7,14,13,3,7,14,18,14,7,5,6,7,3,16,12,9,5,2,9,1,6,5,5,5,17,5,5
FOODS_3_741,FOODS_3,10,9,13,14,11,10,10,18,23,5,20,10,5,18,8,9,17,20,5,13,23,21,6,6,11,11,9,2,12,8,14,10,1,14,16,15,5,6,9,6,14,2,9,3,3,9,11,12,11,25,31,15,19,13,20,15,8,21,14,13,14,19,13,12,24,15,14,16,3,15,13,4,7,13,7,4,9,4,0,9,4,9,4,5,4,7,15,6,5,3,4,3,7,3,5,5,7,7,1,0
FOODS_2_128,FOODS_2,0,0,0,0,0,0,0,3,0,0,0,0,2,0,0,0,0,0,0,6,8,12,7,2,9,19,12,1,0,31,15,1,1,6,0,5,5,5,7,9,4,5,15,4,3,0,11,5,1,6,5,11,5,0,0,3,13,7,5,0,3,5,5,8,3,0,2,8,11,3,0,0,8,8,0,1,11,24,5,7,8,5,15,16,20,8,16,10,13,5,14,7,11,4,6,8,15,3,9,7
FOODS_1_043,FOODS_1,0,0,0,0,0,0,0,0,0,0,0,0,0,0,0,0,0,0,0,0,0,0,0,0,0,0,0,0,1,0,0,0,0,0,0,0,0,0,0,0,0,0,0,0,0,0,0,0,0,0,0,0,0,0,0,0,0,0,0,0,0,0,0,0,0,0,0,0,0,0,0,0,0,0,24,22,18,34,31,32,24,25,25,22,31,13,32,12,7,11,68,17,14,11,10,11,23,17,24,23
FOODS_3_746,FOODS_3,17,16,22,13,19,7,8,12,21,15,14,6,12,19,22,18,11,13,15,12,16,23,20,22,10,13,17,18,19,27,24,11,11,12,14,13,19,18,15,13,11,15,24,19,14,9,16,16,12,16,28,23,19,16,16,18,24,24,17,15,11,4,7,5,9,8,9,6,5,3,6,4,6,3,2,5,8,7,0,5,5,3,6,5,6,5,5,1,6,2,3,7,5,10,3,7,6,2,5,7
FOODS_3_697,FOODS_3,16,15,19,13,11,8,10,11,14,11,12,10,12,6,13,21,21,5,7,5,9,11,20,15,15,14,10,10,16,20,11,15,14,10,15,7,21,18,9,11,11,8,14,19,5,17,6,6,7,10,17,11,13,18,11,11,14,17,16,9,9,12,12,14,10,12,6,11,10,21,11,8,11,18,9,14,14,17,15,17,9,16,14,16,16,10,14,4,11,10,11,16,25,13,13,6,6,25,12,2
FOODS_3_245,FOODS_3,1,8,14,7,1,5,4,9,9,5,6,4,3,6,10,8,3,5,2,7,5,6,12,4,6,4,3,5,8,3,2,4,6,7,3,7,6,12,6,3,2,8,12,13,5,4,3,5,6,4,11,9,3,6,9,15,4,0,3,6,4,4,4,7,22,4,1,3,4,5,8,9,6,6,5,0,9,6,6,5,6,9,3,9,7,5,5,10,6,6,4,9,12,7,6,10,8,6,5,15
FOODS_3_086,FOODS_3,39,27,42,17,16,13,20,26,37,30,21,16,20,14,13,18,9,18,13,16,11,22,13,9,11,22,15,15,16,7,14,9,8,20,15,20,15,10,9,6,16,16,31,0,9,6,6,23,12,25,9,6,14,9,15,10,21,18,9,11,9,11,10,17,20,8,9,16,6,27,22,10,8,15,7,9,25,14,16,17,6,11,15,27,14,21,20,18,8,0,23,18,18,29,34,31,36,30,43,46
FOODS_3_756,FOODS_3,15,12,16,18,14,7,15,16,18,10,20,8,6,15,22,17,9,6,16,11,13,15,28,11,9,7,9,14,11,25,9,14,13,11,9,19,17,9,13,14,19,14,26,30,14,13,8,15,18,18,16,12,16,9,14,19,4,19,6,11,11,14,15,10,10,12,18,8,13,16,15,18,22,13,5,8,10,14,14,9,9,13,6,13,14,22,18,7,17,18,16,18,24,11,18,10,14,23,19,17
FOODS_2_181,FOODS_2,9,7,14,12,8,9,6,18,14,12,6,5,8,7,9,8,11,7,8,15,9,16,9,6,7,13,15,12,15,15,5,3,6,8,8,14,9,6,10,11,9,12,4,10,18,14,8,8,15,6,9,14,11,12,10,9,19,20,15,14,5,8,10,7,13,8,3,6,14,8,10,6,4,7,12,3,14,15,15,18,9,11,6,8,8,5,7,5,12,8,6,10,11,21,11,1,11,4,6,5
FOODS_3_744,FOODS_3,15,22,21,12,12,11,8,23,15,14,8,13,13,17,17,18,11,14,12,10,10,17,30,11,17,16,16,13,16,20,19,5,5,15,8,11,15,15,9,15,8,9,17,13,11,6,16,18,16,16,27,14,13,13,9,16,16,16,15,8,7,11,12,13,18,21,6,15,9,13,14,13,25,11,17,15,9,23,13,14,15,15,14,7,24,13,23,13,16,14,10,16,12,7,6,12,14,5,15,7
FOODS_3_107,FOODS_3,7,11,12,7,13,16,9,6,12,10,10,4,10,13,10,10,9,4,11,5,8,14,10,6,4,9,5,13,15,8,8,3,16,6,4,6,15,6,8,8,5,11,4,17,11,8,8,4,6,6,15,8,12,10,7,10,3,13,19,2,17,7,11,13,1,9,9,15,4,9,21,11,16,5,12,4,11,7,15,8,7,9,18,4,9,14,6,13,11,20,7,11,12,8,16,7,19,7,12,17
FOODS_3_769,FOODS_3,6,3,6,3,2,1,2,6,2,0,6,3,6,5,10,4,0,4,4,9,4,9,5,6,1,1,1,6,1,3,2,2,3,3,6,5,6,8,2,4,11,5,9,6,1,0,5,1,7,7,7,5,9,3,7,8,6,4,3,1,11,5,7,5,6,8,2,2,2,2,6,4,3,4,2,3,2,2,5,7,4,6,10,3,6,4,6,4,0,5,9,3,8,0,5,8,2,6,3,7
FOODS_3_133,FOODS_3,14,17,20,7,11,12,11,4,13,24,4,10,7,6,7,8,10,8,22,7,11,9,23,12,9,12,3,13,3,8,9,9,8,1,7,8,5,6,6,4,4,8,21,10,13,8,9,8,5,10,13,6,5,5,13,4,7,9,12,11,6,7,2,5,8,3,6,5,2,7,4,12,20,3,4,1,5,5,7,1,7,13,4,6,11,7,10,2,4,2,1,4,14,11,3,9,0,3,6,15
FOODS_3_233,FOODS_3,0,0,0,0,0,0,0,0,0,0,0,0,0,0,0,0,0,0,0,18,36,35,55,44,39,36,36,39,41,42,26,41,25,20,20,43,42,23,37,27,34,19,29,46,34,19,15,17,24,34,51,30,34,17,27,27,27,52,28,28,19,14,14,24,26,29,25,10,15,10,20,25,23,8,13,12,14,14,24,22,20,16,27,14,32,17,30,17,10,8,6,14,19,24,12,14,14,9,19,29
FOODS_3_734,FOODS_3,7,7,10,8,15,5,6,7,12,12,4,3,6,5,0,5,8,11,7,8,5,4,11,8,8,8,8,4,6,8,10,5,2,11,4,6,10,9,3,5,7,4,8,6,7,6,7,5,3,11,10,9,1,14,2,6,5,7,12,5,6,4,4,12,4,6,10,5,2,4,9,6,7,7,5,12,7,4,8,3,11,9,3,15,4,11,7,4,8,7,8,7,16,7,9,9,2,6,8,3
FOODS_2_021,FOODS_2,0,0,0,0,0,0,0,2,0,0,0,0,2,0,0,0,0,0,0,0,8,14,3,5,2,15,6,0,1,17,7,3,8,1,0,6,2,0,3,11,0,2,22,5,2,2,11,9,0,9,9,6,4,6,11,2,10,7,6,7,9,8,12,2,2,4,4,4,10,9,7,7,4,2,5,0,3,12,4,8,4,6,7,7,16,7,8,0,1,7,12,11,2,7,4,4,0,0,2,11
FOODS_3_454,FOODS_3,0,0,0,0,0,3,1,7,10,4,7,0,1,14,9,7,3,5,15,2,0,1,2,0,8,49,2,1,4,5,8,4,0,1,4,0,1,2,13,2,6,1,9,0,8,4,0,5,5,7,6,5,22,9,2,12,9,7,5,0,0,0,3,2,3,12,0,0,2,4,10,0,4,4,0,4,2,3,8,23,0,31,0,0,14,7,10,3,3,6,16,0,1,11,0,2,3,1,3,9
FOODS_3_474,FOODS_3,6,7,7,11,15,5,8,20,17,8,2,7,8,7,7,12,6,6,6,13,6,7,9,7,8,10,4,1,15,9,12,5,7,3,11,8,12,4,9,5,10,8,15,9,10,6,8,9,19,21,23,12,5,7,7,8,7,1,4,4,4,0,0,0,8,5,3,0,3,2,7,1,3,1,3,1,5,5,5,6,5,0,4,4,4,4,4,4,0,0,5,5,3,0,4,0,4,0,10,9
FOODS_3_755,FOODS_3,11,13,12,7,5,6,8,3,7,5,12,5,9,4,1,2,6,9,1,2,4,4,7,6,11,15,5,5,4,9,7,11,5,5,2,7,9,7,10,4,6,10,8,5,0,3,8,5,2,5,6,17,6,2,8,5,6,19,2,6,4,11,4,4,4,7,6,9,3,4,9,6,7,1,3,3,11,11,7,11,3,12,5,5,2,2,6,3,1,1,7,20,14,7,3,0,3,3,3,7
FOODS_3_570,FOODS_3,8,0,9,3,7,8,7,2,15,6,7,0,0,5,3,4,2,8,7,8,5,17,1,14,7,7,3,7,18,14,8,11,12,7,4,7,14,10,3,6,2,3,4,6,6,2,5,5,4,7,4,10,7,5,5,8,8,11,4,0,6,3,9,13,5,0,10,5,9,9,1,14,11,7,6,11,5,6,8,9,9,8,4,8,6,19,2,3,6,8,5,16,12,9,6,7,10,4,11,18
FOODS_1_004,FOODS_1,0,0,1,0,0,0,0,0,0,0,0,0,0,0,0,0,3,0,2,0,0,0,0,0,0,0,0,0,0,0,0,0,0,0,0,0,0,0,0,0,0,0,0,0,0,0,0,0,0,0,0,0,0,0,0,0,0,0,0,0,0,0,0,0,0,0,0,0,0,0,0,0,0,0,0,0,0,0,0,0,5,12,6,10,13,7,12,7,4,5,16,12,9,8,8,12,7,7,11,19
FOODS_3_327,FOODS_3,4,2,1,5,4,3,3,3,3,6,1,9,0,3,3,2,3,1,0,1,3,5,1,1,3,4,6,1,1,2,1,0,0,1,5,0,2,2,3,0,3,5,7,1,2,2,1,2,2,3,1,1,3,1,1,2,2,4,1,0,3,0,3,1,5,5,4,0,0,3,1,3,4,2,0,2,8,2,0,3,4,2,2,3,0,2,3,3,2,3,4,3,6,0,0,0,3,0,0,9
FOODS_3_516,FOODS_3,17,19,16,6,6,6,22,22,19,22,15,10,18,16,25,19,5,11,12,15,18,32,22,11,17,17,19,17,24,13,18,9,18,17,21,25,17,9,14,18,12,13,29,25,3,8,16,12,13,14,15,16,6,11,3,17,16,14,13,6,12,10,10,13,15,3,10,6,9,6,14,9,4,8,8,6,6,6,14,18,11,7,11,14,21,11,16,13,12,7,11,7,8,9,6,9,6,7,22,14
FOODS_2_326,FOODS_2,20,18,13,18,25,12,20,25,22,9,15,15,8,11,26,11,12,17,20,28,8,28,26,21,2,0,36,32,8,16,13,15,17,15,11,21,24,23,1,24,6,8,20,9,16,11,20,10,27,15,12,23,19,13,17,17,29,4,31,21,9,19,6,20,5,4,11,19,22,4,5,14,0,0,1,1,3,16,14,9,29,2,25,10,14,32,21,5,22,21,18,10,14,11,16,12,12,34,22,15
FOODS_3_226,FOODS_3,8,5,12,7,5,1,5,6,8,2,4,7,2,8,5,6,10,5,5,7,2,4,7,4,6,10,5,8,4,3,7,4,7,6,6,13,9,4,7,6,7,8,10,7,3,5,7,3,4,4,8,5,7,3,5,5,9,8,5,3,7,3,5,12,9,7,9,7,5,11,9,10,7,5,11,10,4,13,12,8,6,10,6,5,13,11,11,6,5,8,8,9,11,3,7,12,11,8,9,9
FOODS_3_228,FOODS_3,4,6,7,2,3,2,7,8,8,6,6,2,2,4,6,3,7,8,10,6,9,7,5,2,9,3,8,4,7,6,6,3,1,6,3,3,6,9,3,7,5,8,9,6,8,4,5,7,7,16,3,11,8,13,6,8,5,8,9,9,8,5,6,9,9,4,7,8,1,5,6,11,10,4,7,4,9,5,8,6,3,4,4,3,8,9,2,4,5,6,3,6,8,9,5,8,6,11,6,10
FOODS_3_403,FOODS_3,24,11,17,19,12,14,15,22,14,13,10,10,11,14,20,15,14,9,15,22,14,14,20,19,17,18,11,8,11,19,13,15,9,18,8,19,12,7,15,10,16,15,16,28,13,17,11,16,12,9,30,9,15,15,17,16,15,30,17,13,10,18,13,24,6,13,11,14,14,9,14,16,6,12,12,4,13,11,15,0,21,15,16,1,16,11,9,19,12,20,11,16,15,1,13,18,13,0,13,24
FOODS_1_018,FOODS_1,21,26,19,11,9,6,5,19,28,4,8,4,10,9,37,12,17,14,17,17,18,28,29,17,15,18,16,25,22,23,19,6,9,7,9,13,17,13,17,12,23,10,21,16,4,6,3,13,8,9,6,7,1,20,13,21,24,12,11,20,12,10,9,19,6,10,4,3,5,5,21,19,34,16,8,29,11,20,24,20,13,5,13,14,18,12,13,13,3,10,3,10,11,13,7,10,16,12,30,18
FOODS_3_263,FOODS_3,18,20,12,13,35,15,18,18,26,8,1,11,6,9,25,18,14,8,14,16,21,15,18,10,21,22,14,9,21,22,17,18,10,16,17,26,13,12,10,18,10,9,29,14,16,11,13,20,12,27,16,19,30,13,18,28,14,14,15,21,22,6,24,6,20,26,11,20,12,17,26,22,14,12,13,7,10,20,15,18,13,14,14,14,16,20,27,12,14,5,29,18,11,12,21,11,15,21,17,19
FOODS_2_371,FOODS_2,11,7,6,6,5,7,5,10,9,6,7,1,12,6,4,10,8,3,7,8,6,4,14,5,7,4,7,7,10,10,8,4,5,5,8,8,10,7,5,7,3,4,8,4,6,6,3,2,3,4,16,7,6,4,8,8,15,3,8,9,7,8,3,4,6,9,1,4,4,4,9,11,7,5,5,8,4,2,6,5,3,12,4,5,10,9,4,5,11,6,2,9,12,4,6,5,1,4,6,8
FOODS_3_668,FOODS_3,8,3,6,6,4,7,8,7,7,7,7,6,6,5,7,5,8,9,5,12,7,10,7,9,6,6,2,10,6,4,5,6,6,3,7,4,7,8,9,7,9,8,13,8,3,3,4,4,6,11,7,11,9,8,4,4,5,2,19,6,5,3,7,9,6,9,10,7,5,10,10,4,10,5,9,9,9,2,6,9,12,13,3,3,9,6,8,14,7,2,5,8,6,6,9,13,4,3,13,6
FOODS_3_351,FOODS_3,15,5,3,14,1,4,6,3,16,1,4,5,12,9,4,9,4,5,14,6,7,12,20,11,16,3,6,4,4,8,12,12,4,7,9,4,6,14,5,12,4,12,5,10,2,4,2,20,7,9,11,8,13,3,13,9,11,11,5,13,8,1,1,6,18,11,8,9,2,5,7,13,10,15,1,5,3,7,11,13,15,9,4,8,7,10,4,5,4,6,2,6,8,2,2,1,9,1,1,9
FOODS_3_594,FOODS_3,2,1,0,0,0,0,1,0,0,0,0,0,0,1,5,10,5,2,3,4,0,1,0,6,0,9,4,0,2,7,4,2,1,2,4,8,4,8,0,2,7,1,6,2,3,3,3,0,0,0,0,0,0,0,0,0,0,0,0,0,0,0,0,0,0,0,0,0,0,0,0,0,0,0,0,0,0,0,0,0,0,0,0,0,1,0,0,0,0,0,0,0,0,0,0,0,0,0,0,0
FOODS_3_816,FOODS_3,0,0,0,0,0,0,0,0,0,0,0,11,2,0,4,6,4,2,26,3,0,2,16,1,0,1,1,0,4,2,7,0,0,1,9,0,6,0,6,6,3,1,14,0,0,44,1,50,4,2,3,11,2,5,2,12,6,5,1,11,0,0,2,6,3,1,6,2,6,1,2,3,4,0,2,0,2,8,0,8,5,19,2,1,0,13,6,4,0,0,13,1,0,0,6,5,0,26,1,2
FOODS_3_503,FOODS_3,10,10,11,6,9,6,12,20,13,13,4,9,11,16,12,11,10,12,4,15,6,21,5,9,8,10,11,8,9,12,11,7,4,14,8,14,13,17,1,7,12,9,7,16,10,8,6,7,13,10,18,5,10,10,9,7,0,15,12,22,1,2,10,4,0,10,13,10,15,12,12,16,8,7,7,5,7,12,11,9,5,5,8,13,2,9,14,5,3,6,5,5,8,1,5,5,3,1,3,4
FOODS_3_757,FOODS_3,0,0,1,1,1,2,0,3,1,1,0,0,0,10,2,1,0,0,0,0,2,2,1,0,1,0,0,0,0,0,0,0,0,4,5,7,10,14,4,14,4,7,0,0,0,0,9,7,4,4,0,9,7,15,11,0,6,16,17,6,10,10,14,12,19,11,9,7,8,11,10,15,7,7,10,8,8,16,9,10,6,6,6,10,13,4,14,18,9,13,8,15,17,6,15,8,18,12,12,10
FOODS_1_170,FOODS_1,13,9,6,12,7,9,15,15,8,8,5,13,8,14,10,12,9,11,8,17,11,10,9,12,5,12,7,11,3,15,14,11,5,13,16,16,15,23,15,24,6,6,10,10,9,10,11,4,12,10,5,11,14,7,10,6,6,7,10,10,6,4,5,11,8,18,15,0,10,13,7,10,13,12,14,7,11,15,6,17,6,8,14,16,5,6,10,1,16,15,10,9,16,10,16,14,10,16,3,12
FOODS_3_695,FOODS_3,11,6,17,8,4,3,9,14,6,10,6,4,12,13,6,14,5,11,9,5,9,10,10,12,3,3,8,13,11,1,0,6,9,7,2,7,15,2,3,6,7,6,6,13,6,7,9,4,4,14,12,9,11,20,12,16,18,7,7,11,13,7,8,9,19,14,9,7,7,8,11,10,10,7,5,6,6,19,10,14,6,5,8,13,13,7,10,8,2,9,2,16,18,10,7,4,13,7,12,14
FOODS_3_787,FOODS_3,2,0,2,4,1,0,0,3,1,3,1,2,0,1,2,1,3,2,2,3,1,4,2,3,2,3,0,3,1,2,5,0,0,4,0,1,2,3,0,3,2,4,2,7,0,0,2,0,3,2,3,0,3,0,5,1,4,3,2,2,0,1,1,4,3,1,1,1,0,0,1,4,0,0,3,3,0,2,2,1,2,1,0,2,2,1,2,1,6,1,3,0,6,4,0,4,2,0,3,2
FOODS_3_449,FOODS_3,0,0,0,0,0,0,0,0,0,0,0,5,5,5,6,7,9,3,3,3,3,7,3,6,6,6,5,6,4,4,5,4,2,6,4,3,7,9,7,6,7,2,8,5,14,4,6,13,10,31,22,22,6,20,18,17,10,14,12,22,9,4,7,29,15,8,11,11,7,3,10,8,3,5,9,3,6,6,5,16,5,11,3,3,10,11,2,7,7,10,4,5,6,7,5,10,10,7,9,9
FOODS_3_526,FOODS_3,7,4,3,4,12,4,2,7,6,4,4,3,3,9,15,0,9,3,6,3,3,4,4,7,2,0,3,2,1,3,0,5,2,1,0,0,7,8,5,12,13,10,10,8,3,21,7,7,11,5,6,4,7,2,3,4,8,8,6,5,3,5,4,11,16,4,7,6,2,3,0,3,4,3,1,0,0,0,0,0,0,0,0,0,0,0,0,0,0,0,1,0,3,3,0,1,0,0,0,4
FOODS_3_473,FOODS_3,5,8,6,2,4,7,6,7,7,2,3,3,5,6,10,5,7,8,4,8,10,5,10,2,6,5,4,6,5,7,8,4,0,8,2,4,12,1,9,4,10,12,5,7,10,2,4,6,0,6,9,3,7,5,3,6,5,6,9,7,7,4,6,8,4,12,5,6,2,1,8,9,7,2,7,3,6,6,10,8,8,5,4,7,11,7,6,3,8,3,6,4,14,7,4,4,5,4,9,6
FOODS_1_110,FOODS_1,0,0,0,0,0,0,0,1,0,0,0,0,0,0,0,1,0,0,0,0,0,0,0,0,0,0,0,0,0,0,0,0,0,0,0,1,0,0,0,0,0,0,0,0,0,0,0,0,0,0,0,0,0,0,0,0,0,0,0,0,0,0,3,0,0,0,0,2,0,2,0,0,0,0,19,15,10,19,18,16,17,36,8,9,26,24,12,8,11,6,21,24,18,6,12,12,12,5,26,17
FOODS_3_789,FOODS_3,1,0,1,0,0,10,3,0,0,0,0,9,0,6,18,12,17,7,18,11,11,16,22,22,14,11,8,10,13,16,13,19,8,2,10,17,22,9,11,6,8,18,19,20,9,8,9,14,10,15,19,12,13,9,14,8,10,13,7,16,12,10,3,25,14,10,11,9,15,12,7,10,9,19,11,13,6,12,14,13,12,10,14,9,21,12,9,7,16,19,6,10,15,16,18,13,12,11,12,22
FOODS_2_325,FOODS_2,2,6,8,6,2,4,6,3,6,7,5,10,5,8,9,7,6,5,10,4,6,8,17,3,12,0,4,3,10,12,11,6,5,2,10,13,4,2,1,5,3,14,9,4,1,6,4,5,4,3,17,10,6,5,9,6,3,3,8,4,3,6,4,10,1,1,5,5,1,5,4,7,1,12,6,2,8,9,12,4,1,7,2,11,10,2,1,4,5,11,4,6,3,7,6,1,11,1,3,3
FOODS_3_413,FOODS_3,7,4,12,5,7,8,9,12,10,5,6,4,11,9,8,7,7,9,17,6,13,1,7,5,0,7,9,9,9,1,8,4,8,6,7,3,11,9,9,9,6,11,2,9,7,3,3,6,4,19,9,0,0,13,7,7,7,10,2,5,5,8,4,7,9,8,3,4,7,5,11,7,10,7,6,0,5,5,7,12,6,2,5,6,10,3,9,2,10,4,0,1,8,4,5,8,5,5,4,4
FOODS_3_446,FOODS_3,1,11,6,8,8,1,8,9,0,6,7,5,0,3,3,12,14,2,12,3,0,8,6,11,9,0,0,4,10,9,10,1,0,8,6,8,13,0,0,5,5,10,4,2,0,3,7,7,8,6,4,6,0,6,10,8,5,5,2,10,6,4,8,3,12,6,0,7,6,11,9,1,1,0,5,2,8,10,8,0,0,9,8,5,4,6,2,10,7,4,3,7,18,2,0,1,10,3,10,6
FOODS_3_468,FOODS_3,0,9,9,5,1,3,3,9,5,10,5,1,1,2,3,6,5,4,4,4,2,6,3,2,0,5,4,3,3,13,3,0,5,5,2,1,7,4,6,1,1,5,2,6,7,4,4,5,3,4,5,3,8,3,5,3,4,6,3,3,4,6,6,5,6,3,4,6,0,13,4,1,10,6,5,8,4,0,4,4,7,2,3,5,5,4,3,5,5,4,3,8,10,4,4,3,1,4,5,6
FOODS_3_070,FOODS_3,11,11,14,4,5,3,2,5,13,4,7,9,6,6,0,2,0,13,3,9,1,8,7,2,19,3,23,1,49,6,3,8,2,0,1,0,2,4,6,4,6,6,4,0,0,6,2,1,2,0,4,13,4,17,6,17,4,10,4,4,2,14,3,0,0,4,1,2,0,3,3,5,21,0,0,13,1,10,1,16,4,3,0,0,15,0,2,0,0,0,5,2,12,0,2,5,2,21,1,14
FOODS_3_113,FOODS_3,8,7,0,3,5,0,5,6,10,9,5,0,4,4,0,9,5,1,5,8,2,6,5,3,7,4,0,2,3,6,9,2,0,0,0,11,4,0,0,0,4,2,3,8,4,5,0,9,2,9,5,3,2,0,5,6,0,8,16,1,4,5,7,6,6,2,6,5,3,8,4,2,4,5,1,11,1,10,2,3,2,5,6,0,7,5,6,2,0,6,0,1,7,3,4,1,2,5,1,2
FOODS_3_124,FOODS_3,7,9,3,5,3,3,2,3,5,6,6,6,4,3,8,11,8,7,6,5,3,5,6,2,6,4,5,3,8,5,2,3,5,7,5,0,0,7,4,5,2,2,6,12,2,3,2,5,5,1,5,5,6,4,3,0,6,6,3,3,1,5,2,6,9,11,7,5,2,2,7,13,5,4,4,5,4,7,9,6,6,5,2,13,10,11,10,12,6,0,5,14,14,6,7,7,10,3,3,5
FOODS_3_030,FOODS_3,22,13,10,9,8,2,7,8,16,7,5,8,8,18,11,9,10,4,5,13,10,12,17,8,5,5,7,3,9,7,5,6,5,4,5,9,10,8,6,4,13,9,12,13,5,9,5,6,7,10,11,7,13,5,8,3,8,9,2,8,4,4,3,10,6,6,5,5,6,4,6,3,7,4,2,4,5,8,10,8,10,3,7,2,8,3,6,10,10,11,7,6,13,7,6,8,4,11,11,6
FOODS_3_572,FOODS_3,16,21,13,10,18,11,9,16,17,14,16,27,10,12,13,14,10,10,12,13,8,6,17,19,13,9,20,12,6,14,14,12,10,10,18,5,20,9,10,11,10,12,19,17,9,5,7,9,18,5,12,22,16,15,13,19,19,18,14,18,17,11,12,18,15,19,6,12,16,10,14,17,11,13,15,11,19,7,7,16,8,11,14,11,13,11,18,10,16,8,10,8,17,7,23,12,12,7,15,14
FOODS_1_184,FOODS_1,7,18,0,1,0,0,2,3,5,3,4,6,3,6,13,2,10,6,2,1,16,2,25,0,6,6,4,9,6,7,0,1,5,2,1,5,2,5,6,0,0,4,1,3,3,1,4,1,2,3,4,5,0,3,2,4,1,2,5,3,4,3,4,0,0,0,1,1,1,2,1,3,0,0,1,2,2,0,1,2,3,4,4,5,3,2,2,0,2,0,2,1,5,9,7,0,0,0,1,0
FOODS_1_173,FOODS_1,33,7,26,0,9,3,0,9,1,2,7,14,15,8,3,5,6,23,5,7,5,2,2,2,2,8,6,12,13,11,11,8,5,5,9,5,2,0,9,12,12,6,14,44,1,11,6,1,8,1,1,14,8,5,5,8,14,9,17,3,5,15,19,13,12,5,1,0,12,5,14,4,12,6,5,4,2,5,11,2,14,9,5,10,4,10,9,2,3,4,7,7,1,12,5,4,11,1,14,17
FOODS_3_469,FOODS_3,7,4,10,4,0,7,2,8,6,8,3,6,5,3,13,10,8,6,4,13,2,5,13,4,8,4,4,6,6,5,4,5,3,14,2,12,11,9,6,5,4,7,7,15,6,8,1,8,5,10,7,5,6,3,5,6,9,10,4,5,6,10,5,7,10,9,6,3,11,1,6,12,12,6,2,5,9,4,9,5,5,7,8,7,6,12,8,5,7,0,0,7,11,8,4,2,6,7,8,6
FOODS_3_219,FOODS_3,4,7,6,6,11,8,15,4,8,8,7,14,4,10,3,21,10,3,5,7,25,7,5,7,9,4,2,8,1,18,5,2,7,1,4,7,9,4,17,0,3,8,10,6,2,1,1,7,6,9,7,1,9,2,6,5,20,4,7,7,1,3,5,7,4,13,1,10,7,5,1,4,5,1,22,5,6,3,9,4,1,6,2,7,16,5,15,4,2,0,6,8,12,7,5,12,1,1,2,5
FOODS_3_476,FOODS_3,5,3,5,5,4,2,6,6,4,2,0,2,5,5,0,8,4,6,8,4,4,5,7,6,5,7,4,5,3,5,3,5,6,5,4,4,6,3,4,2,3,1,2,11,5,2,3,1,2,4,8,4,6,7,2,1,5,5,2,7,3,3,3,7,5,2,2,4,2,2,3,7,4,3,3,2,1,2,5,5,3,2,5,4,4,5,5,3,3,4,3,2,5,0,0,0,0,0,0,0
FOODS_3_738,FOODS_3,6,6,0,9,4,1,3,5,9,5,4,6,0,2,5,7,0,6,1,0,5,7,6,6,2,1,6,1,7,4,7,9,4,1,7,13,4,8,1,2,10,1,6,7,6,1,3,2,0,3,4,5,3,3,5,3,1,1,3,12,3,4,0,5,2,1,3,6,1,6,4,4,6,5,4,18,4,1,4,0,4,7,0,7,2,4,2,5,4,2,4,0,10,1,3,3,4,1,4,2
FOODS_3_792,FOODS_3,3,2,3,0,7,2,2,3,3,2,3,0,2,1,7,7,3,1,4,2,4,6,3,6,2,0,0,0,5,2,4,4,3,2,3,3,3,3,1,3,1,2,2,5,2,2,4,1,4,2,3,4,15,0,0,1,1,6,3,3,1,3,6,7,2,1,5,3,5,10,3,0,5,2,3,1,11,2,3,1,7,3,3,1,2,2,1,3,1,4,1,9,4,0,0,0,4,1,4,4
FOODS_2_293,FOODS_2,6,6,4,7,11,4,4,8,11,8,1,1,2,2,4,3,5,9,3,0,6,7,11,0,3,3,8,4,10,7,8,3,6,7,5,8,0,4,2,13,3,3,5,4,5,5,2,5,7,9,8,6,4,4,5,7,12,6,0,6,4,2,3,6,3,5,7,5,2,3,8,6,5,4,6,9,3,7,7,3,8,4,9,7,0,11,6,10,4,9,3,5,8,6,2,3,6,2,4,6
FOODS_1_032,FOODS_1,25,20,30,12,6,2,14,13,12,4,0,0,0,6,3,4,2,7,0,4,0,3,4,4,6,2,5,3,4,11,5,9,10,16,8,26,17,20,8,9,9,19,30,17,4,11,10,8,7,7,7,5,8,11,16,9,18,15,5,11,4,3,7,3,2,3,9,8,3,0,5,1,2,11,2,0,1,0,0,15,8,4,6,10,3,3,11,3,7,13,15,14,10,3,1,10,10,20,18,12
FOODS_3_444,FOODS_3,0,0,0,0,0,0,0,0,0,0,0,0,0,0,0,0,0,0,0,0,0,0,0,0,0,0,0,0,0,0,0,0,0,0,0,0,0,0,0,0,0,0,0,0,0,0,0,0,0,0,0,0,0,0,0,0,0,0,0,0,0,0,0,0,0,0,0,0,0,0,0,0,0,0,0,0,0,0,0,0,0,10,13,10,12,19,14,16,16,15,12,11,26,14,10,11,13,12,17,30
FOODS_3_688,FOODS_3,6,7,1,2,5,2,2,7,6,5,2,4,1,4,1,5,4,4,4,5,5,2,2,3,6,2,6,1,10,4,3,2,3,5,3,3,5,6,5,2,4,5,6,8,0,4,1,4,11,20,21,6,0,3,7,12,9,16,13,2,3,2,7,1,6,0,6,1,0,4,10,2,2,1,4,2,3,2,6,3,6,2,2,2,9,3,2,4,6,5,8,4,8,7,3,2,5,5,6,7
FOODS_3_511,FOODS_3,12,15,12,10,8,11,7,10,16,20,9,7,7,9,14,15,9,10,8,9,8,15,14,13,8,6,8,7,14,17,16,7,7,7,5,15,12,13,12,6,10,18,13,12,8,14,10,8,12,14,14,8,14,4,9,5,8,16,6,8,10,13,5,7,21,7,6,8,8,16,14,16,9,8,5,1,14,12,14,10,9,6,10,6,10,11,15,10,9,11,13,13,13,10,5,7,5,16,19,19
FOODS_3_116,FOODS_3,6,0,0,0,7,2,4,4,0,0,0,0,8,3,6,10,3,2,0,1,6,6,5,0,0,0,0,5,3,4,5,0,2,11,1,3,0,3,9,1,0,19,2,0,0,0,4,10,2,1,0,4,7,7,5,3,6,3,4,4,4,6,8,1,7,0,2,4,6,5,7,3,5,3,4,3,3,3,9,12,0,0,1,11,5,0,7,6,4,3,10,4,10,5,2,0,5,5,6,10
FOODS_1_046,FOODS_1,6,4,13,5,1,7,13,14,4,1,8,5,8,5,24,6,5,3,2,2,3,12,3,10,8,10,3,13,8,8,8,6,3,5,0,5,2,1,4,1,1,2,8,3,0,1,0,1,2,2,4,2,7,5,3,5,5,1,4,1,3,0,2,0,1,2,3,6,4,9,11,2,15,5,5,6,4,7,6,2,5,2,2,2,6,3,5,1,1,1,1,2,1,4,1,1,2,3,6,3
FOODS_2_016,FOODS_2,3,1,13,11,16,4,1,2,12,10,4,4,12,9,9,1,1,4,1,0,3,3,10,3,10,8,1,3,6,0,15,4,0,0,0,0,2,8,0,26,2,0,9,1,23,0,3,2,1,6,11,3,2,1,1,3,15,10,0,8,6,5,0,0,6,12,4,20,1,0,6,14,9,4,1,6,0,5,15,1,11,2,0,0,0,11,14,4,6,4,2,4,3,0,0,2,7,6,1,1
FOODS_3_574,FOODS_3,5,4,7,4,5,5,2,6,7,3,0,3,4,3,3,2,7,5,4,2,5,7,8,2,2,5,5,4,6,7,1,4,5,7,6,4,4,7,9,2,3,5,9,8,5,4,3,6,7,8,8,3,8,7,6,5,5,6,4,8,4,4,6,9,7,4,2,4,2,2,3,4,3,1,2,1,1,5,6,4,2,4,4,4,2,6,5,2,5,1,3,8,5,1,0,0,0,2,0,0
FOODS_1_067,FOODS_1,2,0,5,11,10,2,0,12,0,6,11,1,2,24,3,0,6,4,0,23,3,5,10,6,3,1,18,8,7,5,8,1,0,12,3,7,4,9,4,9,6,15,12,3,0,0,0,4,22,9,6,1,3,1,6,1,2,16,3,5,0,8,5,4,7,5,8,1,6,5,4,12,13,5,10,12,1,0,6,5,5,4,1,3,6,6,5,2,3,15,1,8,10,1,4,2,11,14,2,8
FOODS_1_055,FOODS_1,65,74,2,15,10,4,5,12,6,10,7,25,2,11,6,9,8,8,9,3,6,8,13,5,10,12,7,6,9,16,4,4,5,4,8,4,10,6,4,8,13,6,8,10,3,8,5,5,3,6,9,4,4,4,6,12,19,19,18,3,4,3,12,7,13,14,4,3,7,10,8,13,4,9,12,10,9,0,23,14,16,22,22,15,24,25,14,30,5,4,5,3,13,4,10,5,5,5,15,5
FOODS_3_305,FOODS_3,0,0,0,0,0,0,0,0,0,0,0,0,0,0,0,0,0,0,0,0,1,3,4,0,0,0,0,3,4,4,3,5,8,2,3,4,11,2,6,6,2,0,8,6,8,7,6,8,7,4,7,5,1,2,7,4,8,5,9,6,1,7,8,1,10,6,3,2,7,5,13,1,6,10,1,2,5,6,4,4,3,4,3,8,3,3,4,4,3,3,1,5,4,4,4,0,7,5,4,5
FOODS_3_258,FOODS_3,1,5,6,1,3,5,6,4,4,1,7,2,0,4,3,12,5,0,0,3,7,2,0,12,0,0,0,7,4,1,0,11,1,0,0,3,2,7,0,0,3,4,6,5,2,6,4,5,4,9,5,9,3,6,3,3,5,5,11,4,5,4,5,4,9,4,8,2,9,5,7,5,6,7,10,7,5,3,6,6,5,4,3,4,4,6,11,3,2,5,5,3,3,9,6,4,7,4,8,5
FOODS_2_204,FOODS_2,7,6,9,16,5,7,12,5,9,4,14,11,6,4,14,6,11,10,6,6,10,8,0,7,12,4,0,0,5,16,3,0,0,0,9,3,3,0,6,6,6,4,17,8,0,7,6,5,3,12,0,12,0,0,8,2,0,0,8,3,0,0,12,3,9,0,0,0,3,16,9,12,7,13,14,3,5,6,9,9,8,8,19,15,11,1,0,17,14,0,15,7,12,7,6,10,5,14,5,12
FOODS_3_342,FOODS_3,10,7,8,10,5,6,6,14,11,9,2,4,8,8,8,8,5,7,2,7,10,10,9,3,8,9,9,6,8,8,5,5,6,4,10,12,4,6,10,7,10,11,15,17,7,7,1,10,7,23,9,5,9,3,6,7,18,6,10,3,3,4,4,6,11,1,11,5,5,8,15,11,5,10,4,2,13,7,8,2,4,3,6,7,13,12,5,10,3,2,5,10,7,0,2,6,3,5,7,4
FOODS_3_020,FOODS_3,14,15,3,9,11,2,15,12,11,4,14,16,6,11,7,0,20,8,8,7,0,9,16,13,14,1,7,2,14,7,3,0,14,5,19,12,11,24,6,14,9,5,6,10,11,11,5,3,8,8,6,20,6,10,5,3,22,0,12,9,22,7,4,10,12,0,16,13,13,22,17,5,11,8,7,3,9,8,7,12,16,18,7,12,5,0,5,10,13,5,6,0,1,2,2,7,13,5,4,4
FOODS_3_363,FOODS_3,2,1,1,0,4,7,8,10,7,3,4,0,11,5,1,1,1,9,4,4,1,12,8,4,4,5,5,24,2,1,0,1,9,3,1,13,1,3,1,9,5,14,12,5,5,4,6,5,4,17,2,4,1,4,3,19,2,8,2,4,3,11,9,11,3,3,5,2,2,7,7,4,25,0,8,1,2,13,10,5,1,6,5,8,11,4,10,10,0,0,6,6,7,3,5,7,6,9,6,8
FOODS_3_546,FOODS_3,2,3,5,4,3,3,4,4,3,6,0,4,5,4,4,4,5,3,3,4,5,5,5,2,4,2,5,3,2,6,3,3,1,5,3,5,5,6,2,5,3,6,3,7,1,4,1,6,2,4,7,6,4,4,4,0,4,6,7,7,4,4,7,7,9,2,3,1,4,2,4,5,3,2,1,3,1,4,0,4,3,5,3,2,1,4,5,3,2,4,0,5,4,0,0,0,0,0,0,0
FOODS_3_704,FOODS_3,9,3,6,5,2,4,2,7,3,7,3,0,3,3,4,5,5,1,3,2,4,3,5,3,5,1,2,3,3,0,3,1,1,4,2,2,5,0,5,2,5,5,4,4,2,0,0,2,3,3,2,1,1,5,2,3,7,5,0,4,4,4,4,8,4,3,3,5,5,2,4,4,7,4,6,2,1,4,14,1,4,1,2,2,1,4,3,1,6,1,1,3,4,4,2,1,2,4,3,4
FOODS_1_085,FOODS_1,20,8,8,8,7,12,6,9,13,13,7,7,19,18,25,22,8,6,4,4,6,7,5,10,19,10,8,11,7,7,16,5,3,8,9,7,7,7,6,4,6,13,10,13,3,2,5,4,4,4,6,0,1,6,7,2,7,2,9,10,3,4,2,9,6,3,1,4,3,8,13,4,11,11,10,9,5,11,9,3,19,5,0,10,14,7,5,6,5,5,5,6,1,6,11,2,11,8,12,14
FOODS_3_231,FOODS_3,7,8,6,4,1,6,3,3,9,7,9,3,5,5,9,19,6,8,8,3,5,6,3,3,7,4,4,5,3,3,5,3,2,3,4,5,3,6,4,2,1,2,7,10,2,7,8,2,3,2,10,8,9,6,5,1,4,12,6,1,5,5,3,4,13,7,10,7,4,2,9,6,8,5,3,6,5,9,9,7,7,5,4,13,9,14,9,9,3,12,7,17,14,10,7,6,5,1,8,11
FOODS_3_136,FOODS_3,5,8,5,6,3,3,3,5,7,3,2,8,4,3,8,2,3,2,1,1,2,5,3,2,6,1,4,6,10,6,5,5,3,2,3,3,4,4,6,3,6,4,7,15,7,4,3,3,3,7,7,0,10,4,6,3,4,9,3,7,4,4,5,8,6,4,4,10,9,4,9,7,8,3,4,7,3,5,6,10,4,6,5,5,6,5,5,6,8,5,2,6,2,8,7,3,3,4,8,7
FOODS_1_217,FOODS_1,25,7,3,15,11,8,5,24,18,11,9,13,12,11,13,8,9,3,8,10,4,24,7,12,6,7,6,4,13,1,5,6,10,7,2,13,12,7,10,11,12,14,25,9,7,13,6,1,8,7,12,13,6,11,5,5,11,16,10,7,5,2,19,10,4,0,3,9,3,4,2,6,5,18,7,4,7,3,8,10,6,8,6,5,2,13,10,1,5,3,3,28,13,1,0,0,0,1,12,10
FOODS_2_013,FOODS_2,2,7,2,2,3,3,2,4,3,1,0,2,1,5,3,7,5,3,4,2,4,8,3,4,5,4,4,4,2,5,4,0,3,2,2,3,10,1,5,1,0,3,2,2,0,1,2,1,6,2,7,2,5,4,6,2,5,4,10,2,4,0,4,3,3,4,0,0,2,3,0,1,1,2,4,3,2,6,2,8,3,7,5,4,5,4,6,7,2,4,5,3,8,1,2,4,2,2,2,2
FOODS_1_012,FOODS_1,3,7,3,12,9,9,13,1,6,20,11,8,7,8,13,7,5,6,7,13,5,4,3,0,0,0,0,0,0,0,2,6,4,8,0,0,0,0,0,0,14,1,6,0,0,0,0,5,5,0,0,0,0,0,0,0,1,8,2,4,5,0,0,0,0,0,0,0,0,0,0,0,0,0,0,0,0,0,0,0,0,0,0,0,0,0,0,0,0,0,0,0,0,0,0,0,0,0,0,0
FOODS_1_162,FOODS_1,4,2,1,2,4,2,3,4,15,3,6,11,6,8,8,1,3,7,4,2,1,8,0,5,13,5,3,0,0,0,8,1,6,2,4,5,4,2,5,10,2,7,14,13,3,7,3,8,5,4,4,18,5,1,5,4,3,9,11,5,4,4,5,1,0,3,4,5,7,11,15,11,6,6,5,8,4,4,3,10,8,24,9,10,10,13,9,2,1,0,13,4,3,7,11,0,2,3,9,15
FOODS_2_241,FOODS_2,10,9,17,13,15,12,9,10,14,11,5,5,5,9,9,8,9,16,10,6,9,9,20,0,17,12,12,7,12,10,12,7,7,3,4,11,17,13,12,11,12,10,11,5,7,14,5,9,10,13,19,13,14,8,5,10,10,16,11,11,8,7,9,6,10,12,3,4,8,6,9,14,6,8,9,4,5,12,12,13,6,9,13,6,11,6,9,16,5,5,8,7,8,6,6,7,9,7,7,7
FOODS_3_407,FOODS_3,8,4,5,3,4,3,9,4,5,2,4,5,4,7,5,7,2,3,5,3,2,6,8,5,3,4,3,4,3,5,0,3,4,3,2,3,9,6,6,4,3,5,8,3,5,1,2,6,3,10,2,6,6,3,4,4,4,5,3,3,6,3,2,1,7,4,3,1,3,2,5,2,3,3,1,1,3,8,3,1,2,4,1,4,6,5,1,2,4,5,3,2,3,7,6,3,4,2,0,9
FOODS_2_315,FOODS_2,4,16,1,6,5,8,6,4,4,6,4,6,2,1,17,5,3,2,16,1,2,4,16,3,3,7,8,2,13,9,8,6,6,0,4,6,3,2,4,5,6,1,0,3,3,8,7,6,0,10,10,7,3,6,2,2,10,4,2,4,6,11,1,1,10,3,4,3,5,10,4,0,11,7,7,5,9,6,6,6,0,4,0,6,1,1,9,11,3,3,4,11,5,6,3,7,6,3,4,4
FOODS_3_283,FOODS_3,4,8,9,5,4,3,11,7,7,20,6,9,3,3,13,7,9,15,1,0,0,11,5,8,4,5,4,9,5,9,3,0,4,5,6,8,2,7,21,5,10,6,5,13,3,3,6,5,2,10,7,4,2,5,5,9,5,7,4,6,3,3,1,1,0,15,6,5,5,3,8,3,1,1,3,3,4,5,1,2,1,5,1,3,6,1,1,1,2,2,1,1,1,4,1,2,1,0,5,0
FOODS_1_058,FOODS_1,0,0,0,0,0,0,0,0,0,0,0,0,0,0,0,0,0,0,0,0,0,0,0,0,0,0,0,0,0,0,0,0,0,0,0,0,0,0,0,0,0,0,0,0,0,0,0,0,0,0,0,0,0,0,0,0,0,0,0,0,0,0,0,0,0,0,0,0,0,0,0,0,0,0,0,9,5,3,3,24,12,21,7,20,15,0,17,7,4,6,10,6,0,0,2,4,1,4,1,6
FOODS_3_822,FOODS_3,7,6,3,3,2,1,2,3,7,5,1,9,1,5,5,4,2,3,5,2,1,2,6,4,3,4,2,0,7,6,1,4,3,4,3,4,3,0,3,4,3,5,9,8,0,4,3,4,3,7,7,4,6,2,3,10,6,5,2,2,8,2,5,5,16,1,4,4,5,5,6,6,9,5,5,7,7,7,11,2,7,4,3,7,4,3,3,7,4,6,5,4,2,1,3,2,5,7,6,6
FOODS_3_664,FOODS_3,4,1,1,2,2,1,0,3,2,3,1,2,0,0,3,1,0,0,4,1,2,1,4,3,4,4,1,0,2,5,0,2,0,1,5,4,0,0,2,6,0,0,1,3,0,1,0,4,2,0,7,4,2,1,2,0,1,3,2,1,1,4,0,0,3,2,1,0,7,0,3,0,4,0,1,1,2,1,2,2,3,28,21,16,13,10,14,8,16,8,11,26,14,12,24,11,25,1,9,3
FOODS_3_304,FOODS_3,5,5,5,9,4,7,3,12,4,0,8,2,2,3,6,7,4,9,4,16,3,4,2,3,0,4,2,3,4,2,2,15,1,9,1,0,1,0,0,15,5,3,12,0,0,3,2,3,2,1,2,12,3,1,0,0,2,3,5,2,3,16,2,3,6,2,3,1,13,3,1,0,2,5,4,12,2,4,4,7,5,3,10,4,1,2,6,12,1,2,6,2,5,5,4,1,2,3,1,6
FOODS_3_324,FOODS_3,0,3,0,3,12,0,0,0,1,3,0,0,0,1,0,0,0,0,2,1,16,6,1,0,0,0,0,0,0,0,0,0,0,0,0,10,0,0,2,0,1,0,0,0,0,0,0,13,0,0,2,0,0,6,0,0,0,0,0,0,4,0,0,0,0,0,0,10,10,6,11,6,7,1,3,17,14,14,16,7,4,12,8,4,6,8,5,9,15,2,2,7,5,16,5,16,7,8,9,19
FOODS_3_259,FOODS_3,6,3,2,4,5,11,3,8,2,3,8,4,6,3,5,3,1,9,8,8,2,11,1,3,8,5,5,1,7,13,7,6,4,5,7,4,7,8,10,10,1,3,5,5,5,7,7,6,5,5,6,9,12,2,6,2,8,8,11,9,2,7,2,11,6,4,9,2,8,2,4,4,4,4,3,5,3,3,5,5,6,2,8,2,3,7,6,5,4,3,6,3,7,5,3,6,2,5,7,2
FOODS_3_285,FOODS_3,3,1,6,9,5,7,13,4,7,5,4,4,9,8,3,4,6,7,4,1,2,11,0,1,7,4,1,4,0,7,2,5,4,7,15,2,5,2,3,8,3,8,2,8,3,6,8,3,6,11,4,1,1,6,7,6,5,0,0,1,7,2,9,8,4,3,10,4,3,4,3,10,3,0,2,10,2,2,8,6,1,6,3,2,6,1,1,4,3,1,5,2,8,4,4,10,11,2,6,1
FOODS_3_800,FOODS_3,4,2,4,2,2,2,3,2,6,3,2,2,2,5,1,1,7,3,5,0,1,2,5,5,2,2,0,4,3,4,3,2,0,0,4,8,4,0,1,2,3,3,6,1,4,3,3,6,5,3,4,6,1,2,3,1,5,3,4,4,1,4,0,1,4,1,2,3,2,1,5,3,3,1,0,2,2,3,4,2,4,2,0,1,0,4,7,1,5,3,3,5,4,1,4,2,7,2,1,2
FOODS_3_772,FOODS_3,6,2,9,6,5,5,6,5,10,4,5,3,4,4,10,23,10,4,9,8,3,2,11,9,17,6,3,7,5,13,8,4,8,4,2,6,11,10,3,5,6,5,4,5,5,7,7,8,2,4,8,9,10,10,8,4,8,6,5,8,3,5,5,9,14,10,13,10,14,4,10,11,19,6,1,3,5,6,8,10,5,9,7,13,6,13,12,11,11,14,12,21,21,13,3,7,9,8,19,10
FOODS_2_222,FOODS_2,5,1,4,11,9,4,16,5,2,5,7,4,7,1,6,12,2,5,5,10,8,2,10,13,5,5,13,6,5,6,8,9,5,0,6,4,10,7,6,2,1,8,6,7,7,5,5,4,1,4,14,4,3,2,10,5,7,5,6,6,0,0,0,6,5,2,3,5,7,2,0,9,1,7,3,0,4,1,8,4,11,9,7,5,5,10,10,5,3,4,13,7,8,3,6,5,8,0,10,8
FOODS_2_380,FOODS_2,3,4,6,4,3,7,3,5,3,10,0,7,2,4,3,5,5,7,9,10,4,3,6,5,3,10,8,2,7,5,5,6,8,2,3,5,5,7,3,4,0,2,5,7,2,3,4,5,7,8,2,11,6,4,2,5,11,11,5,14,3,6,9,4,13,12,10,9,7,5,6,7,7,4,5,9,5,9,11,5,5,6,7,10,8,12,7,7,5,3,2,7,14,4,4,5,6,3,5,7
FOODS_3_441,FOODS_3,0,0,0,0,0,0,0,0,0,0,0,0,0,0,0,0,0,0,0,0,0,0,0,0,0,0,0,0,0,0,0,0,0,0,0,0,0,0,0,0,0,0,0,0,0,0,0,0,0,0,0,0,0,0,0,0,0,0,0,0,0,0,0,0,0,0,0,0,0,0,0,0,0,0,0,0,0,0,0,0,0,0,0,0,0,0,0,0,0,0,0,0,0,0,0,0,0,0,0,0
FOODS_3_054,FOODS_3,0,2,1,1,0,0,6,0,1,0,0,1,0,6,0,0,20,0,0,1,7,1,0,0,2,10,0,4,0,0,0,2,0,1,7,0,0,3,0,0,0,7,0,0,0,0,0,1,4,0,0,1,0,1,0,8,0,0,2,0,0,11,7,0,0,3,0,0,0,6,0,0,0,2,0,0,6,0,0,0,0,6,5,8,2,3,4,3,3,3,15,7,6,6,7,12,8,3,11,6
FOODS_3_148,FOODS_3,14,8,6,0,0,6,10,10,16,4,9,6,5,6,16,6,16,0,5,11,2,16,19,2,18,2,7,4,9,20,7,5,1,0,2,8,12,11,6,7,22,3,0,0,0,5,13,4,3,10,14,8,7,3,2,2,16,3,0,0,0,4,2,1,2,0,0,0,10,4,3,25,6,12,0,12,2,9,0,0,1,11,0,4,13,2,5,0,6,1,2,9,16,3,6,3,3,5,3,9
FOODS_3_346,FOODS_3,5,1,0,2,2,4,5,3,0,4,3,1,1,0,10,5,7,9,1,3,2,6,2,7,1,4,3,1,8,0,0,2,3,5,5,3,2,0,0,3,0,1,0,0,2,1,1,5,4,2,0,4,1,8,1,1,3,2,4,1,1,8,3,0,6,1,2,1,1,1,4,1,2,4,0,6,3,1,2,4,7,4,0,0,4,3,1,6,0,1,3,2,4,3,1,1,3,4,2,1
FOODS_1_019,FOODS_1,22,11,16,27,20,14,9,6,2,5,7,2,15,7,10,9,2,1,0,2,16,12,17,1,10,5,1,10,14,0,0,7,7,6,23,0,2,1,35,0,1,14,6,0,3,0,5,4,18,15,2,9,4,0,12,22,3,0,0,0,2,0,7,15,13,4,19,1,6,1,2,2,1,4,5,11,7,7,26,0,0,0,12,0,0,0,0,18,5,15,18,7,6,0,10,7,9,5,8,7
FOODS_3_753,FOODS_3,3,6,6,3,3,2,1,3,4,4,7,4,1,3,5,6,3,3,6,4,3,4,3,4,2,3,2,4,1,5,2,3,1,2,5,5,5,3,5,3,2,2,2,6,3,4,3,5,5,5,6,2,3,5,4,3,8,10,3,4,0,4,1,7,2,9,4,4,3,1,7,5,5,1,6,1,4,2,4,2,2,2,4,7,2,12,3,6,5,6,2,11,7,6,2,3,3,6,5,4
FOODS_3_118,FOODS_3,2,8,7,5,6,4,3,8,9,0,7,3,6,2,1,7,5,4,4,3,4,7,4,4,4,5,3,7,1,6,4,6,1,4,0,2,5,5,5,3,3,3,3,6,5,2,1,3,0,7,5,6,0,1,7,4,4,4,3,3,6,5,3,3,9,5,4,5,0,8,1,6,3,0,2,1,2,3,4,10,5,3,3,1,6,8,3,4,2,7,2,1,9,5,1,1,3,3,4,5
FOODS_3_339,FOODS_3,0,17,5,0,0,0,9,13,23,2,11,7,7,9,18,13,10,21,0,1,8,3,8,8,7,3,5,6,6,2,7,14,4,6,3,3,17,4,32,5,4,6,8,6,3,11,2,8,3,9,6,9,1,2,6,4,0,5,17,4,3,4,4,5,10,3,15,1,2,4,13,5,9,2,9,7,2,7,11,2,10,5,0,8,11,8,11,7,15,3,0,4,7,5,3,9,3,12,3,12
FOODS_2_029,FOODS_2,17,14,8,1,3,6,7,5,3,9,4,9,7,7,12,7,11,8,8,6,8,9,15,14,6,14,11,5,9,11,18,11,4,5,2,6,9,2,5,5,5,3,10,7,11,8,5,4,7,11,13,7,8,8,9,7,8,13,18,5,9,4,6,4,7,11,10,6,3,6,7,6,9,7,2,5,4,8,8,14,7,2,7,7,7,6,12,8,10,10,1,3,8,8,10,5,6,1,3,5
FOODS_3_477,FOODS_3,4,2,7,5,3,7,10,2,1,1,2,0,5,4,3,2,9,2,8,5,4,1,2,5,6,5,9,5,4,0,3,5,6,7,5,6,4,7,4,8,8,4,7,1,8,2,4,1,5,2,9,5,6,6,3,0,2,10,10,0,3,1,2,4,7,5,4,6,2,10,6,7,3,10,2,9,5,8,2,6,3,4,8,6,4,4,5,6,6,1,5,7,2,5,1,0,2,2,1,3
FOODS_2_240,FOODS_2,0,0,0,0,0,0,0,0,0,0,0,0,0,0,0,0,5,0,0,0,0,0,0,0,0,0,0,0,0,0,0,0,0,0,0,0,0,0,0,2,0,0,0,0,0,0,0,0,0,1,0,0,0,0,0,0,0,0,0,0,0,0,0,0,0,0,0,0,0,0,0,0,0,0,0,0,0,0,0,0,0,2,0,5,5,7,7,4,8,1,9,4,5,7,8,6,3,1,2,5
FOODS_1_161,FOODS_1,8,5,4,4,3,10,12,11,18,6,5,1,6,8,9,14,11,8,3,5,6,10,13,12,5,11,3,8,15,8,10,13,4,9,8,8,6,5,6,5,3,5,19,10,1,5,2,10,6,8,6,4,4,7,2,5,10,5,10,4,6,7,4,11,15,10,6,1,3,1,1,3,5,4,2,3,3,6,4,3,2,2,2,0,3,8,4,3,1,1,0,1,9,3,3,1,0,1,2,0
FOODS_3_299,FOODS_3,6,7,10,9,12,2,11,16,4,8,6,5,4,13,11,18,5,5,4,6,8,8,11,14,8,7,10,11,11,8,10,13,6,3,5,12,12,5,13,0,0,1,11,15,3,5,14,8,7,14,19,2,12,8,12,3,10,11,12,3,4,13,2,6,0,0,5,3,8,3,6,10,13,7,12,7,8,11,11,7,12,5,16,6,0,6,14,20,5,0,7,10,15,10,0,14,10,3,5,22
FOODS_3_801,FOODS_3,0,3,4,2,2,4,2,3,4,0,3,1,2,5,2,2,3,3,7,1,7,6,3,5,1,2,11,5,3,5,6,3,6,1,4,2,6,5,2,0,2,1,5,5,1,2,3,3,8,5,1,3,2,3,2,4,4,5,5,2,2,5,2,4,1,5,6,10,2,1,4,4,4,3,4,1,3,2,3,12,8,1,1,5,3,5,3,5,6,5,5,5,2,3,5,5,4,2,0,4
FOODS_3_617,FOODS_3,0,0,8,3,1,3,6,7,5,2,0,5,6,3,5,5,0,0,4,5,3,6,7,2,0,6,6,2,3,7,3,4,1,4,2,3,5,7,3,3,3,1,3,6,1,0,4,2,2,8,7,4,1,5,3,7,2,6,6,4,5,2,1,5,6,6,5,4,5,2,10,4,3,5,4,0,5,3,10,7,1,3,1,2,4,6,7,1,3,3,4,4,0,6,6,2,3,6,5,3
FOODS_3_108,FOODS_3,6,4,12,13,0,0,0,2,14,8,11,5,6,5,4,2,6,5,1,3,1,8,6,3,1,5,4,2,3,5,7,0,8,3,12,3,0,6,9,9,0,3,5,3,1,8,7,8,6,4,11,2,4,6,3,8,4,0,9,5,3,0,6,5,13,1,14,5,3,4,5,1,8,2,6,11,0,4,6,8,5,7,6,1,2,2,12,7,6,4,1,2,9,3,10,6,0,2,2,8
FOODS_2_054,FOODS_2,3,4,2,7,1,1,3,8,1,6,0,3,1,3,1,2,5,3,1,0,7,6,4,3,3,3,7,0,10,3,0,3,2,5,0,1,5,8,0,0,1,1,2,1,2,0,3,1,0,3,2,3,5,6,3,2,7,7,7,0,3,2,4,2,2,5,0,5,0,1,3,0,5,4,0,0,2,4,2,1,3,2,2,2,3,3,5,6,3,0,0,4,2,4,1,2,3,4,3,4
FOODS_3_131,FOODS_3,6,4,8,1,6,2,5,4,11,5,5,2,5,5,6,7,5,5,7,2,8,3,7,7,8,3,4,1,8,10,8,10,3,3,3,5,8,3,10,4,3,11,7,4,0,7,1,7,3,5,9,5,5,4,1,6,16,3,0,7,5,0,5,3,9,7,5,6,0,2,6,3,8,3,6,3,1,5,7,3,8,3,1,0,0,5,4,3,0,1,5,1,3,2,1,5,2,3,3,5
FOODS_3_177,FOODS_3,11,10,7,6,3,6,7,10,5,7,5,5,5,11,4,9,5,8,1,1,0,8,9,12,4,3,4,4,7,15,4,6,4,1,4,7,5,6,8,4,5,9,5,10,3,1,8,1,5,11,6,6,6,2,10,2,4,12,5,6,4,3,2,5,1,3,4,1,2,2,3,5,4,0,0,1,6,4,1,3,3,3,3,5,9,1,5,2,0,0,2,6,1,0,2,2,2,2,0,3
FOODS_1_104,FOODS_1,33,8,6,4,2,9,3,14,19,11,8,1,2,6,5,7,4,3,5,15,3,26,6,5,3,0,5,9,9,2,0,0,0,1,2,12,4,10,5,10,0,6,7,0,0,9,3,11,5,4,5,13,5,3,4,6,13,0,4,18,0,6,3,3,0,0,4,2,1,3,5,9,0,11,10,5,3,5,2,0,6,2,3,0,11,2,17,3,1,2,0,0,0,0,5,9,0,1,11,21
FOODS_3_135,FOODS_3,12,16,17,14,7,7,8,19,19,9,12,14,8,9,10,14,7,11,6,15,6,14,11,14,11,12,7,12,14,17,8,8,11,7,12,21,12,7,12,11,14,12,23,9,5,10,9,7,14,22,16,15,15,17,20,11,15,11,15,8,6,12,5,20,11,10,14,19,11,13,10,17,14,11,14,7,14,19,19,10,4,14,6,5,17,14,19,10,15,12,16,17,19,12,13,19,9,12,17,18
FOODS_3_809,FOODS_3,6,1,5,2,11,2,3,1,7,1,3,2,4,6,3,1,2,1,1,3,2,1,4,6,4,5,2,5,4,2,4,0,2,2,1,6,4,2,0,1,4,5,3,3,1,2,2,1,3,3,12,4,0,2,7,1,6,4,7,2,4,3,2,3,1,4,4,11,1,3,1,8,1,3,7,2,1,5,2,1,10,7,3,4,13,5,5,4,0,5,1,1,4,1,1,1,5,4,5,6
FOODS_2_164,FOODS_2,0,0,0,0,0,0,0,0,0,0,0,0,7,3,6,0,0,0,0,0,6,6,4,3,4,11,2,3,0,2,5,3,5,3,3,5,2,1,2,3,1,0,2,1,2,4,6,3,1,1,5,8,3,1,6,1,6,1,3,8,5,2,2,1,1,2,5,2,7,4,1,2,6,4,3,0,1,3,4,5,2,4,12,5,3,6,6,4,3,10,6,4,3,2,3,3,5,6,0,8
FOODS_3_794,FOODS_3,2,2,1,2,1,1,1,2,2,1,2,0,0,0,0,2,1,2,1,0,0,1,4,2,2,2,2,1,1,1,3,2,1,1,2,3,1,0,5,1,2,1,4,1,4,0,0,0,1,3,2,3,1,2,1,8,2,0,2,2,2,4,4,6,0,2,2,1,1,1,3,1,2,1,1,1,2,1,3,2,3,2,1,1,2,2,3,0,1,2,4,2,0,3,1,0,1,4,0,1
FOODS_3_355,FOODS_3,3,4,2,8,2,7,0,3,5,0,3,1,4,11,6,9,0,0,2,2,1,2,14,9,0,10,3,1,3,7,9,7,3,2,0,3,5,6,5,7,8,11,4,7,4,0,0,5,0,0,0,0,0,4,6,7,4,3,0,0,0,0,0,0,3,0,2,1,1,0,0,0,6,2,2,2,4,0,7,10,0,4,0,0,5,9,1,0,0,6,7,1,9,4,0,1,0,0,0,9
FOODS_3_274,FOODS_3,1,1,7,0,9,0,9,0,4,1,6,5,2,0,5,2,4,0,1,1,0,4,0,0,1,1,3,2,0,1,0,0,0,2,1,0,0,3,0,0,2,0,7,0,0,0,1,0,0,0,1,1,4,0,3,4,1,1,6,3,0,1,0,0,2,0,4,2,1,0,0,2,3,1,2,0,0,1,0,1,1,2,8,1,1,1,5,1,0,0,5,1,2,1,0,1,1,2,0,3
FOODS_3_399,FOODS_3,5,3,6,6,7,7,5,15,12,6,6,5,1,7,7,11,7,5,8,6,4,7,6,6,5,7,5,6,6,2,6,2,0,0,0,9,5,9,4,6,5,1,0,0,0,0,0,5,10,9,0,5,8,5,8,8,8,6,4,8,5,6,6,8,8,2,0,4,3,6,10,14,11,5,7,10,7,5,9,10,7,6,9,5,3,9,3,0,0,0,0,0,0,19,5,0,0,14,11,19
FOODS_3_064,FOODS_3,5,4,4,4,1,2,4,1,9,0,5,2,5,2,3,2,0,4,1,10,9,3,0,9,6,3,4,5,7,11,3,0,0,0,0,5,4,3,8,5,2,2,10,3,8,4,4,8,3,5,7,0,6,1,1,8,5,1,6,11,2,2,3,9,15,13,16,12,6,8,4,6,12,1,5,6,3,9,3,1,6,2,4,2,6,4,9,9,1,1,0,2,0,6,6,4,6,5,5,1
FOODS_3_265,FOODS_3,7,4,0,2,3,8,3,2,2,4,0,5,3,5,4,7,6,3,4,6,0,0,0,9,4,3,5,4,7,4,6,5,7,5,10,6,5,2,3,5,3,3,3,8,3,3,3,5,3,3,4,4,5,3,2,2,7,6,0,0,3,3,0,6,7,4,3,1,1,0,4,4,5,5,2,2,2,4,8,7,2,0,0,0,0,5,6,2,10,1,2,4,6,2,6,2,2,4,7,5
FOODS_2_318,FOODS_2,11,5,9,10,7,8,11,3,10,3,9,10,5,5,5,11,9,9,12,7,4,5,13,8,4,4,7,6,13,6,2,8,2,8,12,6,14,13,7,10,6,6,10,11,21,5,8,8,9,15,20,13,7,13,7,9,15,28,13,18,8,10,4,9,15,10,7,11,6,10,8,17,10,8,10,5,9,13,14,11,10,9,6,13,9,14,14,10,9,15,12,10,7,17,7,11,12,10,10,17
FOODS_3_101,FOODS_3,4,5,6,2,5,3,2,13,10,4,3,4,4,3,14,9,3,5,4,4,11,7,5,4,4,7,8,5,4,13,10,5,7,1,4,1,10,2,12,9,2,2,4,10,4,8,3,7,3,5,6,4,4,5,8,3,12,14,5,3,6,2,7,5,6,2,3,4,3,2,2,6,6,6,7,3,7,1,8,3,10,7,2,4,5,2,5,4,1,6,0,5,5,2,3,0,4,0,6,2
FOODS_2_299,FOODS_2,6,4,0,0,2,4,5,3,6,2,5,3,2,2,3,3,3,2,3,4,5,5,5,3,2,0,0,2,3,7,2,4,1,2,1,4,5,3,0,1,0,0,0,0,0,2,3,1,3,1,4,3,5,1,4,6,3,1,0,5,3,2,1,0,0,5,3,0,2,2,1,4,1,1,2,0,2,2,6,1,1,2,3,5,6,2,3,5,3,5,3,3,3,3,2,1,1,4,0,2
FOODS_3_534,FOODS_3,4,0,1,0,1,0,0,5,7,2,2,3,2,3,5,0,3,2,3,2,4,2,0,0,0,0,2,5,1,0,0,0,1,1,6,7,7,2,0,0,8,5,3,13,5,5,3,5,15,2,0,0,3,9,9,3,0,0,1,3,2,6,7,4,6,3,3,3,1,13,10,0,0,4,8,7,5,8,7,6,10,3,6,8,8,8,4,4,2,6,5,6,7,4,3,5,5,2,12,3
FOODS_3_300,FOODS_3,3,3,3,3,0,0,5,4,5,3,2,3,3,4,2,10,3,4,4,2,3,2,6,6,3,5,4,4,3,5,7,4,2,1,7,4,4,2,3,7,1,4,3,6,0,7,1,2,7,1,9,4,5,9,2,2,4,13,8,7,3,3,3,5,0,0,3,4,0,2,1,10,1,1,1,5,2,5,0,5,0,3,4,6,0,0,2,2,1,5,2,0,12,6,0,4,6,2,2,7
FOODS_3_037,FOODS_3,0,1,1,3,0,0,1,0,1,1,0,0,1,1,0,0,2,0,0,0,11,4,8,4,4,8,3,5,0,6,7,1,6,2,6,6,3,6,2,4,3,3,1,2,6,3,6,2,5,2,9,7,7,6,9,13,4,8,4,3,8,4,3,5,3,7,5,4,2,7,6,10,4,1,3,4,1,4,5,4,3,4,3,15,4,1,3,3,2,0,2,1,10,5,2,6,1,0,1,3
FOODS_3_782,FOODS_3,11,7,4,1,3,3,11,5,1,1,5,2,2,7,4,4,1,7,1,3,8,8,3,6,7,2,5,1,6,6,4,6,1,5,1,7,3,2,11,9,4,9,7,12,3,2,6,5,3,6,7,4,9,1,9,2,8,7,1,5,4,7,8,8,13,3,6,7,3,3,8,5,8,5,1,0,0,9,6,8,12,7,6,7,14,10,8,5,7,10,3,5,12,4,5,6,8,3,8,11
FOODS_1_086,FOODS_1,5,5,1,0,3,0,2,1,1,5,4,3,4,1,2,2,1,0,0,1,4,9,2,3,3,2,1,7,3,1,0,1,1,0,2,2,2,4,2,3,3,5,5,3,3,0,0,0,4,4,0,4,5,3,2,5,4,2,0,2,0,1,3,3,1,1,1,5,1,2,5,4,0,3,2,2,5,4,1,2,3,3,2,4,2,1,0,4,4,0,2,0,0,0,0,0,6,0,1,4
FOODS_3_562,FOODS_3,12,5,1,5,0,2,0,3,4,3,5,4,1,1,2,7,6,0,3,3,3,4,5,1,2,5,5,3,3,7,6,0,2,3,2,5,6,6,5,6,2,4,2,8,3,9,4,8,7,2,4,5,11,2,5,2,3,9,8,2,1,4,8,7,5,7,3,4,3,3,2,5,3,2,2,3,4,5,9,1,6,4,2,3,6,2,4,5,7,1,8,9,5,2,2,2,5,2,6,4
FOODS_1_137,FOODS_1,11,10,10,1,0,11,1,11,0,27,9,0,7,7,9,3,5,4,0,9,9,11,5,0,0,0,20,5,5,2,1,3,0,10,2,10,19,0,0,0,5,19,0,0,0,5,4,22,10,2,0,0,0,0,16,9,11,0,0,0,0,7,9,6,5,7,0,0,6,7,8,9,4,0,0,17,4,5,2,0,4,3,20,2,1,4,7,4,0,2,6,5,4,3,9,5,3,4,18,5
FOODS_3_481,FOODS_3,2,3,2,8,4,5,8,1,1,1,2,4,0,1,1,2,0,3,1,1,3,6,4,2,4,2,2,2,4,4,7,2,3,2,3,1,3,8,2,4,2,2,6,4,4,3,0,2,2,1,2,18,0,3,3,3,5,1,9,4,1,3,0,0,2,0,1,3,0,0,5,6,6,3,1,2,0,3,2,3,7,4,2,3,1,0,7,2,2,1,3,2,2,1,1,2,1,1,2,2
FOODS_1_061,FOODS_1,3,2,6,0,0,4,0,3,2,1,3,5,3,0,9,7,1,9,7,2,1,8,4,2,4,3,0,2,2,11,5,2,0,0,3,17,0,0,3,8,5,5,13,5,4,6,4,4,6,13,2,3,0,0,4,3,3,4,5,3,4,3,3,9,7,2,1,4,1,2,10,7,2,4,5,5,9,9,3,14,2,5,4,4,9,4,1,2,5,3,5,4,1,0,0,4,1,4,4,7
FOODS_3_349,FOODS_3,5,9,3,14,9,5,8,19,13,8,11,11,13,9,17,17,4,15,14,9,7,7,14,11,12,16,8,10,8,8,12,9,11,12,12,7,13,4,10,14,12,12,14,10,7,16,13,15,19,8,7,6,11,14,16,13,7,8,15,15,7,14,4,11,13,10,11,8,6,7,10,16,17,7,7,11,11,5,15,3,8,17,7,10,9,11,18,4,12,4,3,10,13,8,13,4,10,12,5,14
FOODS_3_783,FOODS_3,5,5,1,0,8,3,0,1,4,7,2,1,1,3,4,9,7,2,0,0,3,2,0,0,2,1,0,0,1,2,2,2,0,2,0,0,1,3,2,0,5,0,9,2,3,4,7,1,1,7,4,3,3,5,5,5,4,5,2,4,3,2,2,4,6,1,6,7,3,2,5,2,4,1,0,0,1,1,5,3,0,5,2,3,4,3,10,8,4,2,3,8,7,4,4,3,2,0,5,9
FOODS_1_219,FOODS_1,6,8,20,0,4,7,4,5,5,3,9,11,6,3,8,7,4,4,0,11,4,5,8,3,3,4,0,5,7,6,2,7,4,5,3,0,0,0,5,9,6,5,3,3,6,0,4,8,2,6,3,0,0,5,4,7,10,7,4,0,2,4,3,4,6,3,1,6,4,4,3,4,0,3,2,7,3,5,6,9,5,6,4,1,6,7,2,0,2,2,7,5,6,0,0,3,3,7,4,2
FOODS_3_682,FOODS_3,6,8,17,9,17,2,6,10,22,9,3,12,10,12,8,10,10,20,4,10,9,16,11,11,15,12,10,9,15,18,11,14,0,0,0,9,15,4,9,14,11,10,8,9,16,7,12,15,5,14,12,12,11,9,5,8,15,11,14,7,10,13,7,11,9,7,10,6,8,8,16,13,11,8,7,6,5,12,11,14,16,14,11,4,10,10,14,11,15,8,8,12,10,9,12,13,10,8,12,12
FOODS_3_039,FOODS_3,8,9,5,4,5,5,8,7,5,7,5,2,6,4,8,12,4,6,8,5,8,8,14,4,9,8,2,7,5,11,9,6,5,7,2,7,9,5,7,7,7,7,14,13,9,4,4,7,5,7,10,7,11,8,5,8,10,7,5,3,5,8,9,11,9,4,10,3,10,4,14,9,6,5,5,4,7,11,8,4,3,9,4,8,7,14,10,5,6,7,8,10,11,7,5,4,4,6,12,11
FOODS_3_807,FOODS_3,7,5,5,5,6,4,7,3,7,6,6,2,5,6,6,10,8,2,2,3,5,4,0,1,0,1,6,1,0,0,0,0,2,3,0,5,4,0,1,1,11,6,19,8,6,7,9,10,11,1,6,11,0,0,0,3,16,6,5,5,7,3,8,5,13,9,10,2,2,5,5,2,1,0,0,0,1,0,0,0,0,2,4,2,0,0,8,0,1,0,1,3,3,1,4,3,4,2,2,10
FOODS_2_152,FOODS_2,2,0,0,2,5,3,2,0,0,6,5,1,0,0,4,3,3,6,6,4,2,3,7,4,6,6,1,3,4,6,3,2,4,6,10,7,4,9,3,3,3,9,3,9,4,7,3,4,3,2,7,3,3,4,4,5,5,7,0,5,3,5,5,3,3,6,5,3,4,5,5,6,3,6,5,2,1,6,4,2,3,4,2,3,6,7,6,6,3,6,6,8,1,7,8,2,6,2,7,5
FOODS_3_636,FOODS_3,9,4,6,3,7,3,5,7,1,3,10,6,7,7,0,0,2,4,3,1,2,2,0,1,0,0,0,0,0,6,8,5,1,0,0,9,6,9,5,6,7,4,5,10,7,3,3,8,3,8,7,9,9,8,4,5,8,9,5,10,3,7,4,5,8,10,5,4,8,4,8,6,9,5,8,3,5,0,0,0,0,8,11,9,6,6,11,3,4,10,6,11,5,4,8,7,6,8,6,7
FOODS_3_725,FOODS_3,3,4,5,1,3,4,12,12,8,12,9,7,0,11,6,16,5,6,8,9,7,11,11,11,8,11,9,9,10,13,5,10,5,5,8,10,8,14,7,4,0,6,8,16,1,2,4,7,6,5,7,3,4,1,2,6,8,16,11,10,5,2,0,4,7,4,5,5,2,0,5,3,6,3,1,2,0,7,3,5,1,3,4,2,5,5,8,2,5,3,3,9,11,7,7,2,4,2,5,7
FOODS_3_290,FOODS_3,5,2,2,0,0,2,2,5,3,1,8,2,3,2,1,5,3,5,3,4,1,11,1,3,8,1,1,3,2,4,3,2,2,1,0,1,3,0,2,2,2,1,2,3,1,0,2,1,5,4,0,0,0,0,3,1,2,2,1,1,1,0,0,0,0,2,1,2,2,3,2,0,0,0,0,0,0,0,0,0,0,0,0,0,0,0,2,0,1,2,2,2,2,2,6,0,0,1,5,2
FOODS_3_692,FOODS_3,4,4,4,11,13,3,0,13,0,3,0,2,2,6,5,8,10,8,2,0,4,10,7,5,0,2,3,7,6,4,2,6,2,6,1,4,4,2,10,2,0,0,3,2,0,8,3,6,4,14,5,3,18,1,5,2,6,2,14,3,2,2,1,5,15,5,7,0,1,4,5,8,15,0,1,4,0,2,4,1,3,6,1,2,3,11,5,19,15,4,3,0,0,0,1,2,2,6,1,2
FOODS_3_230,FOODS_3,1,6,6,1,1,0,5,4,6,6,3,2,3,1,12,5,2,6,5,1,3,5,2,4,4,2,2,8,6,5,3,4,7,4,5,9,6,7,2,4,9,4,7,15,3,5,2,4,6,7,10,3,3,1,4,1,2,5,3,1,5,5,2,4,2,0,6,4,6,5,4,4,5,2,3,4,5,4,6,4,2,5,2,4,7,2,4,3,4,1,1,4,4,3,0,2,4,9,5,4
FOODS_3_540,FOODS_3,6,19,6,5,4,9,9,14,11,7,6,5,6,8,12,7,4,6,5,6,9,12,11,7,7,9,4,7,9,14,6,4,6,7,8,6,10,7,3,10,5,8,14,19,7,10,7,6,10,11,12,8,9,10,6,6,7,11,3,8,9,7,6,7,9,9,8,6,7,6,10,15,6,4,2,7,5,7,9,13,4,8,7,7,12,5,4,5,12,10,5,10,8,15,4,6,7,8,13,7
FOODS_2_233,FOODS_2,6,1,0,4,1,1,2,1,2,3,3,2,2,0,0,2,2,0,2,1,2,0,7,3,4,0,3,0,5,4,2,0,4,3,2,2,1,3,5,2,2,4,1,4,2,3,0,3,2,2,5,1,0,2,1,5,4,3,3,1,1,1,2,1,1,0,2,3,6,2,2,1,2,2,0,0,0,2,1,1,3,3,1,1,1,4,2,2,0,1,3,2,4,1,0,0,1,0,3,2
FOODS_3_651,FOODS_3,6,0,3,9,2,5,2,6,2,8,2,8,5,1,0,0,0,8,6,9,3,3,4,5,7,7,7,2,6,4,12,7,3,4,2,3,13,5,8,13,3,14,2,1,4,3,6,3,4,5,10,8,3,8,0,0,5,6,4,6,3,5,5,5,8,0,8,4,3,5,2,5,3,3,2,2,2,1,6,1,1,0,0,8,0,0,2,8,0,2,6,0,2,3,2,3,3,7,8,0
FOODS_1_154,FOODS_1,13,23,13,4,1,19,15,14,14,18,6,1,5,9,20,2,7,2,7,10,4,9,8,1,13,4,10,1,11,11,5,0,21,1,4,10,9,6,7,12,0,13,6,5,1,4,0,2,5,7,7,6,15,5,7,4,3,6,18,5,2,1,0,0,1,10,3,4,10,12,7,2,5,1,5,7,6,5,0,1,20,3,5,5,8,2,2,4,1,12,11,9,5,1,0,0,7,2,5,2
FOODS_3_151,FOODS_3,5,6,6,4,3,4,1,5,6,5,9,4,3,9,7,3,1,7,7,4,3,7,4,8,6,7,9,5,7,6,8,10,5,1,5,8,3,4,4,3,0,1,7,18,2,4,5,3,3,11,10,5,9,6,7,10,5,8,5,5,12,5,9,8,14,10,14,8,4,5,13,7,5,6,9,2,3,7,7,14,10,9,10,11,11,10,9,7,8,6,12,12,15,6,11,11,8,6,3,5
FOODS_3_127,FOODS_3,5,2,4,0,0,4,4,4,8,3,0,3,1,2,7,2,1,5,6,4,2,5,6,0,5,2,0,7,3,2,4,2,4,2,8,10,12,3,5,5,3,8,6,18,3,1,3,5,2,1,6,2,6,7,3,3,4,3,1,2,3,2,8,5,8,7,2,3,5,5,4,2,3,3,1,2,3,5,6,3,3,1,2,5,3,3,3,2,6,2,1,6,5,5,2,1,5,4,4,5
FOODS_3_087,FOODS_3,7,6,12,9,3,6,1,9,8,5,5,6,4,4,12,13,29,4,7,1,0,4,13,2,5,11,11,11,13,8,6,6,5,1,5,6,8,11,11,21,8,6,6,7,22,4,5,10,12,10,7,5,3,8,5,7,8,8,8,4,3,5,5,5,2,10,2,0,0,3,8,6,4,4,4,7,9,8,6,21,2,5,4,5,4,5,7,5,7,4,7,8,10,8,2,6,4,2,7,3
FOODS_2_374,FOODS_2,6,1,8,3,1,1,0,3,3,1,0,1,2,5,3,1,4,2,1,4,3,1,1,7,1,1,0,0,1,4,1,3,7,5,1,2,0,1,0,0,0,4,1,2,2,6,4,5,1,2,5,4,5,3,1,2,3,1,4,3,3,3,5,0,5,2,1,0,3,1,5,5,1,4,3,0,5,4,3,4,3,3,3,2,5,2,2,4,3,3,1,4,5,3,4,1,2,1,3,1
FOODS_3_368,FOODS_3,3,3,3,2,2,3,3,3,4,1,6,2,1,5,5,5,3,4,1,4,3,1,5,3,1,3,3,1,5,2,5,3,3,2,2,3,8,0,4,1,1,1,5,3,3,1,1,1,2,2,5,4,6,2,2,2,2,5,2,3,2,3,1,3,7,1,0,7,1,3,2,2,1,2,1,1,4,2,1,1,3,2,1,1,1,3,2,3,2,3,1,2,3,5,0,0,0,0,0,0
FOODS_3_067,FOODS_3,0,3,9,0,2,2,4,4,0,4,0,4,2,5,3,4,6,3,5,5,3,0,7,7,2,6,2,4,4,1,2,8,4,1,1,2,8,3,4,4,3,5,3,5,3,4,4,4,2,2,4,6,5,5,0,8,4,8,0,3,4,2,2,4,12,1,4,2,6,7,5,4,3,7,2,3,7,7,4,2,0,4,5,4,7,4,5,6,9,2,6,4,10,2,3,3,8,4,5,7
FOODS_3_332,FOODS_3,2,1,2,4,4,0,0,2,4,1,0,0,1,3,3,0,5,2,0,0,2,2,4,0,5,4,0,3,4,7,1,3,3,5,0,3,5,5,1,4,2,5,4,5,0,1,1,3,4,5,2,7,2,0,2,1,4,4,1,2,1,3,3,2,4,0,3,1,1,4,3,3,0,4,2,2,1,4,4,0,3,1,5,3,2,0,2,4,2,1,1,2,3,5,3,2,0,3,1,2
FOODS_2_199,FOODS_2,3,1,0,16,3,1,8,4,1,3,2,1,4,4,10,8,1,1,5,2,7,0,10,1,1,13,1,4,2,4,8,1,7,2,3,5,5,7,5,5,1,2,3,8,10,1,1,3,2,14,11,0,7,7,1,9,1,9,8,4,4,6,4,3,2,7,0,0,4,3,11,5,2,5,2,0,3,0,7,4,5,5,1,6,4,6,14,3,3,4,7,3,6,5,7,0,0,1,9,11
FOODS_3_655,FOODS_3,5,8,0,2,5,2,2,2,7,8,3,1,0,0,1,1,0,4,2,3,3,1,2,3,5,0,0,3,1,2,6,0,2,1,0,4,3,0,2,2,0,2,4,1,0,2,2,0,10,0,0,0,0,2,4,2,4,0,0,3,2,1,1,1,1,4,2,2,0,0,1,6,3,0,0,1,4,1,3,0,3,6,2,0,0,3,3,1,1,1,3,3,7,3,0,3,0,8,1,0
FOODS_1_183,FOODS_1,10,1,4,4,3,3,4,8,1,1,2,11,3,3,5,6,2,3,2,6,3,3,2,6,2,2,1,5,2,0,6,5,4,0,2,3,1,3,12,2,0,1,2,1,2,0,3,2,2,3,3,0,2,3,3,4,3,3,3,3,4,3,0,3,4,1,1,0,2,2,1,7,0,3,1,2,0,2,0,1,4,0,3,2,4,3,2,3,1,1,5,3,4,12,3,2,0,3,1,1
FOODS_3_652,FOODS_3,6,14,25,10,2,6,10,9,8,7,7,4,13,6,0,0,6,7,6,8,3,11,4,4,9,15,8,8,2,4,6,8,9,9,5,13,6,14,10,7,6,5,3,5,6,2,8,3,5,5,11,6,0,8,3,9,4,6,5,1,7,6,5,0,5,12,2,2,8,1,7,1,8,3,5,5,13,0,3,9,5,9,5,4,10,11,3,6,2,4,4,7,6,6,1,6,6,5,1,6
FOODS_1_108,FOODS_1,3,4,0,0,2,2,7,3,3,4,2,1,0,2,1,1,5,6,2,1,1,1,1,16,3,9,2,0,0,0,0,0,3,3,4,3,1,5,4,3,0,0,0,1,0,1,2,3,2,2,4,1,3,2,3,5,5,3,0,7,5,0,2,11,0,3,4,3,4,3,3,2,1,0,4,2,4,0,0,3,5,4,0,0,0,0,0,0,0,4,6,1,0,0,0,0,1,5,5,2
FOODS_3_505,FOODS_3,6,3,14,3,6,5,1,10,7,5,5,4,0,7,7,6,2,6,8,7,4,0,0,7,3,5,7,5,3,4,4,10,6,3,2,3,8,6,6,1,5,3,6,0,4,3,6,2,4,8,4,6,8,3,4,4,5,7,2,2,7,5,2,7,9,3,2,8,1,2,3,6,4,5,2,2,3,6,8,7,3,6,1,4,9,4,3,9,0,4,4,4,0,0,1,2,6,2,5,4
FOODS_3_818,FOODS_3,7,5,9,5,9,7,5,8,7,6,3,2,3,8,6,4,4,6,6,6,2,1,4,5,4,6,15,1,7,14,10,4,1,7,7,6,8,7,5,3,9,5,6,3,2,7,5,7,3,3,4,5,2,2,5,7,1,1,0,0,0,2,1,4,4,4,7,6,4,3,9,6,14,2,6,5,3,1,1,1,1,0,3,3,0,0,0,0,1,1,1,0,0,0,3,3,2,4,0,0
FOODS_3_367,FOODS_3,6,2,1,4,3,3,2,3,5,2,4,3,1,1,9,0,0,0,3,1,3,1,4,4,3,3,1,1,6,4,2,7,1,4,5,6,0,0,8,3,0,1,6,5,3,4,3,0,1,7,4,4,7,12,2,13,4,6,7,1,3,3,3,11,9,5,1,6,2,3,7,6,5,2,2,3,4,16,0,2,5,1,1,2,7,3,5,4,0,2,5,5,5,11,11,2,4,7,7,3
FOODS_3_023,FOODS_3,0,4,0,6,1,2,2,3,9,1,0,0,1,3,3,2,3,2,1,2,1,8,0,4,2,2,4,4,1,3,4,2,5,5,4,0,4,4,3,1,6,2,3,4,2,3,4,3,2,3,6,3,4,1,6,8,4,5,1,7,5,4,0,5,8,3,4,2,2,2,4,7,3,4,3,1,5,6,3,5,4,3,2,4,3,6,8,6,1,3,5,1,6,3,4,3,1,4,5,7
FOODS_3_227,FOODS_3,5,4,4,0,3,7,1,8,2,4,4,1,2,2,1,3,4,6,4,3,2,9,4,5,4,3,4,3,6,3,4,4,3,1,1,4,7,6,4,10,5,7,9,7,2,2,0,3,4,7,7,3,7,1,3,9,2,9,7,4,1,8,6,3,8,4,5,3,8,8,12,3,3,5,1,0,0,6,4,5,2,1,7,6,11,6,2,7,7,4,2,7,7,3,1,4,6,1,8,7
FOODS_3_201,FOODS_3,8,1,7,5,0,3,4,2,8,4,5,10,2,3,9,7,8,7,4,0,0,2,5,6,2,15,2,2,8,2,7,3,2,2,1,4,6,2,3,6,1,3,3,4,4,2,2,4,4,1,2,4,3,6,11,2,5,3,8,2,3,1,5,4,7,3,2,2,3,3,6,5,7,2,2,6,5,4,2,7,4,6,2,3,0,5,4,1,4,4,4,4,10,1,3,2,0,3,4,4
FOODS_3_598,FOODS_3,5,4,4,3,9,5,3,2,4,4,5,14,6,4,9,4,4,5,14,2,6,3,13,5,8,3,5,11,6,5,2,7,6,3,4,8,6,12,3,4,2,4,14,3,3,8,9,2,9,14,2,6,4,6,5,6,5,6,6,4,4,3,5,8,4,7,3,2,5,4,5,6,17,2,8,3,1,6,8,7,8,12,6,10,0,0,7,6,1,0,2,1,7,0,5,5,4,3,12,9
FOODS_2_131,FOODS_2,11,6,3,5,5,5,5,3,5,4,4,5,4,9,8,8,7,5,9,7,6,5,9,5,8,3,4,8,2,6,5,7,7,11,14,6,8,8,2,2,2,4,2,10,6,4,7,4,10,4,5,11,9,6,7,6,7,8,4,5,8,3,2,3,7,6,4,2,5,6,3,6,4,6,5,5,3,5,5,9,7,5,7,4,5,6,6,6,6,3,5,5,4,8,3,2,3,5,4,2
FOODS_2_359,FOODS_2,4,0,0,0,2,0,1,2,3,3,1,1,3,0,1,1,2,0,2,1,5,1,4,5,0,2,0,0,3,3,0,1,1,1,2,2,2,1,1,1,2,1,2,0,3,2,3,3,1,1,6,2,3,2,1,2,4,2,0,3,2,0,2,6,1,2,1,2,1,2,0,2,3,0,1,3,2,2,1,3,0,1,6,4,1,3,1,5,5,2,3,0,6,1,1,1,3,6,5,2
FOODS_3_727,FOODS_3,2,6,6,5,4,1,2,4,4,3,3,2,5,2,3,9,6,5,1,2,0,7,2,5,3,5,2,2,3,4,2,1,0,0,3,6,2,5,2,0,3,2,3,9,2,0,0,1,1,3,3,3,2,2,4,4,4,9,2,0,1,4,2,6,7,2,2,4,3,2,5,4,6,1,2,3,5,6,4,5,1,4,4,2,6,5,5,3,1,5,2,5,5,6,7,2,1,4,4,6
FOODS_3_079,FOODS_3,3,2,5,3,4,1,6,2,4,3,0,3,1,2,1,3,6,2,2,2,5,2,4,2,2,4,3,3,2,4,1,4,1,6,4,3,2,5,2,2,2,3,4,4,2,1,3,2,2,6,5,1,3,2,3,2,2,5,1,2,2,2,1,4,4,1,2,1,2,0,3,0,1,0,4,1,0,1,1,3,3,3,1,3,2,2,3,3,0,0,2,5,2,2,0,4,4,2,1,4
FOODS_1_150,FOODS_1,16,4,4,0,1,0,2,10,2,5,4,9,8,1,2,3,5,4,1,1,1,5,7,5,2,2,2,7,5,4,3,2,2,12,2,6,3,0,0,10,1,3,5,3,10,2,2,4,2,2,2,3,7,0,2,4,10,1,0,13,0,0,0,0,0,0,1,4,1,2,3,3,3,5,9,3,1,1,8,1,3,0,2,1,1,4,5,1,0,5,3,3,6,1,2,1,8,3,3,6
FOODS_3_530,FOODS_3,11,7,4,2,3,3,4,3,3,4,3,0,3,3,4,1,4,3,1,7,2,1,2,2,3,4,3,0,7,4,2,4,4,2,1,5,3,2,3,1,4,1,1,2,0,1,1,2,1,1,4,3,3,3,1,2,5,2,5,2,3,3,1,3,3,2,4,3,3,1,5,1,7,4,1,3,4,5,4,1,1,3,4,2,2,5,4,0,2,4,5,3,5,3,3,4,1,2,2,4
FOODS_2_183,FOODS_2,4,1,9,14,9,11,9,11,17,8,3,5,4,6,5,7,9,3,8,8,5,4,12,10,3,1,3,3,3,1,7,3,3,5,0,3,2,1,2,7,4,0,3,3,3,3,7,5,1,1,4,4,5,4,3,2,12,8,0,4,6,3,0,3,4,1,3,6,1,4,5,7,1,3,2,0,2,3,4,6,5,1,4,2,4,4,2,7,0,1,3,4,7,0,5,1,0,4,2,4
FOODS_1_196,FOODS_1,7,0,0,0,5,3,3,8,15,12,0,0,12,7,4,1,0,0,2,30,3,3,1,0,0,0,6,8,2,5,0,1,0,6,4,5,9,0,0,0,5,3,8,5,0,0,3,8,4,6,9,0,0,0,2,14,5,0,0,3,4,6,4,19,0,0,0,0,1,2,5,3,8,0,1,8,2,4,0,1,8,3,2,8,2,1,4,0,4,1,2,0,14,0,0,1,3,5,14,0
FOODS_3_369,FOODS_3,0,8,0,7,1,4,4,5,3,5,2,4,5,2,10,3,5,5,3,1,6,3,4,6,2,2,5,4,3,3,5,4,3,6,4,4,3,4,3,4,2,2,1,4,4,3,2,3,2,2,7,7,2,7,5,3,1,8,5,7,4,4,1,7,3,8,0,2,4,6,3,6,4,4,3,3,7,5,5,0,7,3,2,8,6,3,9,6,4,3,4,3,11,1,3,2,0,5,7,5
FOODS_3_393,FOODS_3,8,4,12,11,12,2,3,8,10,9,8,8,12,6,9,5,3,0,7,9,11,5,15,10,13,10,11,3,10,14,8,1,1,1,0,5,12,12,7,10,7,4,4,11,5,3,6,7,8,12,10,8,12,9,7,2,9,12,11,5,5,7,6,6,9,15,7,6,9,3,9,9,9,5,3,3,4,9,6,9,11,7,10,8,14,10,12,10,13,9,6,4,11,8,3,9,7,11,15,16
FOODS_3_330,FOODS_3,6,8,3,1,1,1,7,6,1,1,2,2,2,2,1,3,5,1,1,0,5,4,2,0,0,4,0,2,0,5,1,0,3,6,3,1,3,2,1,4,2,2,4,0,3,3,4,3,2,1,5,3,5,6,4,4,2,8,1,0,4,5,3,0,0,1,2,2,1,0,1,5,0,1,0,2,4,2,0,1,1,3,3,3,1,0,3,6,1,0,2,4,4,6,3,7,3,5,3,6
FOODS_2_294,FOODS_2,5,2,8,3,11,7,4,8,3,5,6,6,7,1,9,3,4,1,2,6,0,0,8,3,5,1,5,3,9,0,17,10,7,1,4,4,15,0,4,8,0,3,2,5,1,2,2,2,3,3,2,0,4,6,7,0,4,2,5,8,1,0,3,6,6,20,1,2,5,9,4,4,3,8,2,0,2,7,7,7,3,0,8,5,12,3,9,0,8,1,8,7,11,3,6,1,3,1,3,7
FOODS_3_819,FOODS_3,1,7,0,2,3,1,4,0,4,5,1,1,1,0,1,2,2,2,5,1,3,0,5,3,1,12,1,0,0,4,3,1,0,3,0,0,2,2,1,0,0,0,11,2,1,1,1,0,1,1,0,0,0,0,1,1,5,0,1,0,1,2,1,0,1,0,0,0,0,0,4,3,2,1,2,0,2,0,6,1,0,7,0,2,6,2,2,1,2,3,1,0,2,1,1,1,0,1,1,2
FOODS_3_614,FOODS_3,0,0,0,0,0,0,0,0,0,0,0,0,0,7,5,3,4,5,5,2,4,7,3,2,0,4,4,1,2,2,5,4,4,0,4,1,3,2,2,2,2,0,3,1,3,3,0,0,0,0,0,0,0,0,0,0,0,0,0,0,0,0,0,0,0,0,0,0,0,0,0,0,0,0,0,0,0,0,0,0,0,0,0,0,0,0,0,0,0,0,0,0,0,0,0,0,0,0,0,0
FOODS_3_097,FOODS_3,0,3,6,4,1,3,2,7,12,4,0,2,7,3,6,6,5,4,2,4,0,0,6,4,3,4,3,4,8,9,6,0,3,7,1,4,5,8,8,0,6,4,1,1,2,3,2,4,3,3,11,7,3,6,4,0,0,0,0,6,13,5,0,3,4,3,3,5,6,2,5,6,5,2,3,3,5,6,4,6,8,4,0,1,0,4,6,8,5,0,6,5,9,3,1,0,0,0,0,0
FOODS_3_076,FOODS_3,7,5,8,7,5,10,11,6,4,2,4,6,20,9,8,10,7,14,4,7,5,10,10,1,7,5,5,11,8,7,27,2,12,9,6,13,8,7,4,4,5,9,18,10,2,5,0,12,9,12,9,4,8,5,5,10,10,7,8,11,7,8,7,7,9,4,3,4,5,13,13,5,4,7,6,3,2,4,14,7,5,5,3,4,6,6,3,6,3,6,8,3,9,7,3,4,4,10,7,1
FOODS_2_030,FOODS_2,2,3,3,4,3,2,0,3,3,3,3,0,2,1,1,2,2,1,2,4,4,3,3,6,2,2,5,2,4,3,0,2,4,0,2,3,1,5,0,2,2,1,2,0,2,2,0,3,4,1,1,2,2,1,2,0,3,4,3,1,1,3,1,3,0,0,1,1,1,1,2,2,0,2,1,0,2,2,4,0,1,2,1,3,1,0,0,3,3,3,2,2,2,2,0,0,0,2,1,1
FOODS_3_203,FOODS_3,2,3,6,6,2,2,2,6,3,4,2,5,2,2,4,4,5,1,4,2,0,4,5,4,4,1,3,2,5,6,0,2,6,5,5,2,6,3,6,2,4,0,3,3,1,7,1,2,1,3,4,5,4,5,5,5,2,2,5,4,1,2,5,5,7,7,4,3,2,3,3,7,6,3,5,0,2,7,3,7,1,4,1,1,0,6,5,3,2,0,3,2,5,4,4,0,1,0,4,2
FOODS_2_349,FOODS_2,7,11,6,5,5,5,5,6,10,6,3,6,3,4,5,6,2,8,9,5,2,1,10,6,9,4,7,2,5,5,2,5,4,4,7,0,10,9,3,0,6,3,3,6,5,2,5,2,4,4,9,2,2,6,3,6,6,7,5,4,2,2,3,7,6,4,6,2,6,0,1,11,2,3,5,2,2,2,1,8,6,5,2,5,3,6,11,7,7,1,3,3,7,6,0,3,4,4,2,6
FOODS_3_434,FOODS_3,1,0,1,2,6,1,2,0,0,5,0,1,3,0,0,3,1,3,1,1,2,1,3,3,0,0,1,3,0,1,1,1,0,0,1,0,3,0,0,1,1,1,1,1,2,1,1,0,2,0,1,2,1,1,1,1,2,3,3,2,0,2,0,1,3,2,0,1,4,0,0,1,1,0,0,3,1,2,5,4,3,1,1,1,0,2,2,0,1,4,1,0,2,2,0,0,0,0,1,1
FOODS_3_378,FOODS_3,1,2,3,2,2,2,1,2,5,0,2,2,1,0,2,1,2,3,1,0,3,5,3,4,2,4,0,3,0,2,4,3,0,2,0,1,3,5,1,3,1,3,1,2,0,1,2,4,1,1,2,1,4,0,0,3,2,4,1,2,1,2,0,3,2,1,2,3,2,2,4,2,2,1,1,3,4,3,2,1,0,2,1,1,2,3,3,1,4,2,1,0,3,1,2,1,3,0,3,3
FOODS_3_121,FOODS_3,8,4,13,13,10,11,6,11,7,7,13,12,4,10,8,10,6,5,6,7,0,12,15,7,7,4,2,5,8,11,5,4,5,9,6,5,7,5,4,3,8,4,6,5,1,2,3,5,4,11,17,10,13,6,9,11,16,15,10,5,6,3,3,3,4,9,8,3,5,13,3,8,6,8,6,6,4,2,9,8,11,9,0,5,6,9,5,11,10,5,6,6,9,5,5,2,8,1,2,5
FOODS_3_144,FOODS_3,6,8,7,0,2,1,4,3,2,3,2,6,4,0,5,3,9,4,4,4,2,3,8,3,5,3,1,0,2,2,1,6,4,2,5,3,1,2,10,4,3,2,7,4,2,4,2,1,3,7,1,1,6,7,3,7,2,4,7,3,4,4,5,5,14,6,5,8,6,4,7,6,2,2,5,8,2,7,3,3,2,10,4,2,6,2,6,6,6,1,5,1,6,6,5,10,7,2,3,4
FOODS_3_460,FOODS_3,4,2,3,4,3,3,4,1,11,1,3,6,2,2,4,3,2,0,1,2,8,6,4,4,2,4,6,0,5,5,0,2,7,2,2,5,5,5,7,4,5,3,3,5,2,3,5,5,1,5,7,8,6,4,1,9,8,7,7,8,5,1,0,0,2,1,2,0,0,0,1,2,1,2,2,1,0,2,1,1,3,2,1,0,0,2,3,0,1,2,0,1,4,4,1,3,0,3,3,3
FOODS_1_088,FOODS_1,3,4,2,3,4,9,2,5,7,4,1,9,3,4,4,8,6,2,3,4,1,5,3,5,2,4,1,1,6,1,3,0,3,9,3,3,4,1,3,5,1,4,13,4,7,2,3,2,7,1,0,4,7,3,1,7,3,13,8,3,2,0,8,6,10,6,1,6,4,2,7,6,0,3,0,3,0,2,9,4,5,2,2,0,5,7,5,5,4,3,4,3,5,4,2,3,2,3,4,11
FOODS_3_672,FOODS_3,1,0,0,3,1,0,7,0,1,4,3,1,0,0,3,1,2,1,5,2,0,1,0,1,3,1,1,4,0,2,2,1,8,2,2,1,5,1,3,7,5,2,3,1,3,2,5,1,4,0,4,5,6,3,3,3,5,7,4,1,2,1,1,1,6,0,3,4,0,0,0,0,2,0,0,0,0,0,0,2,5,1,1,4,2,6,10,2,5,1,2,1,4,4,2,2,1,0,0,0
FOODS_2_388,FOODS_2,4,0,2,0,2,1,2,0,4,0,1,3,4,3,8,11,2,5,2,3,1,1,6,4,9,6,15,5,3,4,4,5,0,1,2,4,2,3,5,1,1,4,1,5,0,8,9,3,6,2,4,2,4,3,1,0,4,4,2,3,3,7,2,2,2,0,3,7,3,0,1,6,3,2,3,1,3,2,4,1,0,5,5,1,4,0,3,0,2,1,3,4,2,3,3,2,1,4,0,2
FOODS_3_750,FOODS_3,0,0,0,0,0,0,0,0,0,0,0,1,0,0,0,0,0,0,0,0,0,0,0,0,0,0,0,0,0,0,0,0,0,1,3,4,1,3,2,2,4,2,0,8,5,2,0,2,10,1,2,3,2,2,4,5,4,8,5,5,6,4,6,5,2,2,4,3,1,7,2,6,3,4,1,1,2,6,9,0,3,4,5,5,2,0,7,1,5,3,3,4,5,7,3,5,4,4,0,9
FOODS_3_475,FOODS_3,4,1,3,2,0,1,2,12,4,0,2,1,1,0,1,2,2,1,2,9,2,17,0,3,9,2,1,1,1,5,5,2,7,0,1,0,0,1,3,4,0,0,1,2,0,0,1,0,4,2,3,0,2,1,0,1,4,5,0,2,1,0,2,1,2,3,2,0,3,1,3,15,0,4,2,0,3,2,4,0,5,3,0,3,1,1,4,1,5,2,0,0,1,1,3,1,1,1,3,3
FOODS_2_075,FOODS_2,4,4,2,11,8,5,7,10,8,7,8,8,1,5,4,8,0,2,4,1,3,6,3,1,6,0,2,2,5,6,1,6,6,2,1,7,14,4,0,0,5,10,9,5,3,7,5,20,7,2,9,2,7,5,5,2,10,7,7,3,4,9,3,8,4,7,5,4,2,4,1,9,6,9,1,8,3,4,11,5,7,4,11,0,3,8,9,10,2,4,2,7,11,6,2,5,3,1,7,12
FOODS_3_093,FOODS_3,2,4,3,3,1,2,2,8,0,2,1,2,2,3,3,0,4,7,4,4,1,4,3,4,2,2,2,4,4,2,4,1,2,4,7,2,0,2,2,2,0,1,4,4,1,2,2,1,6,2,4,4,4,2,3,2,3,5,4,4,4,3,1,3,4,1,3,4,4,2,1,4,2,1,1,0,1,4,1,2,0,0,11,0,0,0,4,1,5,2,2,6,4,2,0,0,4,9,0,1
FOODS_3_435,FOODS_3,8,2,4,6,1,6,4,2,0,1,4,4,5,4,2,8,5,2,2,2,3,8,4,1,3,2,2,0,4,6,3,2,3,0,4,6,5,2,1,4,1,5,8,8,1,3,4,1,9,5,5,5,5,4,3,2,7,5,5,2,5,8,1,2,0,4,4,1,1,2,3,2,1,1,7,5,1,2,6,9,3,3,6,1,6,4,3,3,5,7,4,8,4,2,5,4,1,10,4,3
FOODS_3_592,FOODS_3,0,0,0,0,1,1,0,0,0,0,0,1,1,0,0,0,0,0,0,4,3,11,11,9,10,7,7,3,6,9,5,4,4,6,3,8,9,7,5,2,2,18,1,11,2,1,6,3,1,4,5,3,2,6,0,4,3,3,3,3,3,1,3,3,3,14,5,1,1,5,5,4,3,5,3,1,3,2,4,4,4,6,2,2,4,5,4,6,3,0,0,2,1,4,2,1,2,1,4,3
FOODS_2_166,FOODS_2,0,0,0,0,1,0,0,0,0,0,0,0,0,0,0,0,0,0,0,0,0,0,0,0,0,0,0,1,0,0,0,0,0,0,0,0,0,0,0,0,0,0,0,0,0,0,0,0,0,1,0,0,0,0,0,0,0,0,0,0,0,0,0,0,0,0,0,0,0,0,0,0,0,0,0,0,0,0,0,0,0,1,7,1,0,4,4,4,3,0,3,2,8,2,1,2,1,0,1,1
FOODS_3_317,FOODS_3,4,7,6,2,5,2,4,2,3,1,0,5,4,6,1,6,2,1,3,2,2,4,2,3,1,3,2,6,2,3,15,8,3,4,5,3,2,8,2,2,6,5,3,3,2,1,6,0,1,0,2,16,0,2,0,1,6,2,0,0,0,1,2,0,1,2,2,3,0,9,0,6,0,4,4,4,0,0,0,0,8,4,0,0,4,7,3,4,5,0,1,0,2,2,11,0,1,1,2,9
FOODS_1_099,FOODS_1,10,6,8,14,8,7,7,7,11,10,6,6,7,14,6,3,6,5,14,3,18,7,6,7,14,7,20,18,10,12,26,2,5,4,5,11,5,11,7,10,6,15,21,15,3,10,9,6,4,0,6,4,19,6,6,5,7,4,6,6,4,12,12,18,4,5,4,4,0,7,13,6,16,7,10,9,9,17,9,9,10,16,11,10,11,7,4,10,5,5,8,3,8,17,8,2,0,4,17,10
FOODS_3_610,FOODS_3,3,2,5,2,2,2,2,3,1,3,0,5,2,2,1,2,5,1,2,2,3,3,3,5,2,7,5,1,5,1,1,1,0,1,2,5,3,4,0,1,2,5,0,4,1,1,5,0,1,5,3,7,2,2,2,2,3,4,3,3,0,0,0,0,1,2,5,6,2,2,2,3,0,0,4,1,1,4,5,1,3,2,6,1,1,2,4,1,2,3,1,0,5,1,5,3,1,0,2,8
FOODS_3_805,FOODS_3,2,1,2,5,0,0,0,0,5,0,1,1,1,0,3,1,3,0,3,6,2,1,2,1,3,3,1,0,4,0,0,3,4,1,1,1,2,3,0,0,0,0,3,3,0,0,0,0,3,2,1,1,3,1,4,1,1,4,0,3,0,0,2,3,3,1,1,0,1,0,2,2,1,5,1,0,1,3,1,0,4,2,0,0,3,1,1,3,1,3,0,1,2,0,3,4,0,2,1,0
FOODS_3_732,FOODS_3,0,0,0,0,1,0,2,0,1,1,0,0,0,1,0,0,6,0,1,0,0,0,0,0,1,0,0,0,1,1,0,1,0,1,0,0,0,0,0,0,0,0,2,0,0,0,0,0,0,1,0,0,1,0,0,0,0,0,2,0,0,0,0,0,1,4,0,0,0,0,0,0,1,0,2,0,0,0,0,0,3,0,1,3,4,2,0,2,1,1,1,3,4,7,0,1,3,6,2,4
FOODS_2_342,FOODS_2,6,5,8,4,6,6,8,7,11,5,4,0,1,3,6,2,6,7,5,6,3,8,6,10,6,4,3,3,7,8,6,4,6,5,4,4,8,6,3,1,1,5,7,5,5,0,4,3,6,9,7,7,13,6,11,6,7,6,5,7,1,3,1,2,8,7,4,5,6,2,6,7,5,1,4,3,3,4,6,4,6,6,5,3,4,3,5,10,0,6,5,5,9,3,5,1,4,2,9,8
FOODS_3_307,FOODS_3,4,4,8,4,6,8,6,12,8,11,6,3,5,9,13,12,6,8,4,11,15,10,15,9,8,8,9,12,9,12,11,5,6,5,12,13,17,7,6,10,21,12,22,6,14,11,10,10,7,9,18,9,9,9,6,13,17,15,6,9,5,9,13,8,12,14,5,7,12,13,9,14,4,11,7,11,8,13,13,10,9,6,5,11,12,8,11,8,6,5,12,8,11,10,10,10,6,8,17,15
FOODS_3_674,FOODS_3,7,6,2,4,10,0,6,4,9,2,2,1,2,6,2,5,7,4,7,7,3,8,9,2,5,1,2,8,8,19,10,2,7,2,3,8,6,8,5,8,1,3,5,2,2,5,2,3,3,0,6,2,2,2,1,0,2,9,7,1,3,4,1,2,5,1,2,0,0,1,1,1,0,1,0,2,3,1,2,1,1,3,3,2,3,0,3,0,0,4,2,1,0,6,0,2,2,4,0,4
FOODS_3_089,FOODS_3,2,3,6,0,1,0,0,1,4,3,3,0,2,0,4,2,2,2,3,0,0,9,2,0,0,3,2,3,2,1,1,1,1,1,0,1,2,0,4,1,1,0,0,0,1,1,0,0,2,2,2,3,1,0,0,0,1,0,1,3,0,1,3,2,0,0,0,0,0,0,0,0,0,0,0,0,0,0,0,0,0,0,0,0,0,0,0,0,0,0,0,0,0,0,0,0,0,0,0,0
FOODS_3_634,FOODS_3,5,3,6,0,3,2,3,5,1,5,5,5,4,4,9,3,3,2,3,2,5,8,7,5,5,2,2,3,6,0,4,0,0,5,6,5,5,3,2,4,2,7,6,14,2,3,1,2,4,8,9,5,5,8,0,9,5,3,3,5,3,2,4,9,5,3,3,1,2,6,6,3,4,0,4,6,4,4,7,6,6,3,1,3,5,4,5,7,0,4,3,7,3,5,3,1,2,5,3,8
FOODS_3_232,FOODS_3,6,4,5,1,4,2,7,7,3,2,0,0,1,6,3,5,4,0,1,4,3,11,3,6,1,0,0,3,2,4,7,2,3,1,3,3,1,2,3,1,2,2,4,5,2,2,0,0,0,3,1,4,4,1,5,0,3,4,4,1,1,2,1,4,5,1,5,1,0,2,5,1,2,4,3,3,3,3,3,3,4,1,3,3,6,1,3,1,3,1,2,6,3,0,3,2,2,5,4,5
FOODS_3_578,FOODS_3,0,0,0,0,1,0,0,0,0,1,0,0,0,0,0,0,0,0,0,0,0,0,0,0,0,0,0,0,0,0,0,0,0,0,0,0,0,0,0,0,0,0,0,0,0,0,0,0,0,0,0,0,0,0,0,0,0,0,0,0,0,0,0,0,0,0,0,7,12,1,5,5,14,2,1,6,1,4,9,8,9,7,10,3,3,4,2,9,9,6,5,8,5,5,1,7,12,6,6,11
FOODS_3_191,FOODS_3,0,0,0,0,0,0,0,0,0,0,0,0,0,1,2,1,3,2,1,6,0,2,5,1,3,1,1,1,4,4,4,6,0,0,1,1,1,2,0,1,0,1,0,0,0,2,1,1,2,3,1,1,1,4,3,2,3,1,0,0,4,2,0,0,1,1,3,0,0,0,1,1,3,1,1,1,4,2,1,0,6,3,0,2,1,1,1,4,2,3,0,1,1,2,6,1,4,1,4,6
FOODS_3_742,FOODS_3,2,2,0,2,2,0,1,2,3,1,1,1,0,3,2,1,2,8,0,1,2,1,4,2,8,3,0,3,0,1,0,1,3,6,2,4,1,0,1,0,1,8,3,0,0,1,3,0,2,3,6,1,2,4,1,0,2,0,0,2,2,1,1,0,3,4,3,1,2,1,0,1,0,2,4,0,0,3,1,0,4,4,0,3,3,1,0,0,0,0,2,4,2,2,2,1,1,5,1,0
FOODS_1_210,FOODS_1,0,0,0,0,0,0,0,0,0,0,0,2,0,0,0,0,0,0,0,0,0,0,0,0,0,0,0,0,0,0,0,0,0,0,0,0,0,0,0,0,0,0,0,0,0,0,0,0,0,0,0,0,0,0,0,1,0,0,0,0,0,0,1,0,0,0,0,0,0,0,0,0,0,0,6,5,10,5,6,9,9,19,6,5,8,14,9,4,0,1,6,12,10,5,16,1,2,0,14,11
FOODS_3_689,FOODS_3,7,6,10,4,7,6,8,6,9,4,4,0,0,6,8,16,4,12,7,1,0,8,10,6,8,11,2,7,16,12,9,4,9,9,8,4,12,9,7,8,7,6,7,9,12,5,10,7,9,9,11,8,11,8,3,8,4,15,5,7,5,5,3,3,5,4,4,3,4,4,2,1,5,1,1,3,4,3,5,4,3,4,3,4,8,2,2,3,2,2,6,2,2,4,0,3,3,3,4,4
FOODS_3_638,FOODS_3,0,0,3,4,4,3,3,5,7,8,2,3,2,3,3,6,0,4,3,7,4,11,10,5,6,4,3,7,3,8,8,4,2,6,2,4,9,1,5,5,5,11,5,2,1,3,2,7,6,6,6,4,3,5,2,4,10,9,4,10,2,3,3,4,8,4,5,1,4,0,10,9,3,3,1,1,4,5,13,3,1,3,11,4,6,8,5,4,6,10,3,1,4,6,4,1,2,6,0,9
FOODS_3_292,FOODS_3,5,2,4,8,7,5,7,7,6,4,7,6,5,4,5,8,5,5,5,4,7,7,4,5,6,7,4,5,4,5,5,3,0,1,0,9,9,4,5,6,2,8,8,2,6,5,12,4,8,4,11,7,5,4,9,6,5,11,7,5,8,6,5,5,2,0,0,4,4,10,8,8,8,2,3,1,6,1,7,9,4,11,6,6,10,7,8,8,9,11,6,5,5,9,3,8,4,8,6,6
FOODS_2_194,FOODS_2,2,5,0,3,3,6,0,0,5,2,4,0,4,3,2,3,2,2,6,2,0,1,6,4,1,0,5,0,0,4,3,2,2,1,0,2,4,2,2,2,0,0,1,1,1,3,3,1,2,3,0,2,6,6,1,0,5,6,4,3,0,3,3,1,3,5,0,1,0,2,0,3,1,2,0,1,0,0,1,1,2,1,2,1,1,2,4,4,2,1,0,2,4,1,2,0,2,2,1,1
FOODS_3_661,FOODS_3,7,10,7,8,6,3,7,9,13,5,2,3,5,9,10,13,6,4,5,8,4,12,7,7,6,7,7,6,10,5,10,5,6,7,6,9,13,7,7,4,5,13,12,14,5,7,9,5,10,4,12,6,10,7,8,4,5,6,2,8,9,4,15,12,3,8,7,5,7,6,15,6,11,7,11,3,5,7,12,7,9,5,6,7,8,12,5,5,4,6,7,9,3,6,12,7,4,5,14,6
FOODS_3_459,FOODS_3,1,0,0,1,3,2,4,4,7,1,0,1,1,3,4,4,2,3,2,0,1,1,5,2,2,2,3,3,4,3,4,3,1,0,2,6,6,1,1,4,2,11,1,5,0,1,3,8,2,4,5,2,2,2,2,2,6,3,2,3,2,4,4,5,5,2,2,1,0,1,3,4,5,0,2,1,5,1,0,1,6,2,1,1,6,4,0,3,7,4,1,8,4,0,5,2,1,5,5,4
FOODS_3_632,FOODS_3,1,3,1,2,0,2,6,2,3,2,5,0,3,1,3,5,3,3,4,3,5,3,7,2,5,2,3,3,2,5,0,3,2,2,2,3,3,3,4,2,3,1,2,2,5,3,2,3,3,2,3,1,9,5,2,7,6,7,2,1,3,1,0,8,4,0,5,3,1,2,8,6,2,0,3,2,2,2,4,3,6,3,2,3,6,1,4,3,2,3,6,4,9,1,1,2,2,1,2,5
FOODS_3_654,FOODS_3,10,6,6,7,8,3,8,10,13,7,9,10,7,10,13,9,4,12,15,9,6,7,4,4,2,8,3,7,9,7,10,5,10,6,11,8,8,6,8,7,6,6,5,10,6,11,7,5,12,11,13,5,7,6,12,9,11,6,12,8,14,4,10,10,10,8,1,10,9,9,6,9,2,3,4,7,5,13,11,6,8,10,7,3,7,3,6,5,8,4,2,9,4,3,4,8,5,10,4,12
FOODS_3_372,FOODS_3,10,10,12,11,10,6,8,4,8,5,7,5,8,11,5,7,7,3,6,5,11,8,0,11,5,8,6,4,11,11,7,14,1,11,10,7,10,6,5,13,6,4,15,13,6,7,3,6,13,11,11,7,6,7,3,6,9,7,9,12,8,9,10,12,3,8,2,7,1,8,12,9,5,3,4,6,4,8,4,7,10,9,4,5,1,2,5,7,8,4,6,16,1,5,2,9,5,7,11,6
FOODS_3_066,FOODS_3,4,13,15,13,5,3,7,7,6,8,9,6,2,12,10,4,5,11,10,4,4,12,7,5,7,6,5,5,13,4,6,3,5,6,6,12,13,7,5,12,7,11,11,11,11,7,7,4,6,7,9,9,4,5,7,5,16,7,3,4,3,8,8,10,7,5,7,6,5,6,8,16,8,4,6,3,6,7,11,4,5,5,4,10,15,5,6,5,3,8,7,7,2,7,1,3,5,8,8,5
FOODS_3_139,FOODS_3,3,4,2,0,6,2,1,4,2,0,0,0,0,3,1,3,3,2,5,1,3,4,2,5,2,3,5,4,0,5,3,5,1,0,3,1,1,2,1,5,0,1,3,6,2,0,6,5,3,2,0,4,2,3,2,3,2,2,2,2,3,2,2,3,2,2,4,4,3,3,5,3,4,1,2,2,3,6,1,5,5,3,3,2,4,3,5,0,3,3,6,3,5,4,1,5,3,3,2,5
FOODS_3_132,FOODS_3,0,4,0,2,0,1,3,1,0,2,2,1,1,0,4,1,1,0,2,1,1,2,1,2,2,1,0,4,2,0,0,0,5,1,2,3,2,1,0,1,3,2,5,2,3,0,3,2,3,1,3,0,0,2,1,2,0,3,1,0,1,0,0,1,2,1,1,1,2,2,1,0,0,1,1,0,2,1,2,2,1,1,1,3,2,2,0,0,1,2,2,1,2,0,2,1,3,1,2,1
FOODS_3_042,FOODS_3,3,2,1,1,0,0,3,0,4,2,2,0,0,2,1,4,2,1,2,2,0,0,2,0,2,1,1,0,1,0,2,2,0,3,0,3,3,0,5,3,2,0,1,5,1,5,1,2,4,1,5,1,1,4,0,6,1,2,2,1,1,2,3,2,0,4,5,2,4,2,1,2,4,3,1,1,1,4,2,3,2,3,2,6,4,3,2,4,4,3,3,1,2,3,3,2,2,7,3,5
FOODS_3_236,FOODS_3,0,0,0,0,0,0,0,0,0,0,0,0,0,0,0,0,0,0,0,7,9,12,19,8,8,10,9,14,5,7,8,6,8,6,2,5,15,11,8,7,6,7,8,12,9,7,8,6,5,8,13,12,3,7,4,7,9,20,5,15,19,4,4,6,4,12,1,7,7,5,8,5,8,7,3,2,3,7,6,8,5,8,1,2,6,8,8,6,5,3,1,3,7,5,5,2,3,2,5,3
FOODS_2_101,FOODS_2,0,0,6,1,0,2,7,3,5,3,4,0,1,0,0,0,3,2,0,8,3,4,5,4,2,7,6,4,4,0,0,3,3,4,4,7,3,5,4,5,3,5,4,2,6,5,3,5,3,3,2,2,5,4,4,9,6,5,0,5,4,1,5,3,3,6,1,4,2,4,2,3,4,1,5,8,4,3,6,4,3,5,8,4,2,7,5,7,1,4,3,6,0,0,5,4,3,0,3,2
FOODS_1_106,FOODS_1,5,3,2,0,0,0,3,3,16,8,5,1,0,0,0,0,3,3,2,2,2,2,2,0,2,3,3,3,5,0,2,1,0,0,9,2,1,9,0,1,0,6,5,1,0,0,3,8,2,12,10,4,4,3,3,6,3,0,0,0,0,0,12,0,0,3,4,5,6,2,4,0,0,0,0,0,5,3,8,2,1,9,1,1,7,8,16,0,0,1,3,5,2,0,6,2,2,7,7,6
FOODS_3_257,FOODS_3,1,1,4,1,4,8,0,2,5,4,3,0,2,3,6,1,5,5,2,2,5,3,5,1,0,1,2,4,4,3,2,1,4,1,3,5,1,4,5,1,0,5,3,1,6,0,4,3,7,6,3,3,5,2,2,7,1,0,4,4,3,2,1,2,4,1,3,0,4,0,2,1,2,1,2,3,0,2,5,3,3,2,4,2,1,5,1,1,1,2,6,1,2,0,5,2,1,0,3,4
FOODS_3_788,FOODS_3,0,0,3,3,8,2,0,2,6,3,7,2,2,3,3,3,4,6,5,6,3,1,6,2,1,3,5,0,2,4,2,0,4,5,4,1,2,8,4,2,1,4,0,2,6,4,2,5,4,4,4,3,3,5,1,3,6,6,2,2,3,1,2,2,5,6,2,0,0,1,3,2,4,3,7,2,5,5,4,6,1,4,2,4,2,2,2,1,0,3,3,2,2,1,4,1,1,1,2,3
FOODS_3_021,FOODS_3,0,0,1,0,0,2,0,1,1,0,1,4,2,2,3,0,1,1,2,2,1,1,4,2,2,1,0,2,2,4,2,1,1,3,0,0,3,3,1,3,0,2,3,4,0,0,1,0,0,1,1,1,2,3,2,0,0,0,1,0,0,1,1,3,3,0,2,0,2,0,0,1,2,1,1,1,2,0,1,3,0,2,0,2,0,1,0,0,2,0,5,0,1,1,5,2,2,0,3,4
FOODS_3_026,FOODS_3,6,0,1,0,0,0,2,2,0,3,2,2,4,2,8,3,0,1,2,1,1,2,2,2,0,0,1,2,2,0,2,0,1,4,1,2,0,0,0,1,0,0,0,2,0,1,2,1,3,2,1,0,3,2,2,0,2,0,0,0,0,0,1,0,1,3,2,1,2,0,1,2,2,1,4,1,2,2,1,1,2,1,6,0,2,0,3,2,1,1,2,0,0,0,0,7,2,0,0,4
FOODS_3_786,FOODS_3,0,5,3,5,1,2,3,0,1,5,2,5,1,0,0,3,2,3,1,0,0,1,4,2,4,2,1,1,6,9,4,4,2,1,7,4,0,4,4,1,2,1,4,0,1,4,2,5,0,4,5,8,0,1,3,0,3,3,6,2,0,1,0,2,2,2,5,3,3,1,2,0,0,3,5,1,5,1,1,1,1,4,1,0,2,1,0,3,0,1,2,1,4,0,0,0,1,1,0,2
FOODS_2_061,FOODS_2,4,3,4,4,4,4,0,7,6,3,5,3,1,1,2,9,5,0,7,0,7,1,5,8,2,4,3,9,0,2,5,5,0,0,0,0,0,0,0,0,2,3,1,0,0,3,4,4,3,2,2,0,5,6,6,2,10,5,4,3,2,6,0,2,8,5,2,4,0,8,3,0,2,5,4,0,12,2,6,4,9,1,2,3,7,2,8,6,4,1,3,0,1,2,5,5,2,0,4,5
FOODS_2_082,FOODS_2,6,2,0,8,4,5,7,7,6,9,1,1,5,2,2,5,4,3,3,3,6,4,7,8,5,6,1,1,5,6,5,3,2,3,5,6,7,2,2,2,4,2,0,4,3,1,2,2,3,5,3,8,5,6,6,1,4,7,2,4,2,3,1,7,3,1,7,0,3,2,10,6,2,4,3,6,3,2,6,3,3,2,5,3,5,4,1,7,6,4,0,7,3,2,1,4,4,0,2,2
FOODS_3_279,FOODS_3,3,3,3,4,0,3,1,4,5,2,3,4,3,6,4,6,4,1,3,0,0,4,8,4,5,1,4,2,5,6,5,3,5,9,3,7,10,4,5,4,4,6,5,8,5,2,0,2,4,5,6,5,5,4,5,1,8,9,10,3,5,6,2,3,3,4,1,1,1,4,3,1,0,0,4,4,0,6,4,2,1,2,1,3,4,0,1,0,3,1,1,1,1,1,0,1,4,1,1,5
FOODS_3_117,FOODS_3,8,1,3,3,1,3,2,1,6,4,4,0,0,3,5,3,0,3,3,3,2,2,5,1,6,4,0,3,1,1,5,0,2,1,4,5,1,3,1,0,0,5,3,1,0,0,2,3,2,2,0,4,4,2,1,0,4,1,1,2,2,1,1,1,1,2,1,1,1,3,1,0,5,0,2,0,2,3,1,1,0,0,4,1,0,0,5,2,1,5,6,2,7,3,1,0,1,0,0,8
FOODS_3_793,FOODS_3,5,7,7,5,5,2,2,4,7,5,2,6,0,0,4,5,3,3,4,7,2,4,4,4,9,5,4,4,10,5,2,7,7,8,5,1,7,0,5,2,0,4,4,9,1,3,6,4,3,4,8,1,2,9,7,5,4,6,4,1,3,5,2,6,3,0,0,5,3,2,3,5,3,3,5,2,3,6,6,7,4,0,2,4,4,2,3,2,5,3,1,6,3,4,5,2,4,4,3,5
FOODS_3_014,FOODS_3,2,0,1,0,0,2,3,4,0,2,2,1,0,0,0,1,0,1,1,1,6,1,1,2,3,2,0,0,1,1,2,0,2,5,4,1,2,0,0,4,0,1,0,4,0,1,0,1,4,2,0,0,0,0,0,1,3,5,3,1,0,2,1,1,0,0,0,1,0,4,1,0,0,2,1,0,2,0,2,6,0,0,2,2,1,2,1,2,1,0,1,4,0,3,2,5,3,0,2,0
FOODS_3_721,FOODS_3,0,8,2,3,1,3,2,1,1,1,0,0,1,0,0,0,1,3,2,1,0,0,2,1,1,13,2,3,10,0,0,2,0,2,1,0,2,0,0,0,0,0,1,0,1,0,0,1,1,1,2,2,1,2,1,4,6,0,1,3,0,2,0,0,0,2,1,0,0,1,1,0,0,0,0,0,1,0,3,0,1,5,4,1,3,13,0,0,1,1,2,0,2,0,1,0,0,2,0,2
FOODS_3_115,FOODS_3,1,3,3,3,1,0,1,0,3,2,1,0,0,3,2,2,2,0,1,3,1,2,3,3,1,0,0,0,2,2,2,2,0,0,2,1,2,2,3,0,1,3,2,0,4,0,2,1,1,0,2,2,2,1,0,0,1,1,1,3,1,2,0,2,1,1,3,0,1,0,4,0,2,1,0,1,1,3,1,1,5,0,1,2,0,0,1,1,0,0,0,4,1,0,0,1,2,2,2,2
FOODS_1_083,FOODS_1,22,1,8,0,4,3,5,0,6,4,6,3,4,12,12,7,1,2,2,13,4,6,11,3,0,0,2,10,0,0,0,1,1,2,1,3,3,4,3,1,1,4,14,14,4,0,0,2,4,1,3,1,4,2,7,6,4,0,3,4,4,4,4,0,5,2,1,1,0,0,4,2,7,1,2,4,2,5,6,3,1,5,5,8,2,3,2,0,0,2,4,3,4,3,1,1,2,8,4,4
FOODS_3_059,FOODS_3,8,2,1,2,2,1,1,5,2,1,1,1,0,3,3,1,1,4,8,4,1,7,5,5,3,2,6,3,3,4,2,2,1,5,3,7,4,4,3,2,1,1,4,6,2,3,1,2,11,0,4,4,6,2,2,2,6,6,0,2,0,2,3,1,5,0,4,2,2,4,4,4,0,1,0,1,2,1,1,2,0,0,0,0,0,0,6,1,0,2,3,4,0,3,4,12,5,3,14,7
FOODS_3_154,FOODS_3,0,0,2,2,0,0,2,1,1,1,0,1,2,2,2,2,0,1,2,1,2,0,3,0,3,1,2,2,2,2,1,1,2,2,0,0,2,1,1,1,1,3,1,1,0,2,0,1,2,0,2,1,3,2,0,2,2,3,0,0,1,2,1,2,2,0,0,1,1,0,2,5,0,1,0,1,2,1,1,2,0,1,1,3,0,0,0,1,1,1,2,1,1,2,0,0,1,1,2,0
FOODS_3_176,FOODS_3,9,3,3,0,2,3,1,4,4,3,0,4,2,2,5,1,4,3,10,3,4,8,0,5,3,3,1,1,6,4,2,5,1,5,0,5,2,7,2,6,0,0,1,0,0,2,3,7,3,1,8,3,9,2,3,4,1,0,0,0,0,0,0,0,0,0,12,0,1,0,0,0,0,0,2,3,3,0,4,0,0,0,0,0,6,6,0,0,0,0,8,0,2,1,0,0,5,4,2,1
FOODS_3_238,FOODS_3,0,0,0,0,0,4,3,0,1,0,7,5,5,4,3,1,2,0,2,3,2,8,0,3,6,4,4,3,6,8,0,2,4,1,2,5,5,1,1,3,7,9,10,7,3,4,1,3,9,8,13,4,3,3,4,7,13,5,4,3,5,2,7,10,5,5,1,1,4,8,9,4,3,0,3,7,6,4,4,3,2,7,6,1,2,6,2,5,6,4,10,6,2,9,6,11,2,3,8,5
FOODS_1_023,FOODS_1,3,0,0,4,3,4,7,2,4,3,3,7,3,4,1,4,3,4,2,5,6,13,0,4,3,9,7,4,5,6,4,3,3,9,2,2,3,6,7,4,3,2,1,4,7,10,7,8,14,4,3,3,13,1,4,4,4,5,4,3,7,3,6,1,5,3,4,10,6,5,13,2,3,3,5,7,9,6,3,7,5,6,5,7,2,1,2,1,5,5,2,14,6,12,6,1,7,3,3,11
FOODS_3_217,FOODS_3,3,0,1,2,4,0,1,2,2,3,4,1,1,2,1,2,2,1,3,3,1,0,1,0,1,0,1,2,2,1,3,0,6,0,1,2,0,1,1,1,1,1,0,1,2,1,1,2,0,0,2,0,3,1,2,3,2,4,0,4,1,2,0,3,1,1,3,0,2,1,2,1,5,0,3,1,1,2,1,0,0,1,3,0,2,2,2,1,1,0,1,1,3,0,2,0,1,1,3,0
FOODS_3_156,FOODS_3,0,2,1,0,1,0,5,8,1,2,0,0,1,2,1,0,2,1,2,1,8,0,0,0,0,0,3,2,1,0,1,0,1,1,0,3,1,2,3,0,0,1,3,4,0,1,3,1,1,1,5,3,3,0,0,0,4,1,4,4,0,2,2,2,2,1,0,4,2,2,1,2,1,2,2,2,3,5,3,0,2,0,1,0,3,1,3,3,1,2,3,3,0,1,0,1,1,0,3,4
FOODS_2_056,FOODS_2,4,2,3,2,4,3,2,4,4,1,0,2,1,8,3,4,3,0,3,3,3,6,4,5,6,2,1,3,1,5,1,5,3,2,3,4,7,2,0,2,3,2,4,1,5,7,6,2,1,0,5,4,2,4,3,2,5,3,2,4,6,3,3,1,2,4,6,4,4,1,7,6,1,0,5,6,4,3,3,5,4,4,4,3,7,5,5,6,3,6,5,5,5,2,0,6,1,4,2,6
FOODS_2_357,FOODS_2,2,4,0,2,2,2,0,2,7,6,1,5,3,1,0,1,0,2,1,4,2,1,12,4,0,0,3,1,3,0,0,1,0,6,2,4,3,0,2,4,1,4,1,0,3,0,0,1,4,0,0,2,6,0,3,2,0,7,3,0,0,2,1,2,1,4,3,2,0,2,1,2,2,1,1,1,0,0,1,3,1,4,3,3,4,2,1,2,1,0,1,0,6,8,0,0,3,1,1,4
FOODS_3_041,FOODS_3,6,1,5,4,4,3,2,11,8,5,3,5,12,3,4,8,4,6,2,3,2,4,7,2,4,5,3,4,6,9,3,3,5,3,6,3,4,6,5,3,6,5,0,2,4,5,3,2,4,5,3,5,3,4,1,6,9,6,3,5,1,1,3,11,10,6,9,0,3,5,5,6,3,3,3,3,3,9,9,4,2,6,2,3,6,7,5,4,0,4,1,5,14,3,1,4,2,4,6,3
FOODS_1_194,FOODS_1,5,5,2,2,4,0,0,0,0,0,0,0,1,8,4,7,4,5,1,2,2,4,14,4,3,2,7,4,2,2,4,4,3,3,4,4,4,2,2,3,5,1,5,5,2,2,2,1,2,3,3,0,6,2,3,3,7,3,5,3,2,0,0,2,5,0,2,4,6,1,7,0,0,0,0,1,0,2,6,3,3,5,0,8,5,7,5,3,0,2,2,3,6,4,2,1,4,1,3,4
FOODS_1_215,FOODS_1,11,6,5,1,1,4,4,17,1,3,3,1,13,8,10,1,0,0,0,7,2,3,1,1,13,4,4,5,19,3,6,0,0,1,5,15,1,12,4,0,13,10,7,0,0,6,1,3,8,10,19,3,0,0,6,6,10,1,2,1,4,14,4,17,0,0,5,3,5,5,5,2,0,0,4,16,11,5,12,1,3,2,5,1,12,4,5,4,0,4,3,1,0,0,10,3,4,8,3,14
FOODS_3_142,FOODS_3,5,0,0,0,2,2,1,3,4,0,2,3,3,3,0,0,0,2,4,2,4,0,0,0,7,4,1,0,2,6,3,6,3,4,0,9,2,0,7,4,2,5,6,4,7,0,1,0,3,5,7,6,6,2,6,4,5,4,0,12,2,6,8,4,1,3,10,4,6,3,6,14,5,2,0,0,4,8,17,6,5,7,4,10,2,9,0,8,4,3,6,8,6,0,4,1,9,7,2,2
FOODS_2_285,FOODS_2,5,1,3,8,6,0,0,4,7,2,2,3,1,9,0,4,3,4,1,2,4,6,5,7,3,3,7,3,7,1,5,6,3,1,2,3,7,1,0,0,0,0,6,0,0,4,2,0,0,6,6,0,5,2,3,4,9,6,6,1,7,4,4,1,5,9,4,1,3,4,4,3,2,3,1,2,2,5,3,4,3,4,3,3,3,18,5,1,4,6,1,2,4,0,3,2,2,6,3,5
FOODS_1_013,FOODS_1,5,7,7,5,1,4,11,20,9,4,3,2,8,0,12,5,5,3,3,17,2,5,9,7,8,0,0,10,8,4,1,8,25,2,0,1,5,3,1,12,1,1,1,1,0,10,2,0,0,7,0,5,1,3,2,5,1,6,12,8,0,0,0,0,0,3,12,1,4,2,6,0,4,3,1,0,3,5,0,0,1,0,3,0,0,3,1,1,1,1,1,2,1,0,2,0,3,0,1,0
FOODS_1_166,FOODS_1,3,5,1,1,1,3,3,4,2,2,2,0,5,4,0,5,5,8,4,2,0,1,5,3,0,2,2,5,3,7,2,3,3,1,6,3,4,5,0,0,0,1,5,8,3,1,3,1,2,3,7,2,2,2,1,0,2,2,2,2,3,1,7,1,5,2,3,0,1,4,6,4,1,1,6,5,1,5,1,4,1,1,5,4,7,2,5,0,2,0,6,1,9,5,0,0,1,3,4,7
FOODS_3_566,FOODS_3,29,18,5,14,27,7,26,14,7,25,33,9,8,11,13,22,19,15,14,12,27,18,19,13,36,13,10,3,7,15,7,19,4,9,2,7,11,31,0,3,8,2,9,9,0,9,1,1,6,6,8,4,23,17,3,5,5,10,1,5,12,1,1,4,10,2,5,0,4,4,1,6,11,4,8,7,4,6,12,9,0,11,4,1,10,2,1,6,10,8,10,9,6,5,2,0,0,2,20,4
FOODS_3_302,FOODS_3,0,0,0,10,9,4,6,12,6,10,3,6,6,4,8,0,2,12,10,1,4,12,7,5,2,3,3,5,11,5,2,11,12,1,0,2,0,0,7,4,3,3,2,3,7,9,0,2,2,6,9,10,18,4,1,1,10,13,7,4,4,6,1,3,6,6,5,6,2,3,5,2,7,4,1,3,5,10,3,10,6,4,7,1,6,5,9,5,5,9,5,3,2,10,4,4,8,5,5,3
FOODS_2_304,FOODS_2,3,4,6,7,4,4,3,7,4,2,3,5,2,1,5,6,3,2,3,1,1,6,3,2,6,4,0,5,3,6,2,1,5,1,5,3,4,4,2,1,2,4,4,2,6,4,1,1,5,5,3,3,7,4,1,2,5,6,2,2,3,4,0,6,4,2,5,1,3,3,3,3,5,2,4,3,3,2,4,2,2,5,1,2,2,3,4,4,1,4,2,2,4,4,4,5,1,2,2,2
FOODS_1_087,FOODS_1,2,2,1,3,7,2,2,1,4,2,1,1,3,5,2,2,4,5,5,1,3,6,11,4,9,11,13,7,7,5,6,8,12,7,5,5,6,2,13,12,2,1,1,5,5,4,8,2,7,6,3,13,4,6,2,4,2,6,2,0,4,1,7,3,3,3,5,12,4,3,3,4,4,2,3,7,4,1,6,13,3,5,4,6,2,1,2,3,5,7,3,5,6,10,5,6,9,4,2,3
FOODS_3_628,FOODS_3,1,5,7,3,2,0,0,7,4,4,1,4,5,6,9,5,2,5,0,1,4,6,7,4,4,5,4,7,4,4,5,2,1,3,1,7,9,4,6,2,5,3,8,15,1,3,2,2,4,6,8,3,6,4,4,6,9,2,7,3,6,4,7,6,3,6,5,1,0,1,6,6,2,4,2,5,3,5,6,3,2,2,6,6,7,7,11,6,0,1,6,7,9,10,2,3,0,2,7,9
FOODS_3_508,FOODS_3,1,1,2,1,0,4,0,0,4,1,2,0,0,1,2,1,0,1,2,5,0,3,3,2,2,2,1,2,1,2,0,2,4,0,0,2,2,0,2,1,1,3,2,1,0,3,3,0,2,1,2,1,2,7,2,0,2,5,1,2,1,0,0,0,0,1,2,3,1,4,2,2,3,1,4,1,1,2,1,1,5,3,0,2,4,1,0,1,0,0,0,0,2,1,2,1,0,1,4,13
FOODS_3_301,FOODS_3,2,0,1,1,0,0,1,2,2,4,0,2,4,1,2,3,1,3,1,1,1,1,3,0,1,0,2,1,1,5,2,3,1,2,1,1,1,2,1,0,1,2,1,2,2,1,1,2,1,2,1,4,3,1,2,1,2,2,2,1,0,2,2,1,0,1,2,0,1,1,0,3,3,3,0,2,2,1,4,2,3,0,1,1,0,2,1,2,0,2,1,2,4,0,1,0,0,0,1,1
FOODS_2_289,FOODS_2,4,2,6,3,0,2,6,5,0,5,3,6,3,5,2,3,2,1,1,5,4,1,5,4,1,7,1,3,3,3,5,3,0,0,2,3,0,3,0,1,0,8,4,5,4,2,4,4,4,3,5,5,0,1,0,1,5,7,3,2,2,1,2,1,3,0,6,3,2,6,0,6,3,5,2,3,3,6,8,5,2,1,0,9,1,0,5,0,0,0,6,0,4,3,2,6,0,3,6,4
FOODS_2_274,FOODS_2,2,3,1,4,3,2,6,2,6,5,3,3,1,2,2,5,7,4,1,5,1,4,5,4,2,4,2,3,5,1,1,0,2,7,0,2,10,3,1,3,1,0,2,2,3,3,2,2,2,0,1,8,5,1,1,0,2,5,13,3,7,2,2,0,6,2,3,4,4,0,1,2,7,3,2,4,1,1,1,4,7,1,2,3,4,5,5,2,3,3,0,0,2,3,1,5,0,2,2,1
FOODS_2_384,FOODS_2,2,2,3,5,6,5,0,4,4,0,5,7,3,1,0,0,0,3,4,5,4,8,5,13,8,4,4,3,6,9,6,2,2,4,4,3,2,11,4,3,4,7,0,4,9,2,5,5,4,7,9,3,2,3,2,8,5,4,6,5,6,2,0,2,4,3,1,2,0,2,5,0,4,0,3,2,4,2,4,2,4,5,6,5,2,1,2,2,3,2,9,3,4,4,3,2,8,2,2,3
FOODS_2_116,FOODS_2,0,0,0,2,1,0,1,0,2,0,0,0,0,0,0,0,2,2,2,0,0,0,2,0,0,0,0,1,0,0,1,0,3,2,0,1,1,0,1,2,0,2,2,0,0,1,1,0,0,1,0,1,3,0,0,0,0,0,0,0,0,0,0,2,4,2,2,0,0,2,1,4,0,0,0,3,0,2,0,6,0,0,2,0,3,2,0,0,0,0,2,0,0,0,0,0,2,1,1,2
FOODS_1_201,FOODS_1,5,2,7,4,4,3,0,10,8,3,2,4,3,0,6,11,4,0,2,0,1,0,7,6,3,9,4,2,8,2,7,1,3,4,7,8,3,3,2,3,0,0,8,2,1,8,2,1,0,1,10,2,0,1,6,4,1,10,0,1,2,2,0,2,3,5,1,0,2,2,0,0,1,2,2,0,0,3,11,3,2,0,0,5,1,2,2,7,6,2,2,2,5,1,2,2,1,0,2,5
FOODS_3_184,FOODS_3,0,0,0,0,0,0,0,0,0,0,0,4,1,0,0,0,0,3,0,2,2,0,0,0,0,0,0,0,0,0,0,0,3,5,1,2,0,5,0,1,4,6,0,0,0,2,5,3,3,5,2,8,4,3,3,1,5,4,3,2,0,1,0,3,6,3,2,1,3,2,4,1,5,2,0,2,3,3,3,5,0,1,1,2,2,2,4,1,0,3,1,3,2,3,0,4,0,1,3,6
FOODS_3_224,FOODS_3,1,2,5,2,0,3,0,1,0,2,1,0,1,2,1,1,1,2,0,0,1,1,1,1,2,2,3,1,5,2,2,1,2,1,0,4,0,0,1,2,0,3,1,5,3,3,0,1,1,1,1,0,1,2,1,2,2,3,2,2,2,2,3,3,2,1,3,1,0,2,2,1,1,0,0,1,1,0,4,2,0,1,0,3,4,2,2,3,2,2,0,3,2,2,2,3,0,1,4,1
FOODS_3_551,FOODS_3,0,5,2,3,1,2,2,3,3,0,0,1,2,2,2,1,1,2,2,1,0,2,8,4,2,4,2,2,2,6,3,2,5,1,1,0,4,4,1,1,3,1,3,3,1,4,0,3,1,3,2,2,2,4,1,2,4,5,3,0,2,2,1,0,5,1,0,0,2,1,1,2,3,0,5,1,1,4,4,3,1,5,3,4,1,4,2,4,6,3,1,7,4,2,2,6,6,1,2,0
FOODS_3_590,FOODS_3,0,0,0,0,1,2,2,0,0,0,2,0,0,2,0,0,0,0,0,0,0,0,0,0,0,0,0,0,0,0,0,0,0,3,2,6,2,7,2,0,2,1,5,3,4,0,4,0,3,3,3,5,3,4,2,3,7,3,1,1,1,2,3,7,8,0,3,0,3,0,2,2,7,2,2,3,0,5,0,3,2,2,6,0,4,4,3,5,5,1,3,5,4,2,6,2,1,2,3,7
FOODS_1_045,FOODS_1,5,1,0,0,0,0,0,0,8,2,4,2,0,1,5,1,4,1,2,4,2,8,1,1,0,0,0,2,7,2,2,5,1,2,6,4,2,0,3,2,2,1,1,1,0,0,0,1,0,0,1,0,0,0,0,0,0,0,0,0,0,0,0,0,0,0,1,3,4,6,4,0,0,3,1,0,3,1,8,6,1,4,2,2,2,0,1,2,4,0,4,3,2,1,2,0,2,1,2,1
FOODS_3_241,FOODS_3,5,3,3,0,4,3,1,2,6,2,4,1,4,4,7,5,3,0,2,1,2,7,7,0,5,2,3,3,3,1,8,4,0,3,14,0,0,1,3,3,4,3,0,2,1,0,0,0,0,0,0,2,0,0,0,0,0,0,2,1,0,0,0,2,2,3,5,2,2,2,2,3,7,1,3,0,5,1,6,10,3,1,1,1,2,2,4,3,2,3,5,4,4,5,5,3,1,5,2,4
FOODS_3_795,FOODS_3,6,3,9,3,9,5,9,11,5,4,4,2,5,8,8,8,7,8,2,4,8,4,4,9,6,6,2,8,6,7,8,5,3,5,9,11,6,7,3,8,9,3,5,9,6,2,1,2,4,4,11,6,10,1,4,4,2,5,8,4,2,0,6,5,4,5,7,2,2,4,5,8,4,1,7,3,5,3,9,4,7,3,2,2,6,8,4,1,3,6,2,7,7,3,3,5,1,2,3,8
FOODS_3_138,FOODS_3,3,2,3,4,2,0,2,1,7,6,0,6,1,2,9,7,6,8,2,5,1,2,3,4,2,3,3,3,2,6,1,3,3,2,3,1,3,2,3,3,6,1,6,2,2,0,1,6,7,4,3,2,0,3,4,1,1,3,1,6,0,2,3,2,9,4,6,2,0,3,2,1,6,1,4,2,4,2,5,0,7,2,3,1,1,1,3,2,3,1,2,2,2,3,1,0,2,2,4,8
FOODS_3_479,FOODS_3,2,0,2,1,5,5,1,9,0,7,1,2,1,5,5,0,0,2,1,2,1,0,1,1,2,2,1,1,4,0,2,3,2,0,1,2,1,3,2,2,0,7,0,1,0,4,0,3,2,0,1,2,3,3,5,0,3,2,2,2,3,3,2,1,0,2,1,0,2,0,16,2,1,2,0,1,4,7,2,1,5,4,0,0,0,2,3,1,1,0,16,0,2,1,0,0,1,8,0,0
FOODS_3_249,FOODS_3,0,0,0,0,0,0,1,0,0,0,0,1,0,1,0,1,0,0,1,0,0,0,0,0,0,0,0,1,0,0,0,0,0,3,3,8,3,5,2,6,1,2,0,5,4,3,3,6,2,1,2,6,2,4,5,2,3,5,14,3,4,2,3,5,9,1,0,2,5,8,0,3,3,2,5,5,3,2,3,0,3,2,2,2,4,7,2,3,3,8,5,3,4,2,3,3,3,1,1,1
FOODS_3_646,FOODS_3,0,0,0,0,0,0,0,0,0,0,2,0,0,0,0,0,1,0,0,0,0,0,0,0,0,0,0,0,0,1,0,0,0,0,0,4,3,3,1,1,6,1,5,2,4,1,2,0,2,3,1,3,1,3,1,1,2,5,8,1,3,3,4,3,8,5,2,0,1,1,4,3,7,0,4,2,1,1,3,3,1,0,2,0,4,4,2,7,3,5,1,7,3,2,2,0,2,0,1,5
FOODS_2_139,FOODS_2,9,4,2,4,0,0,0,0,0,0,5,2,1,0,1,2,3,3,2,2,1,2,0,0,10,2,2,3,1,6,3,3,1,1,1,3,8,4,0,3,5,3,2,4,0,1,3,4,2,2,7,5,2,1,5,3,1,5,6,3,0,3,3,2,1,2,2,1,2,1,1,1,11,3,3,0,0,2,1,1,0,3,7,0,0,0,0,0,3,4,2,0,1,2,0,2,0,1,2,3
FOODS_2_306,FOODS_2,0,0,2,2,1,20,0,0,0,5,1,0,1,0,11,9,0,2,95,2,0,0,3,2,0,2,3,2,1,0,2,2,2,1,1,3,1,3,1,1,1,0,1,3,2,0,2,3,0,0,1,3,6,0,0,0,1,2,0,15,9,0,0,9,0,0,0,0,0,0,0,0,63,0,0,2,18,5,2,1,0,7,3,2,4,2,3,8,1,3,12,0,0,0,0,1,1,7,2,2
FOODS_2_283,FOODS_2,0,4,7,0,1,5,1,4,0,1,1,0,2,1,7,2,0,2,2,3,0,0,1,2,2,0,3,0,8,0,1,3,0,1,0,2,4,0,6,3,4,3,4,2,0,1,0,0,0,2,2,4,1,0,0,3,2,0,2,0,1,0,2,2,1,2,0,5,0,9,2,2,0,1,0,4,2,1,1,1,0,2,6,0,0,0,0,1,5,1,0,0,0,1,0,0,2,0,0,1
FOODS_3_584,FOODS_3,2,3,3,1,0,0,0,3,2,4,0,4,1,2,0,2,1,2,0,2,2,5,1,0,5,0,0,0,7,0,0,0,2,0,0,1,0,0,1,1,0,0,0,5,1,1,0,0,3,3,0,1,1,1,1,0,2,0,0,0,1,3,0,0,3,0,2,0,0,0,2,1,3,2,0,0,2,1,2,0,16,1,4,5,4,0,3,3,3,1,0,0,2,0,3,0,0,2,4,3
FOODS_1_113,FOODS_1,3,3,2,4,9,1,1,2,4,2,4,0,2,3,5,0,0,2,0,3,1,2,4,4,6,5,15,2,2,0,0,1,3,1,3,2,3,5,12,6,6,14,22,4,0,0,0,0,0,6,1,1,5,0,1,5,7,4,4,4,1,3,6,8,7,0,0,2,2,7,8,8,3,4,0,4,0,3,4,7,12,2,5,2,3,2,3,11,4,3,3,1,0,2,5,8,7,8,8,5
FOODS_3_823,FOODS_3,3,8,2,3,5,7,9,3,12,7,8,1,9,5,7,10,11,5,10,3,0,4,6,9,8,8,6,4,6,7,9,3,3,0,0,0,0,0,0,0,0,0,0,0,0,0,0,0,0,0,0,0,0,0,0,0,0,0,2,7,4,3,2,2,2,3,3,2,3,4,1,0,2,6,0,4,2,3,6,5,1,4,3,0,3,3,4,2,3,2,3,4,2,1,1,4,1,2,1,2
FOODS_1_121,FOODS_1,1,6,2,1,4,1,2,0,1,0,2,2,0,1,2,3,3,0,0,0,3,2,0,1,4,1,2,1,0,0,3,0,1,0,0,0,0,1,2,0,0,1,1,0,2,0,1,0,0,0,0,0,2,0,1,1,0,0,1,0,0,0,1,2,1,1,0,0,0,1,0,0,0,0,0,0,0,1,0,0,0,2,2,0,1,2,3,1,1,1,1,3,6,0,2,3,0,7,1,4
FOODS_2_086,FOODS_2,3,4,3,1,2,4,2,6,7,5,2,4,5,1,3,6,2,4,3,3,4,1,4,4,2,7,4,3,3,10,4,9,6,1,10,7,5,2,3,4,4,12,6,2,0,5,7,3,9,2,9,2,3,4,6,10,6,8,1,3,1,7,3,4,1,1,6,0,5,4,5,1,3,3,3,9,5,4,0,3,3,4,2,4,1,3,2,5,0,1,2,6,0,3,0,7,8,3,5,9
FOODS_3_082,FOODS_3,1,3,4,2,1,0,3,0,1,1,0,1,2,0,2,1,1,2,0,1,0,0,2,3,3,4,0,0,1,1,4,0,0,2,0,2,0,0,0,1,1,0,1,0,0,1,0,0,0,4,2,0,0,2,1,2,3,0,0,1,1,1,0,0,1,2,4,1,1,2,2,0,0,2,0,0,1,0,4,1,2,3,1,0,1,0,0,4,4,0,1,0,0,1,2,0,2,2,1,2
FOODS_1_200,FOODS_1,40,36,25,16,15,20,13,14,9,19,22,16,13,51,36,31,9,9,19,5,8,8,20,12,12,8,17,13,15,12,4,4,4,3,1,4,4,11,6,5,3,7,25,10,4,4,8,10,0,4,6,2,8,2,3,6,8,5,6,10,4,1,2,8,2,0,2,0,3,3,16,15,5,9,4,2,8,15,10,4,7,1,7,11,19,7,3,3,1,2,12,18,4,4,2,7,12,5,9,13
FOODS_3_248,FOODS_3,1,2,2,0,2,2,2,0,3,1,0,2,0,2,2,1,0,0,1,3,2,1,3,1,0,2,1,2,2,2,1,2,1,0,2,0,1,2,5,1,1,1,2,2,4,0,2,2,0,2,3,4,2,1,1,0,3,1,5,1,1,2,2,0,2,1,4,0,1,2,3,2,1,2,2,0,0,2,3,2,1,1,0,2,0,5,2,0,2,3,0,1,2,1,1,2,1,1,1,1
FOODS_3_565,FOODS_3,2,4,7,2,1,2,3,1,3,3,2,3,4,2,3,5,4,4,1,2,3,9,4,1,4,0,0,7,2,1,2,1,2,1,1,3,3,2,1,6,0,5,4,9,4,2,2,5,4,3,5,5,2,9,1,3,0,4,2,9,3,4,3,9,2,4,3,2,3,6,3,8,5,4,1,1,4,6,1,2,3,4,5,2,2,2,1,2,11,3,4,9,6,5,3,5,3,5,4,4
FOODS_1_172,FOODS_1,3,0,8,1,4,2,4,5,8,9,2,6,4,2,6,8,1,6,4,6,1,2,5,8,4,6,1,2,2,3,9,0,1,1,0,0,2,2,3,3,2,3,1,1,0,0,3,0,1,3,0,2,1,1,1,2,2,1,0,1,0,0,1,0,0,0,1,1,0,2,2,1,0,0,0,1,2,0,3,1,8,0,1,0,0,2,0,0,0,0,2,2,3,1,1,1,1,0,1,0
FOODS_3_126,FOODS_3,5,2,4,3,4,1,3,10,7,5,0,1,4,3,8,5,3,5,1,3,5,4,6,3,6,3,1,5,2,6,1,3,3,2,4,3,3,2,3,6,4,3,4,2,3,2,1,3,0,5,4,5,4,3,3,1,1,5,1,3,4,1,1,2,4,2,1,1,2,3,8,3,2,1,0,1,2,8,2,1,2,8,0,4,3,1,4,1,2,1,2,3,3,1,1,2,1,3,3,5
FOODS_2_247,FOODS_2,2,3,4,0,2,6,1,3,1,1,3,4,7,3,3,6,3,1,0,5,0,4,3,3,2,1,7,0,1,4,0,4,0,1,1,4,3,4,0,0,0,0,0,0,0,0,2,1,6,0,3,1,3,0,0,2,3,4,4,3,1,2,1,2,4,4,0,4,0,1,5,0,0,1,3,1,3,3,11,2,2,0,6,1,7,0,3,3,3,0,6,3,3,4,0,1,2,2,0,5
FOODS_1_120,FOODS_1,0,0,0,0,0,0,0,0,0,0,0,0,0,0,0,0,0,0,0,0,0,0,0,0,0,0,0,0,0,0,0,0,0,0,0,0,0,0,0,0,0,0,0,0,0,0,0,0,0,0,0,0,0,0,0,0,0,0,0,0,0,0,0,0,0,0,0,0,0,0,0,0,0,0,4,2,3,2,2,10,3,26,3,7,7,2,18,2,1,1,3,7,35,2,0,1,3,0,2,2
FOODS_3_394,FOODS_3,2,2,1,3,1,2,0,0,1,3,1,0,1,2,2,1,2,0,3,0,0,1,2,2,4,1,0,2,1,3,3,2,2,0,1,1,3,1,1,1,2,1,2,2,1,1,3,0,2,2,3,2,2,2,0,3,5,1,1,1,1,1,2,0,3,2,1,1,0,1,1,0,1,1,0,1,0,3,5,1,3,4,1,1,4,1,4,1,0,2,0,1,2,1,0,4,1,1,2,0
FOODS_3_648,FOODS_3,2,1,4,0,1,4,0,0,4,9,0,2,0,5,3,4,0,0,0,0,0,2,1,0,1,3,0,0,5,2,2,2,0,1,0,5,1,3,1,4,0,7,2,0,0,4,0,0,3,1,4,2,2,3,3,0,4,5,1,4,2,4,2,1,4,3,4,6,0,1,2,3,4,3,0,1,0,3,1,2,5,7,1,4,1,0,0,0,0,1,1,0,3,4,0,0,1,2,6,0
FOODS_3_008,FOODS_3,2,0,0,0,0,0,0,0,0,0,0,0,0,0,0,0,0,0,0,0,0,0,0,0,0,0,0,0,0,0,0,0,0,0,0,0,0,0,0,0,0,0,0,0,0,0,0,0,0,0,0,0,0,0,0,0,0,0,0,0,0,0,0,0,0,0,0,0,0,0,0,0,0,0,0,0,0,0,0,8,0,0,0,0,11,5,4,2,1,5,2,0,6,7,1,1,1,0,1,1
FOODS_1_142,FOODS_1,6,12,22,2,2,8,0,0,0,4,4,5,2,1,12,8,12,1,4,10,2,3,0,1,3,1,9,0,0,0,4,1,3,2,2,5,1,0,0,0,1,9,1,0,0,0,0,0,0,0,0,9,3,0,1,5,3,5,6,0,1,2,1,6,15,3,5,5,1,0,2,5,1,2,4,2,1,7,5,3,13,1,5,7,0,0,0,4,0,3,1,4,4,13,14,0,0,0,0,0
FOODS_3_665,FOODS_3,0,4,1,2,0,3,1,2,5,0,1,2,3,3,1,0,2,2,0,1,1,6,2,4,2,7,1,5,1,3,3,3,3,2,1,2,4,2,5,2,3,1,6,5,3,1,4,1,3,0,1,4,4,2,4,2,5,2,1,1,0,0,1,2,3,2,3,2,3,1,0,4,3,1,1,2,2,4,3,5,0,5,3,2,3,1,3,3,2,1,2,1,5,1,0,2,4,2,3,4
FOODS_3_814,FOODS_3,1,3,5,4,1,2,3,6,2,1,0,1,2,5,0,1,3,4,5,2,3,1,5,5,2,1,4,0,5,1,1,1,4,6,7,1,1,1,1,2,1,2,2,1,1,3,3,0,6,5,2,0,1,1,5,5,2,5,5,2,2,3,2,0,1,8,0,1,2,0,0,5,5,9,1,2,4,7,1,4,4,4,7,1,3,2,3,0,8,5,4,0,3,0,2,2,2,3,3,9
FOODS_3_400,FOODS_3,2,4,0,1,2,2,0,2,3,0,2,1,2,0,2,1,2,1,0,2,0,1,0,1,0,1,0,2,3,0,5,2,1,0,0,1,0,5,1,1,0,1,2,2,0,1,1,1,0,1,1,3,4,0,1,3,0,4,0,1,0,1,0,3,1,7,0,1,0,1,1,3,1,1,1,1,0,0,1,1,0,0,1,0,1,2,1,2,1,1,2,1,2,2,1,0,0,1,1,4
FOODS_2_368,FOODS_2,6,3,4,5,2,2,2,6,3,4,4,3,2,3,7,6,7,7,2,3,7,7,5,5,4,9,6,5,5,1,6,6,7,4,4,2,5,6,6,0,4,3,5,3,3,4,2,1,6,6,16,3,0,0,3,5,5,6,5,3,7,3,1,6,5,3,10,3,2,7,5,3,4,8,2,2,5,4,4,7,7,1,4,6,1,3,9,6,7,6,4,1,1,2,2,2,3,4,4,6
FOODS_1_027,FOODS_1,4,2,0,0,1,2,1,6,2,3,1,10,2,7,5,11,0,3,2,2,4,6,3,3,1,0,0,0,4,2,1,1,0,1,1,1,3,2,4,5,1,11,7,3,0,2,1,0,1,0,3,2,2,1,3,2,3,2,7,2,1,5,4,4,1,2,1,2,1,3,0,2,4,5,0,4,3,2,3,4,4,4,8,6,3,4,1,4,4,0,6,3,1,3,4,2,3,3,3,10
FOODS_2_150,FOODS_2,0,0,0,0,0,0,0,0,0,0,0,0,0,0,0,0,0,0,0,0,0,0,0,0,0,0,0,0,0,0,0,0,0,0,0,0,0,0,0,0,0,0,1,3,1,1,4,2,2,7,5,4,0,1,0,0,3,8,3,2,1,0,0,0,0,2,1,3,0,3,3,1,3,2,2,4,0,1,2,1,1,3,1,4,6,1,2,2,1,1,4,4,1,0,0,0,0,0,0,5
FOODS_3_573,FOODS_3,41,13,14,26,19,6,10,19,15,17,33,11,13,8,22,10,26,14,23,30,15,7,32,29,16,11,1,2,8,10,4,8,18,1,5,0,21,13,2,1,1,7,26,2,4,4,2,4,8,2,5,3,6,1,3,2,5,9,4,3,5,4,5,6,7,2,5,4,4,1,2,2,8,5,1,2,3,18,8,1,4,2,3,3,4,7,2,0,8,0,2,6,2,6,7,3,3,0,11,8
FOODS_2_212,FOODS_2,3,5,3,1,2,4,3,1,4,3,3,4,4,2,3,3,1,4,3,3,1,1,5,2,2,2,2,0,3,4,1,2,4,2,1,5,4,2,3,2,4,2,6,1,0,7,3,2,3,3,4,1,4,4,5,3,1,2,2,2,4,1,2,1,7,3,4,3,1,4,4,5,3,2,3,0,0,0,0,0,0,0,0,0,0,0,0,0,0,0,0,0,6,4,3,3,3,2,2,6
FOODS_3_678,FOODS_3,2,3,6,2,3,3,3,6,2,1,2,0,0,3,2,1,3,1,2,1,0,5,2,1,1,3,0,3,7,1,3,5,2,3,1,2,1,3,1,1,7,2,1,2,0,3,3,0,1,5,2,4,2,2,1,2,0,4,0,1,0,1,0,1,0,1,0,1,3,2,1,1,1,0,0,1,3,0,4,1,2,0,1,0,0,1,1,3,1,2,0,0,2,0,1,1,1,1,1,4
FOODS_1_036,FOODS_1,5,4,3,1,4,4,2,5,0,0,0,0,3,6,0,2,2,2,1,3,0,3,1,4,3,4,5,0,0,0,1,1,2,0,10,6,3,6,4,4,0,5,10,3,0,5,7,3,8,1,0,0,0,0,0,4,5,3,0,2,6,0,2,4,0,0,4,1,2,1,3,5,4,4,2,5,4,0,0,0,9,3,6,3,0,0,0,2,5,3,4,3,8,0,0,0,0,4,3,8
FOODS_1_031,FOODS_1,16,1,10,1,1,1,4,0,2,5,0,2,5,3,4,4,5,2,6,2,2,1,5,3,0,0,7,3,3,5,2,0,4,2,0,5,3,2,2,0,0,8,8,8,4,4,2,1,1,7,3,7,0,1,0,5,4,3,3,1,3,2,5,7,9,15,0,0,3,0,4,2,2,5,4,0,5,1,5,6,3,3,2,1,7,1,5,2,4,2,1,4,5,5,2,2,2,0,4,3
FOODS_3_485,FOODS_3,5,7,3,4,0,3,2,3,2,1,1,1,2,0,6,7,3,1,0,4,6,2,5,1,4,2,6,2,5,3,1,2,0,0,0,0,6,4,1,2,3,2,2,3,4,5,6,1,9,4,2,3,1,8,2,2,2,7,3,1,2,1,2,5,2,2,4,3,2,3,1,7,4,1,2,0,1,2,4,2,2,5,1,1,1,3,3,1,2,0,2,4,3,2,1,2,4,3,2,6
FOODS_3_083,FOODS_3,4,6,8,3,2,0,4,2,6,1,1,2,4,3,1,2,3,1,4,2,3,3,4,5,2,4,5,2,7,1,3,1,5,1,1,5,3,4,2,2,1,1,2,6,3,4,1,8,3,3,4,1,3,2,3,3,6,7,1,5,1,1,8,3,7,1,3,2,0,3,3,4,3,1,2,3,2,5,3,2,5,4,4,3,2,11,5,3,10,1,0,3,3,1,2,2,1,3,4,4
FOODS_3_250,FOODS_3,5,3,1,1,2,1,3,3,4,2,4,0,0,4,1,1,0,3,4,1,0,1,3,2,4,2,2,2,1,5,5,2,1,2,6,1,0,4,0,1,3,1,2,0,1,1,3,0,0,1,4,1,3,3,1,0,1,2,4,4,2,2,4,3,2,1,2,1,0,2,2,0,1,2,1,0,3,0,2,2,2,1,2,2,2,1,2,2,2,0,0,0,1,3,1,0,1,0,3,2
FOODS_3_385,FOODS_3,0,0,0,0,0,0,2,2,4,2,4,3,1,0,3,0,3,1,4,2,1,4,5,0,3,0,2,2,3,3,2,3,4,1,2,1,1,1,4,1,3,1,4,2,2,0,0,2,2,5,4,1,1,0,3,2,3,3,0,6,0,3,2,3,3,5,0,3,1,2,0,4,3,3,7,0,3,2,1,1,2,1,2,4,3,4,3,2,7,2,1,6,2,4,0,0,2,2,5,2
FOODS_3_063,FOODS_3,0,3,0,0,0,3,1,3,3,0,4,1,3,6,1,1,0,0,3,0,0,4,0,0,0,3,6,0,3,2,1,1,0,0,4,3,2,2,1,0,0,0,5,2,1,0,8,1,4,0,7,3,2,4,1,3,0,2,1,2,1,3,0,4,3,1,0,1,1,1,1,1,0,4,0,0,5,0,0,0,0,0,0,0,2,1,5,2,0,0,0,3,0,1,0,3,0,3,1,1
FOODS_3_760,FOODS_3,18,18,12,16,11,14,17,20,20,31,17,16,12,20,19,22,28,24,24,19,15,21,24,29,11,14,24,23,16,21,21,15,26,10,14,22,18,10,13,15,6,11,10,12,15,11,16,10,6,11,9,9,16,20,23,31,30,29,30,22,10,5,7,9,8,9,3,7,8,12,11,10,12,4,5,7,6,9,7,14,10,4,15,6,10,3,11,7,7,3,6,7,7,9,6,4,5,3,5,13
FOODS_1_187,FOODS_1,3,0,1,1,3,2,1,9,1,1,2,4,2,0,1,4,4,1,1,2,3,7,5,0,0,0,2,6,5,2,1,0,0,0,0,5,5,0,3,4,0,6,6,0,0,3,3,0,0,3,4,5,3,0,3,1,2,2,1,2,1,6,3,5,3,0,2,3,2,2,1,2,6,2,5,3,1,3,1,0,2,2,2,1,3,1,2,2,3,2,1,0,0,0,0,1,2,3,2,1
FOODS_3_011,FOODS_3,3,1,2,0,1,2,1,1,2,3,3,3,4,1,2,1,5,4,3,1,2,2,2,2,2,2,3,1,6,5,4,2,1,2,2,2,0,2,1,4,1,2,4,1,1,1,4,1,2,0,0,1,0,0,0,0,1,1,8,0,0,0,0,0,0,0,3,1,5,0,5,0,0,7,0,1,3,1,3,2,1,0,1,1,1,1,0,0,0,1,1,1,6,1,1,0,0,7,4,1
FOODS_3_192,FOODS_3,5,6,5,2,4,7,4,6,9,5,4,5,6,3,6,6,6,3,4,2,8,7,1,6,6,9,1,4,6,4,5,4,2,5,3,4,5,7,6,7,5,1,6,2,4,2,4,4,2,8,6,8,3,6,3,3,6,9,3,4,1,3,3,3,5,2,0,6,6,4,7,1,4,5,4,8,5,8,1,3,3,6,8,4,6,6,8,4,3,8,8,7,4,3,4,1,8,5,4,5
FOODS_3_431,FOODS_3,5,6,3,2,5,2,0,2,0,2,3,5,0,4,6,1,7,4,3,3,2,5,3,2,8,0,2,2,6,2,2,1,0,1,1,6,2,2,3,1,1,5,4,1,2,2,1,6,7,0,7,4,9,3,1,0,4,13,7,0,0,3,5,1,9,1,2,1,5,3,3,2,5,12,1,1,0,0,1,2,5,3,2,2,2,3,1,4,2,3,1,2,4,4,0,2,2,2,4,1
FOODS_3_812,FOODS_3,1,3,8,2,4,4,4,2,2,2,2,13,2,0,0,0,5,0,1,0,0,4,2,2,3,5,2,2,0,2,4,9,4,1,0,1,1,3,6,0,3,9,1,1,10,0,4,5,0,0,0,5,4,7,2,4,4,1,3,3,3,0,6,1,2,0,0,18,0,3,3,3,7,2,9,0,4,3,1,6,3,10,0,4,3,1,2,2,5,6,2,0,1,1,0,3,12,4,3,2
FOODS_3_321,FOODS_3,4,3,5,1,6,0,3,4,4,1,2,1,6,5,5,8,9,3,7,4,2,5,3,5,3,1,2,6,3,2,5,6,5,5,4,4,7,4,2,1,7,7,3,12,4,5,4,3,2,8,9,4,7,4,2,1,9,6,8,2,1,6,9,3,5,5,6,5,4,5,4,7,3,1,1,3,1,5,8,5,2,3,5,5,7,5,0,10,4,5,7,3,4,5,11,5,8,5,2,10
FOODS_3_289,FOODS_3,1,3,2,3,0,1,1,0,1,1,0,3,3,1,0,2,0,1,3,0,0,3,1,3,3,0,1,2,0,3,1,0,2,1,1,1,1,1,1,2,4,2,1,2,1,1,2,0,1,2,1,2,0,1,3,0,0,3,0,0,4,0,2,2,1,2,1,0,1,1,0,1,2,1,0,1,1,2,1,4,2,2,2,1,0,4,1,0,1,0,0,1,1,1,0,0,1,3,0,4
FOODS_3_267,FOODS_3,0,0,0,0,0,4,3,4,6,2,0,0,0,0,0,1,1,2,1,1,1,2,1,0,2,3,1,1,5,2,1,3,0,4,1,3,5,0,0,1,1,0,0,2,0,2,3,0,2,4,3,2,2,2,3,2,3,3,1,0,2,0,0,0,0,0,1,1,2,1,0,1,0,1,1,1,0,2,1,1,1,0,0,0,0,0,2,3,2,0,2,2,2,1,1,1,1,5,2,2
FOODS_3_273,FOODS_3,0,6,4,3,2,2,5,2,2,4,2,1,0,7,0,4,0,1,1,0,1,1,3,0,1,2,2,4,3,5,4,1,0,2,1,1,3,5,2,1,1,2,6,2,1,3,0,6,5,2,3,4,1,0,0,2,3,4,3,3,2,0,6,4,4,1,1,0,3,2,1,5,0,0,3,2,5,2,6,1,2,3,0,1,5,4,7,1,4,1,1,5,2,1,0,1,6,2,0,2
FOODS_3_311,FOODS_3,2,6,2,1,2,2,0,2,2,4,2,2,0,0,3,3,3,1,3,0,3,4,0,7,1,3,2,1,2,1,1,3,1,0,0,2,1,1,2,2,2,1,1,3,2,0,2,1,1,2,0,2,2,2,2,3,4,1,2,1,0,2,3,3,2,1,1,1,1,3,2,4,2,1,2,2,3,1,1,2,0,2,2,0,0,5,3,2,3,4,1,2,2,1,3,4,2,1,0,2
FOODS_3_676,FOODS_3,0,1,0,3,0,0,0,0,0,0,0,0,0,0,0,0,0,0,0,8,4,9,12,5,7,7,6,4,6,12,8,5,7,4,3,6,5,3,3,6,10,13,6,6,5,5,1,3,1,1,2,2,1,2,2,1,1,4,0,1,2,2,3,0,1,2,2,2,2,2,2,0,2,1,1,3,0,2,4,2,0,1,1,1,1,2,2,2,1,0,0,1,2,2,0,1,3,0,0,3
FOODS_3_535,FOODS_3,3,4,0,2,2,0,2,1,4,2,2,3,4,3,2,3,1,1,2,4,3,1,6,1,2,0,6,0,2,4,0,3,2,1,2,3,3,3,3,1,0,5,2,1,3,2,1,2,5,2,2,3,3,0,0,1,4,2,2,3,3,2,5,4,3,0,1,0,3,1,3,2,3,0,2,2,2,7,2,2,2,3,0,3,9,1,0,1,3,0,0,3,2,1,1,2,1,4,1,3
FOODS_3_432,FOODS_3,1,2,4,0,1,1,2,1,6,1,3,0,4,4,2,3,0,2,3,1,0,0,4,3,0,2,0,1,3,0,0,1,1,1,4,2,5,2,1,1,5,0,6,2,2,5,0,2,9,1,3,0,2,1,4,2,2,2,1,0,2,2,0,1,3,1,2,3,0,0,1,1,0,2,2,1,3,3,1,0,1,2,5,1,1,2,1,3,1,1,1,1,3,3,0,0,2,1,5,2
FOODS_2_267,FOODS_2,1,4,2,6,0,4,2,1,1,0,2,0,5,3,1,3,0,1,0,2,6,7,5,4,5,3,2,1,5,3,7,3,0,0,0,0,3,2,2,0,0,1,1,0,4,2,1,1,3,3,1,0,1,2,2,0,4,6,1,2,1,0,2,2,1,0,0,0,0,0,0,0,0,0,1,2,0,4,1,1,0,1,0,3,0,1,0,3,0,2,0,7,0,1,2,0,1,3,0,0
FOODS_2_119,FOODS_2,1,0,2,2,7,1,4,2,2,1,4,2,1,0,3,1,2,2,7,2,0,1,0,2,4,9,1,2,0,1,3,5,1,2,5,5,4,1,1,7,9,0,6,2,4,1,3,2,5,6,2,4,4,4,1,4,4,4,2,1,0,10,1,4,1,6,3,1,3,4,3,1,2,4,3,2,2,1,2,5,5,3,1,2,1,5,2,5,1,3,5,3,5,3,6,1,4,4,3,7
FOODS_3_140,FOODS_3,6,5,4,7,6,2,3,5,3,4,3,4,2,5,5,0,4,4,3,5,2,5,0,3,4,3,2,5,2,7,9,0,4,3,4,4,2,5,3,5,4,4,3,5,4,8,1,2,4,5,6,4,3,7,6,3,2,6,2,1,4,5,4,4,1,0,3,7,4,4,12,12,5,7,4,7,6,11,7,3,9,8,8,7,1,11,6,8,4,3,1,4,3,6,1,3,2,9,8,7
FOODS_3_596,FOODS_3,1,1,1,2,3,0,1,2,1,3,3,1,1,0,2,2,2,1,0,2,2,1,4,0,0,0,1,1,2,2,1,1,4,0,0,4,2,1,1,0,3,2,1,1,1,1,1,0,1,1,1,2,0,1,2,1,1,2,0,0,1,1,2,0,3,3,0,5,3,3,0,3,8,0,1,1,3,3,1,1,2,1,0,3,0,2,2,1,1,2,0,1,4,2,2,2,0,1,0,3
FOODS_1_082,FOODS_1,6,6,2,6,3,3,4,5,5,3,2,4,4,3,4,4,2,1,4,1,3,8,0,5,4,2,17,3,4,6,2,0,0,6,8,4,1,2,2,1,2,4,19,7,2,0,1,2,4,0,1,0,0,5,6,3,2,2,2,14,6,1,2,5,14,2,2,1,2,0,2,0,5,1,0,2,1,3,1,2,4,1,0,5,2,0,0,0,3,1,2,1,4,2,0,0,2,1,0,2
FOODS_1_180,FOODS_1,0,0,0,0,0,0,1,1,5,1,6,2,3,5,2,1,0,0,0,0,0,0,0,0,0,0,0,0,0,0,0,0,0,0,0,0,0,0,0,0,0,0,0,0,0,0,0,0,0,0,0,0,0,0,0,0,0,0,0,0,0,2,1,5,2,1,3,2,4,2,3,0,2,3,0,6,3,2,5,1,0,0,3,2,2,6,3,5,4,1,3,1,0,0,0,1,1,5,6,2
FOODS_3_679,FOODS_3,5,1,1,2,9,0,0,4,7,2,2,1,2,5,2,3,4,4,3,4,3,3,6,9,3,1,1,2,6,2,7,6,4,3,1,6,4,2,1,2,1,4,2,5,0,1,3,1,2,3,5,3,3,3,0,1,5,5,2,6,0,1,3,5,0,0,0,0,0,0,1,1,0,2,0,1,0,3,2,3,2,2,0,0,0,3,1,3,4,1,3,3,4,2,5,0,4,0,2,2
FOODS_3_424,FOODS_3,2,1,1,0,1,2,5,0,0,1,0,1,0,1,0,1,3,2,4,3,0,0,0,0,0,1,3,2,0,1,2,0,0,1,1,5,5,1,0,0,2,0,1,1,0,1,0,2,1,1,3,0,0,0,1,2,1,2,2,2,0,1,1,0,1,0,1,1,0,1,1,1,2,0,1,0,3,0,0,3,2,1,1,2,0,1,1,0,0,1,0,2,1,1,0,1,1,3,1,2
FOODS_3_194,FOODS_3,1,2,3,0,2,2,2,3,4,3,1,0,0,0,0,0,0,0,0,0,0,0,0,0,0,0,0,0,0,0,0,0,0,0,0,0,0,0,0,0,0,0,0,0,0,0,0,0,0,0,0,0,0,0,0,0,0,0,0,0,0,0,0,0,0,0,0,0,2,2,3,0,1,2,1,1,1,4,0,1,2,1,2,0,3,2,4,1,2,1,3,3,2,1,1,2,1,2,3,1
FOODS_3_053,FOODS_3,2,5,0,3,0,2,2,4,3,0,2,1,1,3,4,1,3,3,3,2,2,3,5,2,3,2,4,3,3,3,2,3,3,2,5,3,3,7,3,0,3,3,6,3,4,2,2,4,4,4,1,2,8,7,4,8,7,2,1,5,5,1,2,1,4,1,1,0,2,1,3,0,6,0,0,0,1,4,5,1,0,1,2,3,1,5,1,0,3,2,0,3,7,3,1,2,4,2,1,4
FOODS_3_480,FOODS_3,0,1,2,1,4,1,0,0,6,1,0,1,2,1,1,1,1,2,1,1,0,4,1,3,2,1,1,1,4,1,3,4,0,0,1,2,2,4,0,3,1,1,0,1,1,1,2,2,1,1,4,3,2,1,0,1,3,3,3,2,0,2,0,1,2,0,0,2,0,1,3,3,0,0,0,8,0,2,2,0,0,0,1,1,1,2,2,2,0,6,1,0,1,0,1,0,1,1,0,1
FOODS_3_766,FOODS_3,1,1,0,1,1,2,0,0,1,0,2,3,2,2,2,4,0,1,1,2,0,2,1,0,3,0,0,2,0,0,2,1,0,3,1,3,0,3,1,1,4,4,2,0,3,1,2,3,1,2,0,1,1,1,1,0,4,0,4,4,1,4,2,2,4,2,1,1,2,4,2,1,0,3,1,2,0,2,1,3,1,1,2,2,1,2,1,3,0,2,0,0,0,2,1,1,3,0,3,0
FOODS_3_418,FOODS_3,3,3,13,15,2,3,4,6,5,6,2,4,1,3,3,1,4,3,2,4,2,0,0,2,3,3,4,1,2,7,3,4,4,2,0,2,7,4,4,5,5,5,3,1,3,3,1,1,4,3,2,0,0,6,1,2,0,3,4,3,5,1,0,5,2,1,3,0,6,1,0,7,0,1,1,1,3,4,6,5,2,4,1,2,4,6,6,1,0,2,1,2,1,2,2,2,0,4,2,0
FOODS_2_036,FOODS_2,8,1,7,6,2,4,5,2,2,9,2,0,2,0,1,5,2,3,1,6,0,0,6,3,2,4,2,5,1,5,4,5,4,3,2,3,5,3,6,2,1,0,2,1,1,6,1,2,3,5,5,3,0,8,5,0,2,3,1,1,2,1,1,5,9,2,6,4,5,2,3,6,3,2,6,8,7,4,2,3,2,5,3,2,2,2,2,3,1,2,5,3,4,0,0,2,4,2,2,1
FOODS_3_169,FOODS_3,0,3,3,7,1,3,4,4,4,5,3,5,2,4,3,2,4,1,2,4,3,3,4,3,4,0,4,1,8,1,2,2,5,2,2,3,7,2,4,1,2,4,3,2,1,2,1,2,6,3,2,6,0,4,2,1,5,5,4,1,1,2,5,3,3,2,2,1,4,5,0,3,0,0,2,2,2,2,7,1,1,3,3,5,2,0,0,8,1,1,1,0,5,2,0,0,2,0,3,0
FOODS_3_683,FOODS_3,4,2,12,6,5,8,3,4,2,7,3,13,4,5,6,2,8,4,3,1,0,4,7,7,8,8,4,10,13,5,7,3,2,5,3,7,9,4,5,4,5,4,5,8,6,6,4,7,8,12,5,5,8,9,5,6,8,9,10,9,4,0,5,2,2,3,0,3,5,4,3,6,8,1,5,3,7,5,8,1,4,2,9,3,3,3,3,3,5,7,8,2,4,5,6,2,3,6,5,5
FOODS_3_291,FOODS_3,0,4,8,0,0,4,2,4,8,2,3,3,3,2,0,2,2,1,3,4,4,1,3,6,1,4,2,3,1,0,6,2,0,1,3,2,4,4,3,0,3,4,2,3,2,2,2,2,0,2,6,4,3,3,2,2,5,1,4,4,2,0,3,1,0,4,2,5,0,4,4,3,4,2,4,2,1,2,3,6,6,2,1,1,4,1,5,1,0,3,1,3,0,4,4,0,4,1,1,3
FOODS_2_381,FOODS_2,5,7,0,4,1,4,3,4,2,1,4,1,5,4,14,1,0,0,1,1,5,5,0,3,3,2,9,1,5,5,6,8,0,7,2,2,7,2,0,5,1,2,4,3,2,4,7,0,3,2,11,3,4,7,7,4,1,1,9,3,0,3,4,6,0,0,4,2,0,3,3,6,6,1,2,0,4,4,8,1,2,6,5,2,10,3,3,4,3,5,4,5,4,3,2,3,4,5,2,1
FOODS_1_181,FOODS_1,5,2,1,4,0,1,3,2,1,4,6,3,2,1,2,6,1,1,2,2,2,3,4,6,5,8,2,1,9,1,1,3,9,0,4,1,4,5,6,0,3,5,8,0,5,2,1,4,0,6,7,3,0,1,0,7,1,4,1,0,1,4,1,1,2,6,3,1,0,0,0,2,8,5,5,1,2,4,6,2,0,0,1,1,9,6,1,0,0,0,2,4,1,3,0,6,1,5,1,3
FOODS_3_561,FOODS_3,6,12,1,1,4,2,1,1,3,3,5,4,3,8,6,5,5,1,1,3,2,0,5,7,6,5,3,1,1,2,5,6,0,4,2,6,5,5,2,1,2,4,6,4,1,1,12,11,21,20,3,9,4,0,2,6,5,15,0,1,6,2,5,0,15,2,3,2,3,1,6,2,1,1,5,2,2,3,6,3,4,5,3,5,1,2,7,7,3,4,2,6,0,9,0,2,5,2,4,3
FOODS_2_081,FOODS_2,0,0,0,0,0,0,0,0,0,0,0,0,0,0,0,0,2,3,0,0,0,2,0,0,2,2,0,0,3,1,0,1,0,0,0,0,0,0,0,1,1,3,0,1,5,0,3,0,1,2,2,3,3,5,3,1,4,5,3,3,3,2,2,2,9,0,3,3,0,2,3,4,7,0,2,1,1,3,8,2,0,3,0,2,3,2,6,2,0,1,2,2,2,3,1,0,0,1,3,4
FOODS_2_074,FOODS_2,2,1,2,4,2,2,4,6,6,5,2,3,2,2,9,1,5,11,1,1,0,2,7,2,0,5,4,1,1,1,2,0,5,0,5,4,4,0,2,6,2,2,6,0,2,3,0,1,3,4,3,3,5,1,0,0,4,8,4,2,0,0,0,5,4,1,0,1,3,16,4,3,0,4,2,1,3,5,8,2,0,7,7,4,1,0,7,2,2,3,1,2,16,3,4,0,6,0,3,4
FOODS_2_052,FOODS_2,2,1,1,6,3,5,3,4,6,1,2,4,3,2,0,0,5,7,4,0,4,6,5,10,0,4,1,4,3,0,0,3,3,2,2,1,5,1,4,3,0,3,2,2,1,0,3,2,3,3,2,4,4,1,1,3,3,3,0,0,1,2,1,1,2,1,2,3,0,0,1,1,1,1,2,1,0,4,3,3,3,1,2,2,0,2,1,3,1,0,5,0,1,5,1,0,0,1,1,3
FOODS_3_214,FOODS_3,1,4,4,0,0,4,5,2,1,1,0,7,0,7,3,5,1,2,0,4,0,2,6,5,8,0,3,0,1,6,6,3,0,5,0,0,8,1,3,5,3,0,4,0,2,1,5,2,2,0,3,3,3,1,3,3,1,5,7,0,2,3,2,2,5,3,1,6,1,0,5,16,6,2,3,4,0,5,3,3,1,0,0,0,4,1,6,5,0,3,0,0,2,0,2,3,0,2,2,1
FOODS_3_225,FOODS_3,5,3,0,0,0,5,2,0,0,1,1,1,4,2,0,0,0,0,2,0,3,1,2,1,1,0,1,3,2,2,0,1,2,2,2,2,1,2,0,0,1,0,0,2,0,4,1,1,5,1,3,1,2,0,3,0,1,2,2,1,10,1,0,1,7,0,2,1,1,0,1,3,1,1,3,2,3,1,1,1,1,0,3,2,0,3,1,2,4,0,4,0,0,2,0,6,0,0,0,0
FOODS_1_040,FOODS_1,2,1,2,2,2,4,4,4,0,0,0,0,1,0,0,1,4,1,0,1,5,4,3,0,0,1,0,0,0,0,2,2,0,0,0,4,2,0,5,2,4,0,0,0,0,1,2,3,1,1,2,2,0,1,0,0,1,0,0,0,0,3,0,5,1,1,0,0,0,0,0,0,0,0,0,0,1,0,4,0,1,0,1,1,1,2,1,0,0,0,0,0,0,0,3,1,0,1,2,2
FOODS_3_644,FOODS_3,4,2,7,3,2,2,4,8,8,3,7,3,4,2,5,2,5,5,5,0,0,0,0,0,0,0,0,0,0,0,0,0,0,0,0,0,0,0,0,0,0,0,0,0,0,0,0,0,0,0,0,0,0,0,0,0,0,0,0,0,0,0,0,0,2,0,0,0,0,0,0,0,0,0,0,0,0,0,0,0,0,0,0,0,0,0,0,0,0,0,0,0,0,0,0,0,0,0,0,0
FOODS_3_028,FOODS_3,2,2,0,1,1,1,1,2,2,1,1,0,0,0,3,1,1,0,0,0,0,0,0,4,5,0,0,1,1,2,3,3,0,0,3,2,0,0,0,0,1,1,0,0,0,0,2,0,2,0,0,0,1,1,0,0,1,1,1,0,0,0,0,1,0,0,0,3,1,2,0,2,1,0,3,2,6,3,0,0,0,7,3,1,0,1,0,0,0,1,0,0,0,0,0,0,0,0,2,1
FOODS_1_206,FOODS_1,0,1,0,2,1,0,2,1,4,0,1,1,0,1,0,2,2,0,0,0,1,1,0,0,2,2,0,1,2,1,0,1,0,1,3,2,0,1,0,1,3,0,2,1,1,0,6,1,0,0,0,3,0,1,0,5,1,0,1,1,4,5,0,0,0,0,0,0,0,0,5,0,0,1,2,3,0,0,1,0,0,6,1,0,1,0,2,7,0,0,1,5,1,3,1,0,2,0,0,2
FOODS_2_356,FOODS_2,7,1,3,3,5,2,3,2,8,5,1,3,1,1,0,2,2,2,0,5,3,3,2,6,1,3,2,0,1,5,1,4,0,1,3,2,2,0,0,0,7,0,2,0,1,3,0,0,4,0,2,1,1,8,3,0,4,3,3,3,7,1,2,1,4,0,3,0,1,1,2,5,3,2,2,1,7,4,2,4,0,1,4,2,3,2,1,0,11,1,0,3,3,4,7,0,6,0,1,2
FOODS_3_383,FOODS_3,13,3,4,6,9,1,1,1,5,11,0,0,1,2,2,0,2,4,3,0,0,0,1,0,2,2,0,3,1,0,8,1,0,13,4,2,4,10,0,0,2,1,1,0,0,1,1,2,0,2,1,2,0,0,0,2,2,1,2,1,1,2,1,1,0,3,3,0,6,1,1,3,1,4,2,2,2,1,1,2,2,4,0,0,2,1,0,0,1,0,0,2,0,1,0,0,1,1,2,1
FOODS_2_003,FOODS_2,0,1,2,2,2,2,4,2,0,0,3,1,5,1,6,4,1,3,2,1,0,1,1,2,3,1,2,1,0,3,3,0,1,0,2,3,2,1,0,2,2,1,2,1,0,0,1,0,1,6,4,1,2,3,1,4,4,2,2,0,2,1,4,3,1,3,3,3,1,1,3,1,3,2,0,4,3,3,10,3,1,1,2,2,3,1,3,0,5,2,3,8,1,1,1,3,1,1,3,1
FOODS_2_024,FOODS_2,4,12,3,4,7,3,6,2,7,4,4,6,4,3,1,7,9,3,7,9,5,5,5,2,8,3,2,4,2,5,3,3,3,0,4,3,2,2,4,4,4,2,2,0,6,4,5,1,9,2,2,4,6,2,3,4,10,0,4,2,1,5,2,3,5,5,0,3,1,6,2,1,2,4,2,2,1,1,4,3,5,2,2,3,1,0,0,4,1,6,3,2,8,3,3,0,2,0,4,7
FOODS_2_376,FOODS_2,2,4,4,0,2,0,4,0,3,4,2,1,0,3,3,1,1,0,0,0,2,2,6,1,2,0,0,1,1,1,2,0,3,4,0,1,0,0,0,0,1,0,1,1,0,0,4,2,0,1,1,0,0,1,0,1,2,5,0,0,0,3,0,0,0,0,2,0,2,2,2,3,1,2,0,0,0,3,2,2,2,3,0,2,1,0,3,1,1,1,1,3,0,1,1,2,0,3,3,5
FOODS_3_519,FOODS_3,5,1,10,5,2,4,3,7,3,5,6,2,6,0,9,5,4,3,1,16,5,9,1,0,0,0,9,2,3,6,2,2,5,2,6,5,4,10,4,4,3,5,7,3,2,2,0,2,4,3,8,3,7,4,1,1,4,9,0,6,4,7,0,5,12,0,2,2,3,3,5,6,3,2,3,1,5,5,17,4,0,0,5,5,3,0,5,3,1,0,6,8,2,2,1,3,1,0,5,7
FOODS_1_192,FOODS_1,0,0,0,0,0,0,0,0,0,0,0,0,0,0,0,0,0,0,0,0,0,0,0,0,0,0,0,2,0,0,0,0,0,0,0,0,0,0,0,0,0,0,0,0,0,0,0,0,0,0,0,0,0,0,0,0,0,0,0,0,0,0,0,0,0,0,0,0,0,0,0,0,0,0,0,0,2,4,4,0,6,0,0,5,4,4,6,1,2,2,1,0,0,0,0,0,3,2,4,5
FOODS_3_208,FOODS_3,2,1,2,2,1,0,3,0,0,1,2,2,1,0,1,0,0,1,0,2,2,7,4,0,1,0,2,7,6,0,0,0,1,2,3,5,2,5,4,1,1,5,3,2,0,1,3,2,0,0,0,3,3,2,0,0,3,2,2,0,5,2,3,3,1,2,3,0,5,2,0,7,1,0,0,0,0,2,6,0,0,4,6,1,5,0,0,0,5,3,1,0,2,3,3,5,0,2,7,0
FOODS_2_170,FOODS_2,1,2,8,1,2,1,3,0,3,0,0,1,1,2,5,3,0,1,2,0,2,0,1,1,2,6,6,2,0,1,0,8,5,1,3,6,1,5,3,2,3,1,0,0,0,5,1,1,0,8,2,4,2,6,3,0,2,4,1,1,2,0,0,2,5,4,0,1,1,5,1,7,2,1,1,1,5,1,2,2,0,1,0,3,1,7,0,1,4,2,0,4,4,3,1,2,3,0,4,4
FOODS_2_333,FOODS_2,3,0,2,4,2,2,0,2,1,4,0,4,0,2,1,2,2,3,1,3,1,1,1,2,5,3,1,2,1,6,3,3,1,4,4,4,1,0,2,3,0,1,4,4,1,1,1,1,2,2,4,1,4,2,1,1,5,4,2,3,0,1,2,1,3,2,0,3,1,2,3,1,2,1,1,3,0,1,1,1,2,1,4,0,0,0,0,3,1,1,2,2,1,2,1,0,0,0,0,0
FOODS_3_398,FOODS_3,2,2,17,0,2,2,2,5,4,1,2,1,11,1,1,2,3,3,1,3,0,6,1,1,1,0,2,2,2,3,2,2,1,0,0,4,2,6,2,0,0,5,1,4,3,2,0,0,2,0,3,3,1,2,2,3,3,1,4,2,2,2,2,3,2,1,1,1,1,2,3,4,2,3,2,6,1,1,4,1,2,6,3,2,1,5,2,1,3,2,1,1,1,2,2,0,0,1,1,1
FOODS_3_439,FOODS_3,5,3,6,4,3,0,9,5,7,6,1,6,2,7,6,9,8,6,1,5,3,6,5,4,3,2,4,3,3,11,4,6,5,3,6,2,9,5,3,3,8,6,6,6,2,3,4,1,4,7,8,5,4,2,2,2,5,15,2,3,4,4,6,4,4,3,6,5,2,2,4,5,3,2,2,3,3,3,3,2,1,3,2,0,5,9,4,3,5,6,2,5,2,2,2,3,3,3,5,6
FOODS_1_209,FOODS_1,0,0,0,0,0,0,0,0,0,0,0,0,0,0,0,0,0,0,0,0,0,0,0,0,0,0,0,0,0,0,0,0,0,0,0,0,0,0,0,0,0,0,0,0,0,0,0,0,0,0,0,0,0,0,0,0,0,0,0,0,0,0,0,0,0,0,0,0,0,0,0,0,0,0,0,4,0,1,2,1,3,2,1,1,0,1,4,1,2,1,0,5,3,0,2,1,1,0,1,3
FOODS_2_059,FOODS_2,3,1,6,9,9,3,10,7,5,2,8,5,6,4,4,3,6,5,6,5,8,4,9,5,8,7,3,4,8,6,3,5,3,4,6,8,4,4,9,6,5,4,6,7,3,13,4,4,4,5,12,8,9,7,10,4,10,6,4,5,5,3,1,3,5,6,2,9,6,7,5,10,7,1,3,6,7,6,4,6,8,2,2,1,6,9,6,5,2,4,6,10,12,2,4,5,6,2,9,7
FOODS_1_103,FOODS_1,6,2,1,0,0,3,3,1,2,2,1,1,1,0,0,0,0,0,0,0,0,1,3,0,3,2,0,0,1,4,1,5,2,1,0,0,0,0,0,0,0,3,2,7,0,0,1,0,0,1,3,1,0,0,1,1,3,0,1,0,0,0,0,0,0,0,0,0,0,0,0,0,0,0,0,4,0,2,3,2,1,1,1,2,4,5,2,0,0,1,1,1,0,1,2,6,20,0,0,6
FOODS_1_094,FOODS_1,4,1,14,0,0,1,1,7,12,2,3,1,1,0,3,0,1,9,0,0,1,0,4,1,1,0,3,1,3,2,1,7,7,0,0,0,0,0,2,16,2,5,11,3,0,0,1,2,1,14,7,5,0,0,0,8,5,2,0,4,1,0,18,0,0,0,2,6,4,1,2,5,10,1,1,2,5,2,2,1,0,7,0,1,5,1,20,0,8,0,1,4,3,5,11,0,4,0,13,1
FOODS_1_139,FOODS_1,0,0,0,0,3,12,3,2,13,6,8,0,3,0,8,3,13,1,2,4,6,8,8,1,3,1,1,11,0,3,6,6,2,4,7,7,2,2,10,4,0,15,6,1,1,1,0,11,21,0,0,2,8,4,2,8,0,1,0,4,8,7,2,19,4,1,1,1,2,8,3,6,4,1,5,5,4,4,10,4,11,7,6,13,0,0,0,2,0,4,7,4,9,0,9,6,3,8,13,3
FOODS_2_399,FOODS_2,0,4,4,2,3,0,4,2,5,2,2,3,0,3,7,6,0,4,2,1,3,2,6,5,3,3,3,5,3,5,3,1,2,0,4,2,4,0,3,1,2,2,3,3,3,1,2,6,6,1,2,5,2,1,0,0,1,5,7,1,0,0,0,2,6,4,0,3,3,1,2,1,1,3,5,2,2,1,6,3,1,1,7,0,3,0,2,2,4,0,2,3,2,3,3,4,0,4,6,3
FOODS_3_504,FOODS_3,4,8,2,2,4,3,5,2,1,0,0,5,6,2,3,6,2,0,2,1,3,2,0,0,0,1,2,3,3,3,3,2,0,1,1,8,3,0,0,0,0,0,8,6,1,2,3,0,3,3,0,1,4,5,3,2,1,3,4,0,4,2,3,0,3,2,0,1,0,4,2,5,3,2,1,0,3,4,4,2,1,3,5,2,4,3,3,3,2,3,4,4,3,2,1,0,0,1,1,1
FOODS_3_178,FOODS_3,0,0,0,0,0,0,0,0,0,0,0,1,11,0,0,0,12,0,0,0,3,0,5,4,0,0,2,0,0,3,3,0,4,0,0,1,4,2,0,2,0,2,0,1,2,2,1,0,2,1,2,1,1,1,3,4,3,0,0,1,1,1,1,0,2,1,0,0,2,0,1,1,1,1,0,1,0,1,1,1,2,0,1,2,5,5,1,1,2,1,1,2,1,1,2,0,1,1,4,1
FOODS_1_208,FOODS_1,6,0,8,2,1,1,2,2,0,3,0,0,2,1,2,3,1,2,0,2,0,2,8,0,3,4,2,2,3,3,7,0,2,0,2,6,1,2,2,7,2,3,2,5,0,3,1,0,3,1,6,9,0,1,0,1,1,5,4,3,2,0,1,1,3,2,0,2,0,4,0,6,3,1,2,1,1,2,0,6,2,7,0,1,3,0,0,2,2,1,0,4,0,2,0,1,3,1,5,1
FOODS_3_163,FOODS_3,3,2,4,4,1,1,6,7,2,1,1,4,4,2,2,5,4,2,5,2,7,5,2,4,1,4,0,3,3,8,6,4,2,1,2,2,2,5,3,1,3,3,3,2,2,1,3,1,0,1,10,5,5,2,0,0,9,10,5,0,2,0,0,5,5,4,0,2,2,3,1,9,5,3,3,5,1,0,6,4,7,1,3,1,4,1,3,3,1,3,1,2,5,1,5,2,1,1,1,0
FOODS_3_386,FOODS_3,0,1,0,0,0,0,0,1,0,0,0,0,0,0,0,0,0,0,0,0,3,1,2,8,2,8,0,12,1,5,4,4,2,7,2,7,2,8,8,9,4,4,2,6,0,2,2,1,7,2,9,2,1,1,2,6,7,3,2,4,2,2,3,1,6,3,1,0,4,2,4,5,4,3,1,2,4,3,2,4,1,3,1,1,3,3,4,3,0,1,6,1,5,0,0,1,1,4,2,4
FOODS_3_326,FOODS_3,3,0,6,22,1,1,2,2,0,1,0,5,2,8,2,2,4,2,3,0,0,1,7,0,3,3,1,2,6,1,3,0,2,1,2,1,7,4,0,7,5,2,1,1,4,6,0,0,0,1,0,2,0,4,1,2,1,0,2,2,6,0,1,0,2,0,6,0,0,2,3,3,1,1,9,0,2,2,1,2,0,6,0,0,0,3,0,1,4,1,0,11,0,3,2,8,1,1,1,2
FOODS_3_310,FOODS_3,1,6,4,1,2,3,0,0,0,0,2,1,0,1,0,4,2,1,3,7,2,5,2,0,2,2,3,4,1,5,3,3,0,0,0,0,0,1,4,0,2,1,4,0,0,0,5,2,0,1,4,4,10,1,2,1,5,2,4,3,0,3,2,2,1,2,8,2,0,2,3,0,2,2,5,2,2,1,6,1,4,2,0,4,4,0,2,0,0,0,2,0,8,1,3,5,0,0,1,4
FOODS_3_820,FOODS_3,8,1,2,6,1,4,9,7,0,5,0,4,0,4,1,3,1,2,0,2,2,3,2,1,0,0,1,1,3,2,2,1,0,1,1,2,2,3,0,0,2,2,2,0,2,4,2,3,0,1,7,2,2,1,2,4,1,2,1,2,1,2,5,3,1,0,2,0,0,3,2,1,3,0,1,0,1,2,5,3,4,1,2,1,4,2,3,5,2,0,1,1,5,2,3,4,1,2,0,4
FOODS_3_195,FOODS_3,0,3,0,1,2,3,1,2,1,1,0,0,3,2,2,0,0,0,6,0,2,2,0,2,0,2,0,2,1,1,2,2,1,1,1,1,0,0,1,1,5,2,3,0,1,1,0,1,2,1,0,0,3,1,0,0,0,5,3,0,0,0,0,1,3,3,3,0,1,1,2,2,0,1,1,1,2,2,1,0,1,0,2,5,0,1,2,2,1,1,3,3,3,0,3,1,2,1,3,2
FOODS_3_533,FOODS_3,4,0,1,5,0,0,5,6,1,0,0,0,1,2,3,0,0,2,1,2,0,2,1,3,0,4,2,2,1,1,2,1,0,1,3,2,0,0,2,3,1,3,3,0,3,1,3,2,2,1,1,1,2,1,3,1,2,4,3,3,2,3,1,1,3,2,6,1,1,1,1,3,1,1,0,1,2,2,1,0,2,2,0,0,0,3,0,4,0,1,2,2,2,1,0,0,4,1,0,0
FOODS_3_712,FOODS_3,0,0,1,0,3,4,0,0,0,5,1,3,5,1,1,5,3,0,2,1,3,2,4,4,0,2,2,0,3,0,2,3,2,0,0,0,3,1,5,0,0,0,0,7,0,4,4,1,0,0,6,0,2,8,4,1,0,6,0,5,3,1,4,3,3,9,0,0,0,4,3,1,7,1,0,2,0,3,2,2,1,3,7,5,1,0,0,0,0,0,2,7,3,3,2,2,9,3,1,0
FOODS_3_497,FOODS_3,0,0,4,4,4,0,0,0,0,0,0,0,0,0,2,3,2,2,5,2,4,3,1,0,3,0,2,2,3,2,3,3,0,0,1,0,1,6,0,4,2,0,0,2,3,3,1,1,5,3,0,2,2,0,2,0,3,5,0,1,2,1,2,5,2,1,0,2,0,7,2,1,0,2,1,3,0,1,4,2,1,0,2,0,2,0,0,0,0,0,0,0,0,0,0,0,0,0,0,1
FOODS_3_100,FOODS_3,1,0,1,1,0,3,3,0,2,4,1,1,2,1,6,4,1,0,2,0,1,2,1,3,3,0,2,0,1,2,10,0,0,3,1,2,1,1,4,1,1,2,1,4,2,2,0,1,2,5,1,0,2,6,2,0,1,1,1,4,0,0,3,3,1,2,2,1,2,4,8,1,5,3,1,1,0,2,2,1,3,1,3,0,2,2,2,4,0,4,0,0,4,1,5,0,1,1,2,4
FOODS_2_311,FOODS_2,2,2,3,4,1,1,2,5,2,0,1,2,2,0,3,3,1,0,2,1,1,1,4,3,3,1,2,2,1,1,2,0,1,3,0,2,1,1,1,0,1,2,2,1,1,0,0,0,1,1,2,2,1,2,0,0,0,6,1,3,1,2,0,0,2,1,1,3,1,3,1,3,0,3,0,1,1,2,2,1,1,2,3,0,2,1,1,2,1,1,1,3,2,0,1,0,1,1,2,5
FOODS_3_747,FOODS_3,6,11,5,3,5,5,2,8,2,14,3,5,9,6,3,6,0,0,0,0,0,0,0,0,0,0,3,7,10,4,5,7,0,3,4,11,9,8,10,2,4,7,9,8,1,7,1,6,8,3,0,2,3,0,4,1,3,10,1,2,4,6,0,2,6,4,4,1,6,1,1,15,1,2,2,4,3,18,7,15,4,9,3,5,14,4,0,0,4,4,9,8,4,6,0,0,5,6,6,0
FOODS_2_225,FOODS_2,3,1,2,2,5,1,0,3,4,0,0,1,2,0,1,1,0,0,1,2,2,2,5,0,6,3,2,0,2,4,1,0,1,2,3,0,0,1,1,1,1,2,2,3,0,1,3,2,5,1,0,3,4,3,0,0,3,2,4,0,0,1,0,0,0,2,2,0,2,1,0,6,3,2,2,3,2,4,4,2,3,7,2,0,1,2,2,2,1,1,1,2,4,0,0,2,2,3,3,6
FOODS_2_182,FOODS_2,0,4,3,6,0,6,3,2,3,2,3,2,1,2,1,1,4,1,4,4,2,2,0,2,1,2,3,0,2,2,5,2,1,1,2,1,5,1,0,0,0,4,0,1,1,2,1,0,0,3,5,3,1,3,0,3,0,2,3,4,0,1,1,1,2,2,0,2,0,3,3,3,2,5,2,2,1,0,0,0,5,3,5,0,0,1,2,3,0,0,1,4,1,2,6,6,1,0,1,3
FOODS_3_428,FOODS_3,1,1,4,0,0,1,4,0,2,0,3,2,2,0,2,0,0,2,2,1,1,2,12,0,0,3,1,2,2,2,0,3,3,0,2,3,2,3,3,1,1,0,8,0,3,2,0,5,3,1,1,1,6,2,3,1,0,0,0,0,0,1,1,0,0,0,0,1,0,0,1,0,0,3,0,0,3,2,2,0,0,4,2,1,2,0,2,3,2,2,0,1,0,1,4,0,2,8,0,0
FOODS_1_069,FOODS_1,6,8,3,0,11,2,1,2,3,1,2,4,8,0,18,0,1,2,4,8,1,6,8,10,0,4,37,0,3,0,0,4,5,1,1,12,8,0,2,10,2,4,10,3,2,1,3,3,2,12,0,18,0,0,11,7,4,2,1,4,1,3,7,2,3,4,4,4,1,5,9,1,1,6,0,1,0,7,4,13,1,9,7,0,6,4,2,2,2,6,5,3,2,3,7,0,4,0,6,10
FOODS_3_708,FOODS_3,1,1,2,0,1,0,1,0,4,0,2,2,0,1,1,4,1,2,1,1,1,0,0,1,1,0,0,1,1,0,0,1,0,1,0,1,1,2,0,2,1,1,2,0,0,2,0,0,1,2,1,1,0,2,0,2,0,1,2,1,2,3,0,0,1,0,0,2,2,2,2,2,2,0,0,0,0,4,1,2,1,0,1,1,0,2,0,1,0,1,0,0,1,0,0,0,0,0,2,1
FOODS_3_448,FOODS_3,0,0,0,0,0,0,1,0,1,2,0,1,0,0,0,0,0,1,0,0,0,0,1,1,0,0,0,0,0,3,0,0,0,0,0,0,1,1,0,0,0,0,0,0,0,0,0,0,0,0,0,3,0,3,0,2,0,0,0,1,0,0,0,0,0,0,0,7,6,2,1,3,1,7,0,5,0,6,2,8,10,6,0,2,5,8,4,2,9,4,1,4,2,8,7,3,3,1,5,2
FOODS_2_063,FOODS_2,4,2,3,6,2,2,2,2,0,1,0,1,0,0,2,3,1,2,2,2,1,2,2,2,3,1,3,4,5,2,2,2,1,5,2,3,4,1,5,2,2,2,3,1,1,0,3,2,3,2,2,2,3,4,2,4,7,2,0,2,0,3,1,3,2,2,0,3,1,1,4,4,0,4,1,1,2,4,1,1,1,4,0,3,3,2,1,0,2,2,2,4,1,0,1,1,3,5,2,5
FOODS_3_615,FOODS_3,4,2,1,1,2,0,0,0,1,2,0,3,4,1,0,2,3,1,1,3,2,1,0,0,2,1,3,0,4,1,0,0,0,1,2,1,2,1,0,0,2,2,2,5,0,2,1,0,1,1,0,0,1,2,0,0,5,0,0,2,0,1,0,4,1,2,0,2,3,0,1,0,0,0,0,1,6,6,2,0,0,1,1,1,1,0,0,2,2,0,0,0,0,0,0,0,0,1,0,4
FOODS_1_047,FOODS_1,0,2,6,8,0,0,2,5,3,0,2,9,14,1,0,0,0,0,0,1,0,1,4,4,1,1,4,5,6,6,0,2,1,0,8,1,1,8,3,2,0,1,1,1,10,2,0,0,2,2,7,2,1,0,1,4,1,4,6,4,0,2,2,2,0,0,0,0,0,0,0,3,9,0,1,0,1,0,0,7,2,1,2,2,0,5,7,1,7,0,3,3,0,2,2,0,1,1,2,2
FOODS_2_391,FOODS_2,0,0,4,0,3,6,9,1,2,3,0,7,1,2,1,4,4,2,0,0,0,5,2,0,1,3,0,0,0,1,1,0,0,0,0,0,0,0,0,0,0,0,0,0,0,0,0,2,3,8,1,0,2,3,0,2,2,5,4,7,4,1,0,8,1,1,10,4,0,0,0,4,0,6,1,1,4,2,3,0,5,7,6,3,2,3,2,4,0,1,9,2,6,6,5,0,1,2,4,6
FOODS_2_232,FOODS_2,0,0,1,1,0,3,1,0,0,1,3,0,5,1,0,1,0,3,2,0,0,1,1,0,6,0,3,2,1,1,0,3,2,0,0,0,1,1,2,1,2,5,2,0,1,1,0,1,1,2,2,1,0,3,3,1,1,4,2,0,1,2,0,2,0,2,1,1,1,0,2,0,0,1,2,0,0,5,1,1,2,0,3,1,1,0,1,1,0,0,1,3,3,2,0,0,1,0,1,0
FOODS_2_307,FOODS_2,7,1,0,2,9,1,5,0,0,6,2,6,0,0,1,6,2,6,0,2,3,3,1,4,0,4,2,1,0,0,2,1,5,0,4,1,4,3,2,1,0,3,1,5,0,1,1,1,6,3,3,2,0,1,1,3,0,4,2,2,0,0,0,0,1,0,2,1,4,1,2,6,7,2,1,2,0,5,1,1,0,2,3,3,0,1,2,0,4,0,3,3,3,4,4,3,1,0,0,2
FOODS_1_005,FOODS_1,20,0,7,0,1,1,5,4,8,7,2,1,6,2,7,6,1,0,2,1,2,0,1,2,2,2,0,4,7,1,0,5,6,0,2,1,3,0,1,5,2,12,6,5,0,0,4,9,1,0,1,9,0,1,0,5,1,4,6,3,1,2,4,2,0,1,0,1,0,3,11,1,4,0,12,0,2,1,5,1,1,4,2,8,3,1,4,1,3,2,0,6,1,4,0,3,1,11,2,1
FOODS_2_065,FOODS_2,0,3,5,0,0,1,0,0,4,4,1,0,2,0,0,2,0,0,4,2,5,2,0,0,0,3,1,0,1,0,0,0,4,1,0,0,0,0,0,2,0,1,3,0,0,0,0,2,0,0,4,4,1,3,0,2,1,0,0,4,4,0,1,0,1,0,2,1,1,1,2,1,1,1,0,2,0,0,1,3,0,2,2,0,5,2,2,2,0,0,5,1,2,0,0,4,4,2,4,2
FOODS_3_568,FOODS_3,9,4,6,0,0,5,6,7,0,6,0,0,4,5,10,0,7,11,0,10,9,4,1,5,0,0,2,0,11,5,9,8,1,4,2,8,9,5,2,5,2,5,10,1,9,5,4,7,6,2,2,2,7,5,3,3,2,12,3,3,6,5,11,5,0,3,11,0,2,2,3,8,6,2,1,5,6,5,7,4,3,7,6,4,5,3,1,2,2,3,8,3,4,6,7,3,13,6,5,0
FOODS_1_153,FOODS_1,0,1,3,3,6,5,0,0,1,0,5,5,1,5,3,0,1,2,1,0,0,1,4,0,1,3,1,2,0,1,0,1,0,0,5,2,1,0,2,0,1,1,5,2,2,0,1,1,0,0,0,0,0,3,4,0,1,1,0,0,1,1,1,0,0,0,3,5,2,1,0,0,2,2,0,1,1,7,0,2,2,1,0,1,4,1,2,0,1,0,4,0,1,5,2,0,0,0,2,3
FOODS_3_199,FOODS_3,0,0,0,0,0,0,0,0,0,0,0,0,0,0,0,0,0,0,0,0,1,1,2,2,4,3,0,0,1,3,2,3,1,0,0,1,1,1,2,2,1,0,2,2,1,2,1,0,4,0,4,0,1,1,0,2,2,2,2,1,1,2,2,0,0,2,0,2,1,1,1,1,1,0,5,1,3,0,2,0,0,0,0,0,0,0,0,0,0,0,2,2,3,1,0,1,3,0,2,3
FOODS_3_370,FOODS_3,11,7,7,5,1,7,11,17,15,5,8,3,3,16,12,13,5,15,8,5,8,12,11,13,9,10,12,8,15,18,7,5,7,10,10,10,13,7,12,6,12,7,11,15,6,4,2,8,7,12,8,6,9,8,11,10,10,10,8,7,7,9,8,7,13,8,9,7,3,4,10,16,8,7,13,6,8,12,15,15,10,6,5,14,7,7,16,7,8,6,10,8,18,10,5,10,7,7,13,14
FOODS_3_388,FOODS_3,2,2,3,1,2,1,2,1,3,0,2,0,1,1,1,2,2,3,8,1,2,4,4,3,3,2,4,1,4,7,1,0,2,0,3,3,3,2,2,0,1,2,3,3,1,0,0,0,1,1,3,2,0,1,2,2,3,3,1,1,1,1,3,1,4,2,3,3,1,4,2,0,3,3,1,2,1,0,1,1,3,1,5,2,1,0,3,2,0,1,1,2,0,1,1,1,1,2,2,0
FOODS_2_257,FOODS_2,0,0,0,0,0,0,0,0,0,0,0,0,0,0,0,0,0,0,0,0,0,0,0,0,0,0,0,0,0,0,0,0,0,0,0,0,0,0,0,0,0,0,0,0,0,0,0,0,0,0,0,0,24,0,0,0,0,0,0,0,0,0,1,1,9,1,0,0,0,0,0,0,0,11,3,0,2,1,0,3,9,3,4,0,1,0,5,5,3,1,1,4,0,5,2,0,0,0,7,0
FOODS_3_771,FOODS_3,0,0,0,0,0,0,0,0,0,0,0,0,0,0,0,0,0,0,0,2,0,1,4,3,0,0,1,3,3,3,1,0,1,1,2,4,0,3,1,3,1,2,0,2,1,1,1,1,1,5,4,2,3,2,0,0,0,3,3,2,1,1,1,2,3,0,1,1,1,1,1,1,0,0,1,1,2,1,1,2,2,1,2,0,1,4,1,1,0,0,0,1,3,1,0,1,1,1,2,2
FOODS_2_146,FOODS_2,0,0,2,2,3,1,1,1,1,3,3,2,0,0,1,5,1,0,0,0,1,1,4,1,0,0,0,0,0,0,0,6,1,0,4,1,0,0,0,0,0,2,0,0,0,3,2,1,1,2,0,2,0,0,0,1,2,2,1,0,0,0,0,0,3,0,2,1,0,0,5,0,1,0,3,2,2,3,2,3,2,1,0,1,1,2,0,0,0,2,1,3,2,0,0,2,0,2,3,2
FOODS_3_581,FOODS_3,0,5,2,2,1,0,0,1,2,0,1,2,1,2,2,3,9,0,0,1,2,2,1,3,0,3,0,0,0,0,0,5,2,1,3,2,2,1,3,2,1,3,1,1,1,1,1,2,2,0,5,4,2,2,0,4,8,0,0,0,5,2,0,1,4,0,5,1,0,4,3,2,4,3,0,5,4,4,0,0,2,2,1,0,6,0,1,2,1,1,1,0,7,3,1,0,2,3,1,1
FOODS_3_106,FOODS_3,33,15,21,24,19,11,15,29,12,13,7,16,10,10,30,27,12,12,9,9,17,18,44,8,26,6,2,2,2,9,4,5,8,0,3,1,13,6,0,3,0,10,2,5,0,11,1,0,3,4,18,2,6,3,3,25,0,0,1,7,4,4,11,8,3,4,3,3,1,2,3,7,0,1,3,1,1,4,11,6,1,11,1,4,3,2,4,3,2,2,2,7,3,2,6,4,3,0,1,15
FOODS_2_175,FOODS_2,5,0,0,3,3,7,0,5,2,8,1,0,2,0,3,17,2,0,0,4,9,3,0,4,11,0,1,10,7,1,0,5,3,0,2,1,4,7,1,5,1,8,4,12,1,3,0,9,4,1,7,6,1,2,5,0,13,5,7,0,1,2,1,2,10,0,2,7,0,1,6,4,0,4,1,5,1,0,9,3,5,0,5,2,3,6,0,0,3,0,5,0,8,0,0,0,1,0,5,0
FOODS_2_138,FOODS_2,1,2,3,3,3,1,1,4,0,2,2,3,1,3,1,2,3,0,0,4,1,4,2,1,3,0,2,2,3,1,4,0,0,4,4,3,1,0,7,1,0,2,4,1,0,1,1,0,6,0,0,2,9,1,0,3,1,6,3,1,2,0,1,5,2,0,3,2,2,0,3,6,6,2,0,0,0,1,3,1,0,0,0,0,0,0,0,2,1,2,1,4,6,5,1,2,2,2,2,2
FOODS_1_024,FOODS_1,3,2,0,0,1,0,0,1,9,2,4,0,2,0,0,0,1,0,1,1,2,0,0,0,4,1,0,2,0,1,1,0,1,2,1,2,0,0,0,3,4,0,0,0,1,0,3,5,2,3,1,2,2,0,1,2,2,11,4,0,1,1,1,2,1,2,1,9,2,2,2,1,4,2,0,0,20,0,6,0,0,4,1,3,1,2,1,2,2,1,0,4,7,7,1,0,0,2,0,0
FOODS_3_187,FOODS_3,2,2,2,6,1,1,2,6,1,0,0,3,12,5,0,0,0,3,0,3,3,8,2,5,0,0,0,2,6,2,11,2,0,0,0,1,5,5,1,5,1,1,0,1,0,3,1,3,5,0,2,3,0,3,0,0,1,4,2,6,4,3,0,1,4,12,3,2,2,1,11,1,0,5,4,2,1,0,4,5,3,3,7,0,3,5,3,11,1,0,0,2,4,5,4,2,4,4,3,8
FOODS_3_759,FOODS_3,6,2,4,0,1,1,4,2,1,1,2,1,2,0,3,6,1,3,0,0,3,1,2,0,0,0,1,2,0,1,2,0,1,3,1,0,0,0,0,1,2,0,4,0,0,0,0,2,2,4,1,2,0,2,2,3,0,0,0,0,1,0,2,0,0,0,1,0,1,0,1,3,1,0,0,0,2,2,2,0,0,0,1,1,2,1,1,1,1,1,1,2,0,0,0,1,1,0,3,1
FOODS_3_438,FOODS_3,1,2,2,0,0,12,0,0,6,5,0,0,3,0,1,5,3,3,4,1,2,0,4,0,4,3,2,2,5,2,4,0,0,4,4,4,0,8,0,2,0,4,3,3,2,0,0,5,9,0,0,8,4,0,0,0,0,0,7,3,2,0,12,0,0,0,0,2,3,1,5,8,2,2,1,3,3,1,1,1,13,1,0,0,4,8,0,0,0,2,2,8,4,5,3,0,0,4,4,4
FOODS_3_335,FOODS_3,3,2,0,3,2,1,1,5,2,3,2,0,1,1,3,3,1,3,0,0,0,3,4,2,1,0,1,1,1,3,2,0,2,0,1,2,2,3,3,2,2,2,1,8,0,0,0,2,0,6,1,3,2,0,1,2,0,2,0,3,0,0,7,1,5,2,1,1,8,2,3,2,2,1,1,0,7,0,0,1,1,0,0,4,1,4,0,4,4,0,4,4,4,1,3,3,0,0,3,2
FOODS_3_280,FOODS_3,1,1,1,1,1,0,0,0,1,2,2,1,0,2,2,0,3,1,3,0,0,1,4,0,0,4,2,0,0,4,2,0,0,4,1,1,0,3,3,0,0,0,1,2,0,0,0,1,3,0,3,0,1,1,1,1,1,2,2,2,1,1,1,1,0,1,1,4,2,0,2,1,0,0,0,0,1,3,2,0,0,1,0,1,1,0,1,2,1,1,0,1,1,1,0,0,1,1,1,2
FOODS_1_092,FOODS_1,4,2,3,1,4,5,0,4,7,2,0,2,3,3,0,2,2,4,5,0,2,3,1,1,3,4,7,2,5,1,0,1,10,0,1,1,4,1,4,1,0,2,0,2,3,0,1,0,1,0,3,1,1,1,0,1,0,2,0,0,1,1,1,0,1,2,0,1,1,0,3,0,7,1,5,1,0,0,1,2,1,2,2,6,0,0,0,0,1,1,15,1,1,0,1,0,2,1,0,5
FOODS_1_190,FOODS_1,4,0,3,2,3,4,2,20,1,0,0,0,1,2,3,1,1,3,1,1,3,1,8,1,1,3,0,1,5,4,1,2,1,5,4,4,0,3,1,2,2,7,11,5,0,0,0,1,0,0,0,1,8,1,0,0,7,1,0,0,0,4,2,0,0,0,0,0,0,0,0,1,15,0,1,1,3,1,1,1,0,0,0,0,0,0,0,0,3,10,8,3,0,0,0,0,0,0,0,0
FOODS_2_112,FOODS_2,4,1,3,1,3,1,2,1,2,0,3,6,5,1,7,1,1,3,2,3,1,5,5,9,4,0,1,2,1,0,0,2,1,1,1,8,3,3,6,4,1,2,4,5,0,2,2,0,1,8,9,2,2,0,4,0,8,9,2,2,0,0,3,3,4,1,1,4,1,0,3,8,3,5,0,0,1,1,6,1,2,3,6,3,2,7,1,2,2,1,3,6,1,3,0,1,2,1,5,4
FOODS_2_322,FOODS_2,1,1,1,3,2,1,3,3,4,2,0,0,0,1,2,5,2,2,0,1,1,2,2,2,4,0,0,0,2,3,0,1,3,0,0,2,1,0,4,2,0,3,1,2,2,2,4,1,1,4,0,2,1,1,2,2,3,1,3,0,4,0,1,0,1,3,1,0,3,0,1,4,0,1,0,0,0,2,2,0,1,0,0,0,0,0,0,0,2,1,1,2,3,0,0,2,2,2,0,2
FOODS_3_271,FOODS_3,3,2,1,1,1,3,2,2,5,2,2,2,0,8,8,2,5,2,1,1,1,2,2,3,2,0,0,0,0,0,0,0,0,0,0,0,0,0,0,0,0,0,0,0,0,0,0,0,0,0,0,0,0,0,0,0,0,0,0,0,0,0,0,0,0,0,0,0,0,0,0,0,0,0,1,0,0,0,0,0,0,0,0,0,0,0,0,0,0,0,0,0,0,0,0,0,0,0,0,0
FOODS_3_356,FOODS_3,1,0,0,0,4,1,1,2,1,3,5,1,4,2,4,3,5,2,0,3,1,2,3,2,0,1,0,1,2,3,4,0,0,0,0,0,3,2,3,1,1,3,1,3,1,5,2,2,2,1,3,4,1,2,5,4,0,7,1,0,1,2,4,3,2,3,3,3,3,5,3,4,1,0,1,6,4,0,3,3,2,1,1,3,4,2,7,4,2,2,2,4,3,1,1,0,0,4,5,7
FOODS_2_080,FOODS_2,0,0,0,0,4,1,0,0,0,0,0,0,0,0,0,0,0,0,0,2,0,0,0,0,0,0,0,0,0,0,0,0,0,2,0,0,0,0,0,0,0,0,0,0,0,0,0,0,0,1,0,0,0,0,0,0,0,0,0,0,0,0,0,0,0,0,0,0,0,0,0,0,0,0,0,0,0,0,0,0,0,2,4,1,5,2,10,0,3,5,7,4,4,2,1,0,4,2,6,7
FOODS_3_024,FOODS_3,10,7,16,10,8,9,8,16,7,11,8,9,14,5,12,12,11,0,6,8,12,6,6,12,5,8,6,10,7,18,16,5,8,8,8,10,7,6,8,7,9,9,8,2,5,20,14,3,0,0,0,0,0,4,0,0,0,0,0,0,0,0,0,0,0,0,0,0,0,0,0,0,0,0,0,0,0,0,0,0,0,0,0,0,0,0,0,0,0,0,1,0,0,0,0,0,0,0,0,0
FOODS_3_513,FOODS_3,3,2,2,1,3,3,2,3,4,1,1,3,1,1,2,1,5,3,1,2,2,2,5,2,4,3,3,1,0,3,0,5,4,3,5,4,2,1,5,4,3,0,4,3,3,3,0,1,4,1,2,3,3,2,0,2,6,2,0,2,0,0,0,3,4,1,0,4,5,3,2,3,3,3,4,5,1,1,8,3,2,7,0,0,4,4,4,1,7,4,1,2,3,0,3,3,4,3,0,4
FOODS_3_308,FOODS_3,0,0,0,2,1,1,2,2,1,0,0,1,1,2,2,0,0,1,0,0,0,3,3,1,2,0,1,2,0,0,2,1,0,1,2,0,2,1,1,0,1,0,0,2,0,0,0,0,1,1,2,1,0,1,0,0,1,3,0,1,1,0,0,1,0,1,3,0,0,1,2,1,2,0,1,1,0,1,1,1,0,0,1,0,1,2,1,2,1,0,1,1,0,0,1,0,0,0,1,0
FOODS_3_577,FOODS_3,0,0,0,0,0,0,0,0,0,0,0,0,0,0,0,0,0,0,0,0,0,0,0,0,0,0,0,0,0,0,0,0,1,2,2,6,3,1,3,2,4,0,1,1,3,2,0,1,6,1,1,1,4,7,0,1,2,4,0,2,1,1,0,3,2,2,1,0,1,1,2,1,2,1,3,0,2,4,3,3,0,2,2,3,2,5,2,5,2,1,3,1,2,0,1,3,0,3,2,0
FOODS_3_502,FOODS_3,6,1,2,4,2,3,0,1,2,3,7,7,2,2,3,4,4,4,2,2,0,2,6,1,5,4,1,1,2,2,5,4,2,2,1,5,2,4,2,1,4,4,7,5,3,2,1,0,1,6,1,1,2,1,2,3,1,3,12,9,0,1,0,6,3,1,1,3,3,1,5,3,3,1,2,2,3,2,3,5,2,2,0,2,0,1,3,1,0,2,1,0,1,0,2,1,1,1,0,0
FOODS_3_032,FOODS_3,4,0,9,4,5,5,3,1,0,3,3,2,0,1,3,3,3,1,2,1,4,1,3,3,3,2,2,5,2,5,1,3,2,0,0,6,4,3,1,2,2,4,4,7,4,1,2,2,3,5,5,2,2,1,2,2,2,8,1,0,2,1,3,2,2,2,2,0,1,2,2,2,2,1,1,4,1,2,1,2,2,3,2,1,2,1,3,2,2,4,3,2,1,3,6,2,1,1,4,5
FOODS_2_351,FOODS_2,2,4,2,2,7,0,3,5,2,0,3,5,0,0,2,10,2,0,0,0,4,3,4,0,1,0,4,5,4,0,1,4,0,0,2,1,7,4,5,2,0,1,3,2,2,2,2,0,1,3,5,2,2,2,2,1,1,3,0,3,0,0,0,0,0,3,2,0,2,0,2,1,1,3,1,2,1,0,4,0,2,3,0,0,3,9,6,0,1,1,6,0,2,1,0,1,1,0,3,1
FOODS_3_423,FOODS_3,4,7,8,0,4,2,2,3,4,6,0,4,3,1,3,7,0,0,2,2,3,1,6,3,0,6,0,4,6,8,2,4,0,0,2,2,6,5,4,3,2,1,5,3,4,2,1,0,2,4,4,6,2,2,5,4,7,2,4,2,2,3,1,1,6,4,0,2,2,1,1,6,3,2,4,3,4,3,3,1,6,1,4,0,3,4,5,4,0,2,4,3,6,4,2,2,4,4,3,5
FOODS_1_123,FOODS_1,9,5,6,0,1,2,4,4,6,2,3,1,1,0,2,8,2,3,2,2,0,6,0,4,1,2,7,1,0,1,2,1,4,2,4,2,5,3,1,1,5,6,14,4,3,0,0,1,1,1,1,0,1,4,2,1,1,4,0,1,2,1,1,4,4,6,2,5,1,0,2,1,1,1,2,1,4,0,5,2,2,0,0,8,1,2,1,0,1,0,3,0,9,0,0,1,1,2,0,3
FOODS_1_074,FOODS_1,5,6,7,3,0,0,2,3,1,0,2,2,0,1,4,1,2,0,2,0,0,1,4,0,1,1,2,0,0,0,1,0,4,1,3,2,0,2,1,4,0,1,1,6,6,2,3,0,0,1,0,3,0,1,2,3,6,3,0,0,0,4,1,0,5,2,1,3,0,2,0,3,0,1,2,4,0,3,12,6,1,6,1,0,1,2,2,0,1,1,1,5,2,0,1,1,4,2,3,3
FOODS_3_162,FOODS_3,2,2,0,1,2,1,2,1,0,1,1,0,0,0,0,0,1,2,0,1,2,1,2,3,4,1,1,1,0,1,2,0,1,2,0,0,1,0,1,0,1,0,2,0,1,1,0,4,0,0,4,1,0,0,0,0,7,1,0,2,1,3,0,1,1,2,0,1,0,0,15,0,0,0,0,0,0,1,1,0,0,0,2,0,0,1,2,1,1,0,2,0,0,0,3,4,0,3,0,0
FOODS_1_037,FOODS_1,0,1,5,1,2,1,2,1,1,1,0,1,0,1,4,1,0,1,0,3,0,0,3,1,0,1,0,0,1,0,3,1,2,0,0,6,0,1,0,0,0,11,6,6,2,2,12,5,2,0,2,0,0,3,0,1,2,3,1,2,2,5,5,5,4,5,1,3,3,6,1,3,0,3,3,0,1,0,2,7,4,10,2,2,3,1,1,1,1,0,4,7,0,2,1,8,3,0,2,12
FOODS_3_509,FOODS_3,1,4,3,1,0,1,1,2,3,0,1,1,2,0,4,1,1,3,0,1,0,3,2,2,3,7,3,0,2,4,2,2,1,2,0,1,8,3,0,1,0,3,7,0,2,1,1,1,4,4,2,2,11,0,1,0,5,6,2,2,0,3,4,3,3,2,3,2,0,1,3,4,2,1,0,0,5,0,2,0,1,12,0,0,2,1,3,4,2,2,1,0,5,2,3,2,1,2,0,1
FOODS_3_768,FOODS_3,2,2,2,2,3,3,3,5,6,2,7,2,3,1,3,1,4,3,0,7,3,4,2,4,3,5,2,3,4,3,15,2,3,4,3,4,4,7,4,6,6,4,3,6,4,3,5,7,3,8,5,7,4,4,4,1,12,5,6,4,6,3,5,2,1,3,10,3,2,7,3,9,6,2,3,2,2,6,6,9,2,5,3,9,1,1,7,4,3,3,0,3,6,4,2,5,17,0,3,11
FOODS_3_611,FOODS_3,0,1,0,2,1,1,0,0,0,3,2,0,0,1,0,1,1,3,0,0,1,2,2,4,3,0,3,0,3,3,0,0,2,0,0,2,2,0,2,0,0,0,1,0,1,0,0,2,1,0,0,1,0,0,2,0,0,1,2,1,2,1,1,1,1,0,1,2,1,1,1,1,0,1,1,0,2,2,0,0,0,4,2,0,0,0,3,1,0,2,1,0,2,0,1,0,0,1,1,1
FOODS_2_309,FOODS_2,3,0,2,5,0,3,2,4,7,3,1,6,0,0,1,4,7,2,1,3,3,8,7,0,4,3,5,0,2,2,3,2,3,3,1,2,4,4,2,1,0,1,3,2,4,1,4,1,0,1,5,5,3,1,1,0,12,3,0,0,3,2,2,1,2,2,3,0,0,3,2,5,4,0,2,1,1,0,8,7,1,2,1,3,1,3,8,1,0,0,4,3,4,3,1,3,3,1,2,2
FOODS_3_276,FOODS_3,1,2,3,1,2,1,3,5,3,5,0,2,2,7,5,2,1,4,1,0,1,6,6,8,0,0,0,0,0,0,0,0,1,0,0,1,0,0,0,0,0,0,0,0,0,0,0,0,0,0,0,0,0,0,0,0,0,0,0,0,0,0,0,2,0,0,0,0,0,0,0,0,0,0,0,0,0,0,0,0,0,0,0,0,0,1,0,0,0,0,0,0,0,0,0,0,0,0,0,0
FOODS_2_192,FOODS_2,3,2,4,0,2,2,1,3,5,4,0,0,3,2,1,4,0,7,0,1,0,1,0,0,2,0,0,4,0,0,5,0,3,1,1,1,0,3,4,0,2,0,1,2,0,0,2,0,2,1,5,5,2,1,0,0,4,8,0,2,4,4,0,1,0,4,2,1,1,0,2,2,0,0,1,0,2,0,0,5,2,2,1,3,0,0,0,3,4,1,4,0,1,1,0,3,1,3,1,0
FOODS_3_207,FOODS_3,2,0,0,1,0,3,3,0,1,0,0,3,1,0,0,0,1,1,2,1,2,2,13,0,0,0,0,0,3,0,5,0,1,0,0,0,0,1,0,4,0,1,0,2,0,2,2,0,5,2,0,1,1,0,1,0,1,2,0,5,1,1,0,1,0,2,4,0,0,0,10,1,3,5,1,1,0,1,5,0,0,1,1,2,1,1,2,0,1,0,5,1,0,0,0,2,1,0,0,3
FOODS_2_189,FOODS_2,0,1,3,0,3,2,0,0,0,2,1,0,1,4,4,5,0,4,2,0,2,4,2,2,1,4,2,0,5,2,4,8,3,0,2,1,5,1,2,3,2,1,2,2,0,4,0,1,5,4,5,4,0,1,2,0,3,9,1,3,1,0,1,1,2,2,3,1,0,1,2,2,3,1,6,4,2,3,5,3,2,3,1,2,1,0,2,0,4,0,6,0,5,1,2,2,1,0,4,1
FOODS_3_730,FOODS_3,4,1,1,1,3,0,0,2,1,1,0,8,1,1,0,1,3,0,1,2,3,2,1,1,1,0,1,2,1,2,0,1,2,2,1,3,2,4,4,1,3,5,0,3,0,0,0,1,1,2,0,1,0,0,0,0,0,0,0,0,0,0,0,0,1,0,1,0,0,0,0,0,2,0,0,0,0,1,1,2,0,0,0,2,3,1,0,0,3,1,0,0,2,3,0,0,2,0,1,2
FOODS_2_242,FOODS_2,1,3,1,4,3,1,0,0,3,3,0,0,1,1,2,0,0,2,2,2,0,0,2,3,3,0,0,0,5,2,0,0,0,5,1,1,0,3,1,3,0,1,0,1,2,0,0,1,3,0,3,4,1,0,0,1,4,0,0,0,4,2,3,1,0,1,2,3,1,2,0,0,1,6,0,0,0,3,5,1,0,0,0,0,0,0,0,0,0,0,0,0,0,0,0,0,0,0,0,0
FOODS_1_127,FOODS_1,0,0,0,0,0,3,3,2,3,0,0,2,0,0,1,0,3,1,1,2,2,1,2,0,0,3,0,1,4,3,2,1,0,0,1,3,0,1,0,2,1,4,0,2,3,0,7,0,5,3,0,0,1,0,0,4,2,0,3,0,1,3,3,0,3,1,2,2,0,2,3,3,5,1,1,3,1,5,0,2,3,0,0,0,5,1,1,1,0,0,9,1,1,0,0,0,0,1,3,1
FOODS_2_396,FOODS_2,1,1,5,0,2,0,2,1,4,5,0,4,3,2,4,1,6,0,3,0,5,2,5,1,3,5,2,2,3,1,0,1,2,2,1,5,1,4,1,1,1,2,2,7,1,7,2,2,2,1,4,1,2,7,1,2,7,1,5,2,2,3,4,6,4,0,4,4,1,3,5,3,0,2,8,1,0,6,3,5,2,4,0,1,5,8,3,3,1,0,4,2,5,1,3,3,2,2,5,2
FOODS_3_515,FOODS_3,3,5,2,2,2,2,11,6,7,13,7,10,4,8,8,15,11,8,7,12,9,6,13,10,12,16,11,3,12,16,6,4,4,4,10,5,4,4,3,8,2,4,6,9,4,4,3,2,2,1,2,3,2,2,0,0,7,7,3,6,4,0,2,1,1,0,2,0,0,1,0,2,2,0,1,2,1,2,3,4,3,3,3,2,2,1,9,4,8,2,7,12,4,3,3,2,2,1,7,10
FOODS_3_706,FOODS_3,4,3,5,5,4,5,2,4,8,1,2,2,2,4,7,3,4,3,3,0,1,2,2,7,2,5,3,4,4,3,6,5,3,3,0,0,1,4,4,2,5,1,6,1,4,3,2,2,3,2,5,2,3,4,5,2,3,2,2,1,1,0,3,2,1,7,8,0,3,1,5,4,6,3,2,1,1,2,1,4,4,3,1,1,1,5,5,3,1,3,4,4,7,3,4,2,7,3,2,4
FOODS_3_685,FOODS_3,2,1,2,4,2,1,1,2,4,4,2,1,2,2,2,2,6,4,4,3,6,1,6,3,2,2,5,2,1,5,4,3,5,0,3,3,1,3,3,0,2,3,3,1,3,2,2,2,5,3,7,3,1,1,3,2,2,3,4,1,1,2,4,3,1,2,2,3,6,4,2,1,2,7,0,1,2,2,4,3,5,3,5,2,0,0,0,0,0,0,0,0,0,0,0,0,0,0,0,1
FOODS_3_415,FOODS_3,0,0,0,0,0,0,0,0,0,0,0,0,0,0,0,0,0,0,0,0,1,4,2,1,4,1,4,4,3,1,4,3,1,3,2,3,3,2,0,0,0,0,3,2,0,1,2,1,1,0,0,3,2,3,0,0,1,3,2,4,0,1,1,1,1,2,0,0,0,0,1,2,1,0,3,0,1,1,3,0,2,1,2,1,2,0,4,3,3,2,0,1,1,0,0,1,0,1,4,0
FOODS_2_067,FOODS_2,0,0,0,0,0,0,1,0,0,0,0,0,0,0,0,0,0,0,0,0,0,0,0,1,0,0,0,0,0,0,0,0,0,0,0,0,0,0,0,0,0,0,0,0,0,0,0,0,0,0,0,0,0,0,0,0,0,0,0,0,0,0,0,0,0,0,0,0,0,0,0,0,0,0,0,0,0,0,0,0,0,1,0,1,6,0,0,1,0,4,3,0,0,0,2,6,1,2,3,6
FOODS_3_029,FOODS_3,3,1,1,0,1,0,1,1,2,6,2,0,2,0,1,0,2,1,4,0,1,5,1,0,7,0,0,0,2,0,1,0,1,1,2,3,3,3,0,1,1,0,2,2,0,2,0,1,6,2,1,0,2,1,0,3,3,1,1,1,6,3,1,1,4,0,3,0,0,4,9,1,0,4,3,1,1,2,1,5,0,0,2,0,1,0,0,0,2,0,0,2,2,1,0,0,2,0,1,2
FOODS_1_042,FOODS_1,2,7,3,1,4,0,2,1,3,3,2,4,4,8,5,1,3,6,1,8,2,2,3,3,1,8,2,1,8,3,1,5,4,2,2,6,11,1,1,6,2,4,7,0,1,4,3,0,5,0,4,3,2,7,5,3,1,8,0,1,3,0,0,5,7,3,3,3,6,0,11,3,3,2,4,1,0,6,3,2,3,2,8,1,3,5,2,1,2,1,2,1,11,2,2,5,1,4,8,4
FOODS_1_044,FOODS_1,1,0,1,0,0,0,0,0,0,0,0,0,0,0,0,0,0,0,0,1,0,0,0,0,0,0,0,0,0,0,0,0,0,0,0,0,0,0,0,0,0,0,0,0,0,0,0,0,0,0,0,0,0,0,0,0,0,0,0,0,0,0,0,1,4,0,2,1,1,1,0,0,4,1,2,3,0,1,1,2,0,4,2,0,1,2,5,0,2,2,3,0,3,3,0,0,3,1,1,3
FOODS_3_514,FOODS_3,2,0,0,0,5,1,0,0,3,7,2,1,1,2,2,0,0,0,0,5,1,3,7,5,1,4,3,1,4,2,10,7,3,3,3,2,0,4,3,5,2,2,2,0,3,6,4,2,5,2,3,5,0,3,1,5,2,7,0,4,2,4,2,4,2,3,2,2,4,0,16,21,17,5,3,3,3,5,5,1,7,4,4,4,4,2,2,0,0,0,12,8,5,10,6,2,1,6,1,4
FOODS_3_112,FOODS_3,2,1,2,3,1,4,2,4,3,6,2,2,1,1,3,8,3,4,10,0,5,1,4,3,1,6,3,3,2,4,2,0,2,4,3,6,6,3,7,0,3,8,3,7,1,2,2,6,1,1,3,7,2,6,2,2,3,3,6,3,8,1,4,2,4,7,3,8,2,3,5,11,6,2,2,3,2,2,3,9,1,6,3,10,4,3,5,9,3,4,4,2,10,1,7,3,4,3,5,3
FOODS_3_077,FOODS_3,7,5,9,3,3,8,9,4,7,4,8,9,3,5,6,5,5,4,4,4,5,7,7,5,5,3,1,5,6,12,2,4,1,0,0,0,0,0,0,0,0,0,0,0,0,0,0,0,0,0,0,0,0,0,0,0,0,0,0,0,0,0,0,0,0,0,0,0,0,0,0,0,0,0,0,0,0,0,0,0,0,4,2,3,7,2,0,5,6,2,6,4,2,0,2,5,6,4,4,2
FOODS_3_718,FOODS_3,4,0,2,4,0,3,0,0,1,1,1,4,0,4,4,1,1,8,1,1,0,5,0,1,2,0,0,2,3,0,4,0,0,3,0,2,1,2,0,0,2,1,0,0,0,2,2,4,2,1,0,1,2,2,0,0,1,0,1,0,0,0,1,2,3,3,1,1,10,0,0,0,1,0,2,1,4,4,0,0,1,0,2,0,3,1,0,2,0,0,1,10,2,1,1,0,1,0,5,3
FOODS_3_810,FOODS_3,0,0,0,0,1,0,0,1,0,0,1,0,0,0,0,0,0,0,0,0,0,2,3,2,3,1,1,1,1,2,0,1,1,0,2,0,3,5,1,1,0,3,2,2,1,0,1,1,1,4,6,5,0,2,2,0,2,0,2,1,0,1,2,2,1,0,1,2,1,7,0,3,1,1,0,0,0,2,4,1,2,1,0,0,3,1,1,0,0,2,3,1,1,0,0,0,3,0,0,0
FOODS_1_175,FOODS_1,2,3,0,1,2,1,2,2,2,0,0,0,0,0,0,0,0,0,0,0,1,0,5,1,3,1,0,1,1,1,2,0,0,7,0,1,0,2,0,0,2,0,1,1,0,0,1,2,0,4,2,0,0,2,1,0,2,1,2,0,0,1,1,1,2,2,0,1,0,1,4,1,0,0,0,0,0,3,6,1,3,0,0,0,4,2,0,0,1,0,1,0,0,0,0,1,1,1,2,4
FOODS_2_079,FOODS_2,0,3,2,2,1,2,1,3,2,0,1,2,0,1,2,2,1,2,2,1,2,1,2,0,0,5,1,0,1,6,2,1,4,3,2,0,0,4,2,3,6,2,0,7,0,4,2,4,4,3,4,3,1,3,3,1,1,7,2,3,2,4,4,5,6,1,5,5,1,2,6,4,1,1,1,3,5,6,10,4,3,7,5,0,4,8,3,4,5,2,4,5,6,5,3,6,7,1,3,2
FOODS_3_433,FOODS_3,3,1,5,4,3,0,0,2,0,1,4,6,2,3,6,1,5,7,3,0,4,2,3,3,2,0,3,1,5,0,3,5,2,1,0,2,3,2,0,7,4,3,0,5,4,2,4,6,0,2,6,5,3,0,2,2,6,1,0,0,6,1,1,0,2,3,4,0,3,0,0,2,8,1,1,1,0,3,3,0,9,0,7,0,2,3,1,4,4,0,4,9,2,0,1,3,5,1,4,2
FOODS_2_184,FOODS_2,1,4,4,1,1,3,1,2,5,0,1,1,3,0,0,6,0,3,3,1,2,1,3,0,2,2,4,2,1,2,3,2,3,3,3,5,1,3,3,3,2,3,0,0,1,4,4,0,1,6,2,3,4,0,3,3,3,3,3,0,1,2,4,0,0,3,3,4,3,1,0,3,5,0,3,1,1,2,6,6,1,1,3,0,3,1,4,4,5,4,2,3,3,5,2,4,2,3,2,1
FOODS_3_797,FOODS_3,2,3,8,5,0,4,6,7,0,1,8,0,0,0,1,17,7,1,0,3,3,5,0,5,4,1,5,4,7,2,5,4,0,5,4,5,0,5,4,3,6,3,1,5,9,3,3,4,8,1,4,5,5,3,3,3,4,5,3,4,3,0,3,7,4,3,2,2,4,4,4,3,5,6,1,3,5,4,9,0,5,8,2,0,0,3,8,1,1,2,0,1,7,1,3,2,2,6,1,4
FOODS_3_463,FOODS_3,0,0,1,1,0,0,2,1,0,1,1,0,0,3,2,1,1,2,1,0,2,1,0,1,0,0,0,0,2,2,1,1,2,1,2,1,0,1,3,2,2,0,2,2,1,0,0,1,1,2,0,1,0,1,1,1,2,1,0,1,2,0,3,0,2,0,1,0,1,2,0,0,1,0,1,0,2,1,1,0,0,2,1,0,0,0,0,2,1,0,0,1,2,0,0,0,0,1,1,1
FOODS_1_216,FOODS_1,12,2,0,0,0,0,0,3,3,0,0,2,1,0,1,1,0,0,0,2,2,2,6,1,2,2,2,2,0,1,2,0,2,1,2,5,2,2,3,9,0,3,10,0,0,5,3,0,0,1,2,0,1,3,1,0,5,1,1,0,0,1,2,0,6,0,1,2,0,2,2,0,0,0,1,1,0,1,1,1,0,0,0,0,1,6,3,1,2,1,0,3,0,0,0,2,0,2,3,2
FOODS_3_091,FOODS_3,1,1,3,1,0,1,2,2,2,2,2,0,0,0,3,6,1,1,2,1,0,6,0,4,4,0,1,0,4,5,1,0,0,1,3,2,1,3,0,2,1,1,2,3,2,2,1,2,2,0,2,4,1,0,0,1,3,0,3,0,1,1,1,0,2,0,0,2,0,3,2,4,1,0,0,1,1,2,2,3,0,0,1,0,2,1,2,0,3,0,2,0,4,0,0,0,0,0,1,2
FOODS_2_144,FOODS_2,0,3,2,1,2,0,3,1,4,0,0,0,1,2,3,1,1,1,0,2,0,6,4,1,0,0,0,0,0,0,1,0,0,0,0,1,1,0,2,6,1,0,1,1,3,2,0,2,3,2,0,0,1,2,4,2,1,7,3,6,1,1,3,3,2,1,2,0,1,4,0,5,1,2,0,3,1,1,4,1,2,1,2,1,1,0,2,0,5,0,5,0,4,6,4,1,0,0,0,5
FOODS_3_387,FOODS_3,0,0,0,0,0,0,0,0,0,0,0,0,0,0,0,0,0,0,0,0,0,0,0,0,0,0,0,0,0,0,0,0,0,0,2,2,5,1,4,0,3,3,0,3,4,3,1,1,0,2,4,1,2,2,5,2,4,6,1,2,0,2,0,3,2,1,1,5,1,1,5,3,6,0,0,0,1,2,3,0,2,2,1,0,1,1,1,7,0,3,0,0,4,2,3,0,0,1,1,0
FOODS_3_212,FOODS_3,1,1,0,2,1,2,1,1,3,2,2,2,0,1,4,1,1,2,2,0,0,1,2,4,0,1,0,0,3,0,2,1,0,1,0,0,2,0,0,0,1,0,2,0,3,3,0,2,0,2,3,1,1,1,0,0,2,5,3,1,2,0,3,1,0,1,0,4,1,0,1,4,2,1,4,2,2,3,3,2,1,1,1,4,0,1,3,3,0,1,1,1,3,3,2,1,1,1,3,0
FOODS_3_583,FOODS_3,6,4,1,5,4,2,1,7,2,5,6,2,2,3,4,6,3,0,4,6,6,3,3,11,4,4,3,5,4,6,2,3,2,5,4,3,1,3,3,5,4,2,7,8,9,4,3,4,4,0,7,8,2,4,5,1,4,8,5,2,3,0,2,6,5,5,5,1,1,10,2,5,2,2,2,1,0,3,7,2,11,3,6,7,2,3,3,4,8,5,4,1,9,9,2,1,1,4,4,10
FOODS_3_495,FOODS_3,0,1,0,0,1,0,1,2,1,2,2,0,11,2,1,0,11,0,0,0,2,3,2,2,1,1,1,0,0,2,1,0,0,1,1,0,1,2,2,3,1,1,1,2,0,1,0,0,4,2,0,0,1,1,3,1,4,0,1,0,1,4,1,1,2,0,1,0,1,0,1,1,1,0,0,0,0,1,0,0,8,0,0,0,1,1,1,0,5,2,1,0,1,2,3,2,1,0,0,0
FOODS_2_291,FOODS_2,1,2,3,1,2,1,3,3,2,1,3,2,1,1,2,2,1,0,1,0,1,2,3,2,3,1,1,1,2,0,2,2,4,3,1,3,3,1,0,4,2,0,1,5,1,0,2,2,4,0,3,1,0,1,2,3,1,3,1,1,0,0,2,1,3,2,1,0,2,2,0,3,1,1,0,1,2,2,1,1,1,3,1,1,1,0,2,1,2,1,2,1,3,3,3,3,0,0,1,0
FOODS_2_051,FOODS_2,3,0,6,2,1,1,2,4,6,2,0,1,0,4,5,4,1,2,1,3,1,5,2,2,0,0,3,0,3,1,0,0,1,2,0,4,2,1,1,0,3,1,3,0,0,0,0,0,5,1,1,0,0,0,2,1,4,0,0,0,0,0,2,1,3,2,1,0,0,2,6,4,1,2,1,0,0,0,0,0,0,0,0,0,1,0,3,2,1,0,0,2,0,0,0,8,1,0,0,0
FOODS_2_327,FOODS_2,1,1,3,0,2,1,0,5,0,4,3,0,1,0,6,2,3,0,0,2,0,2,0,2,0,1,0,0,4,0,0,1,1,3,1,5,3,1,1,0,0,4,4,0,0,0,0,0,2,3,2,0,0,1,0,3,3,0,3,1,0,2,3,1,0,0,0,2,0,0,2,5,1,3,2,0,1,2,5,1,0,2,1,3,0,2,3,0,2,2,0,2,2,1,3,0,0,0,0,0
FOODS_3_450,FOODS_3,1,2,0,1,1,1,4,0,2,0,3,4,1,3,1,4,2,4,4,2,2,0,3,1,1,0,1,0,0,0,3,2,0,6,0,2,1,0,2,3,4,0,3,1,2,2,0,2,1,1,2,1,6,2,2,0,2,5,1,1,1,1,0,1,1,5,4,2,2,2,0,1,3,4,3,2,0,2,1,3,4,1,2,2,1,0,1,4,0,1,1,3,4,0,2,2,2,2,0,2
FOODS_2_093,FOODS_2,3,1,4,2,1,0,2,1,2,2,3,3,1,0,2,0,1,1,0,1,2,1,2,5,0,1,0,2,0,1,0,0,4,2,0,1,2,0,1,3,0,1,3,0,3,0,0,0,2,2,3,1,0,0,2,0,2,0,0,1,1,2,0,1,0,1,1,2,2,1,0,0,1,4,0,1,1,4,0,2,2,1,0,1,2,1,1,2,0,1,0,0,1,0,2,3,0,0,1,0
FOODS_2_134,FOODS_2,1,3,2,2,4,0,4,4,3,0,0,0,1,0,4,0,1,1,4,2,0,1,3,6,1,0,1,1,2,6,2,1,2,2,0,1,2,2,3,2,3,2,2,1,1,1,2,1,0,3,4,0,1,1,2,1,1,4,4,1,0,1,3,3,1,1,0,1,0,0,7,0,1,3,0,1,1,5,1,3,1,5,3,0,2,1,1,0,1,1,0,4,2,1,1,0,2,0,1,2
FOODS_3_181,FOODS_3,2,6,3,5,3,2,2,5,3,6,2,2,1,3,5,6,6,6,4,2,6,1,8,1,2,4,2,0,2,4,4,2,2,4,3,4,9,9,3,2,2,9,0,3,2,4,3,6,4,2,2,8,3,4,1,3,7,4,5,7,11,2,3,8,4,4,2,3,0,4,1,7,3,1,1,2,2,3,4,5,4,2,3,3,1,4,2,2,5,2,1,2,3,1,0,2,2,2,4,1
FOODS_3_098,FOODS_3,2,1,0,2,0,0,0,0,2,0,3,2,1,1,3,1,1,4,4,0,1,1,3,1,0,1,1,2,3,1,2,2,1,0,0,0,0,2,1,2,0,4,2,5,1,2,0,0,1,2,1,2,1,2,1,2,1,2,3,2,3,0,4,0,4,1,2,0,1,4,4,1,1,1,1,1,0,1,2,0,0,1,0,0,1,2,2,2,3,0,1,0,4,1,1,4,1,0,1,3
FOODS_3_585,FOODS_3,4,0,3,1,6,2,0,1,1,2,2,4,0,2,2,4,2,1,1,0,0,1,2,2,2,3,2,1,3,2,1,2,5,1,0,3,3,2,1,4,0,2,2,4,0,1,0,2,2,4,1,1,2,2,1,2,2,4,0,4,1,1,2,1,1,2,1,5,0,3,2,1,4,0,0,2,0,3,5,3,8,1,1,0,4,0,1,3,1,4,2,1,4,4,3,1,0,0,2,3
FOODS_3_705,FOODS_3,3,0,1,1,1,2,3,2,0,0,4,1,1,0,1,2,0,0,1,0,0,0,0,0,3,2,0,0,0,3,0,3,0,1,0,0,0,0,0,0,1,3,2,0,1,1,0,0,0,0,1,0,1,2,1,0,0,3,3,3,0,0,1,1,2,1,1,1,0,0,1,0,0,1,1,2,1,1,0,1,2,1,1,1,1,1,0,0,1,1,1,0,1,0,0,0,0,1,2,2
FOODS_3_451,FOODS_3,7,0,6,0,0,1,0,2,0,2,1,0,0,1,2,5,3,0,2,0,2,4,1,2,7,0,1,0,1,11,0,0,0,7,0,0,0,0,0,6,0,0,0,1,1,0,0,3,0,2,5,0,1,0,0,1,1,1,0,2,2,0,2,3,6,0,3,0,3,1,3,0,0,0,1,0,0,0,0,0,2,0,0,0,1,1,2,6,3,2,1,5,2,2,1,0,0,1,5,1
FOODS_3_765,FOODS_3,2,2,0,1,1,2,1,2,2,3,0,0,0,1,3,0,0,0,2,0,2,2,1,4,1,1,2,2,1,3,0,0,0,0,0,1,3,2,2,2,0,2,0,2,0,2,1,0,1,1,2,0,0,2,0,2,0,3,0,2,0,0,2,0,1,2,2,5,1,0,1,2,1,1,2,0,0,2,0,1,5,0,4,1,1,1,0,1,0,1,3,3,0,1,1,1,2,2,0,3
FOODS_3_306,FOODS_3,4,1,5,1,1,1,3,3,2,1,1,1,1,4,5,0,1,1,1,1,1,3,2,0,2,1,4,1,0,4,1,1,2,6,3,2,8,8,3,0,2,1,2,4,5,3,0,0,1,4,3,2,2,1,1,1,2,1,0,4,1,2,0,2,1,0,1,0,0,0,0,0,0,0,0,1,3,2,0,1,0,0,1,2,1,3,0,0,0,0,0,0,0,0,0,0,0,1,0,0
FOODS_3_034,FOODS_3,3,1,6,1,2,2,1,1,4,2,2,1,1,2,4,6,1,4,2,1,0,1,3,1,1,3,3,1,3,2,1,2,2,0,2,6,8,5,0,0,0,1,3,2,2,1,1,1,2,3,6,1,3,1,2,1,4,2,4,2,3,1,2,0,4,10,1,0,0,1,3,5,5,0,2,3,1,2,6,2,6,6,4,1,0,3,3,5,2,0,6,1,7,2,7,3,1,0,3,2
FOODS_2_245,FOODS_2,2,2,4,3,4,1,4,6,0,1,0,0,0,1,1,2,3,0,3,5,0,4,4,1,1,5,6,2,2,2,3,3,0,1,1,3,1,3,1,0,0,3,1,0,1,0,4,0,2,2,0,3,3,3,1,0,2,4,3,1,2,0,0,2,3,0,2,0,0,3,1,3,3,0,0,0,3,0,5,0,0,3,2,0,0,3,3,3,4,1,4,0,0,2,2,2,1,0,2,1
FOODS_2_303,FOODS_2,0,0,0,0,0,0,0,1,1,0,0,0,0,0,0,1,0,0,1,0,0,0,1,0,0,0,0,0,0,0,0,0,0,0,0,0,0,1,0,0,0,0,0,0,0,0,0,0,0,0,0,0,0,0,0,0,0,0,0,0,0,0,0,0,0,0,0,0,0,0,0,0,0,0,0,0,0,0,0,0,0,1,0,0,2,2,2,1,0,0,0,1,3,0,1,1,1,1,0,2
FOODS_3_185,FOODS_3,1,2,2,0,1,0,2,2,4,2,1,1,0,2,0,2,2,1,1,2,1,3,2,2,3,2,0,1,2,6,4,2,1,3,1,1,3,1,3,2,4,3,4,4,1,0,0,0,1,4,1,0,2,2,2,1,4,2,2,1,1,2,3,1,0,0,3,0,2,0,2,5,0,0,1,0,2,1,3,0,1,0,0,1,4,1,1,2,1,0,0,1,2,1,3,1,1,0,3,2
FOODS_1_112,FOODS_1,3,0,0,0,0,0,3,6,0,0,3,1,3,1,2,1,3,0,1,0,1,1,3,5,1,1,2,1,2,1,3,4,0,3,0,1,1,2,0,1,1,0,0,1,0,1,1,1,0,5,2,0,0,3,0,1,2,1,1,0,0,1,0,0,2,1,2,0,1,2,2,1,3,1,0,0,0,4,0,1,0,5,3,2,2,0,3,0,2,1,3,3,1,0,1,1,0,0,0,2
FOODS_2_321,FOODS_2,3,1,2,3,2,1,2,0,3,1,1,1,0,3,0,1,2,0,1,3,2,0,3,4,2,3,1,1,2,2,2,0,1,0,0,3,2,1,1,3,2,2,3,1,1,3,1,1,2,0,3,0,4,1,0,1,0,4,1,3,0,0,1,1,3,4,0,1,0,1,1,4,1,2,2,3,4,0,1,1,3,0,0,2,2,3,2,2,2,4,0,1,1,0,4,3,1,0,0,0
FOODS_1_054,FOODS_1,4,0,0,0,3,0,1,10,0,0,0,2,2,0,5,0,1,4,0,3,1,1,2,0,2,0,0,2,0,4,2,1,1,0,0,1,1,0,2,3,2,2,1,1,1,1,3,1,2,0,0,0,0,0,0,3,0,1,3,0,2,0,2,0,0,1,0,1,0,0,1,0,2,0,0,0,1,5,2,1,3,2,2,0,3,1,3,0,0,0,1,2,0,1,3,1,0,1,0,0
FOODS_3_071,FOODS_3,4,0,0,1,3,8,11,5,2,4,2,2,10,5,11,5,2,4,7,0,1,0,0,0,0,0,0,0,0,0,0,0,0,0,0,0,0,0,0,0,0,0,0,0,0,0,0,0,0,0,0,0,0,0,0,1,0,0,0,0,0,0,2,0,2,0,0,2,0,0,0,1,0,0,2,2,1,2,6,3,1,1,2,0,6,1,2,3,2,6,6,2,4,9,3,1,0,3,4,7
FOODS_1_006,FOODS_1,0,2,5,2,0,0,1,1,1,0,0,0,0,0,0,4,2,1,1,4,0,3,1,2,0,1,1,1,4,2,0,0,0,3,1,1,1,0,0,1,1,0,2,4,0,1,0,0,0,2,0,2,4,0,0,2,7,1,1,0,0,2,0,3,2,0,3,1,0,0,0,0,0,2,2,2,0,0,0,0,12,0,4,2,0,0,0,0,3,0,1,2,2,0,0,3,1,0,1,1
FOODS_3_569,FOODS_3,1,2,1,3,3,3,1,5,4,3,3,3,3,0,1,3,2,3,2,1,1,0,6,2,0,0,0,1,3,4,3,0,3,3,2,1,4,6,2,1,1,0,3,3,0,6,0,2,4,4,2,2,2,2,1,1,3,6,3,5,1,3,3,0,3,3,3,2,0,4,4,4,0,2,1,0,0,1,4,3,0,4,2,3,1,1,3,2,0,0,0,3,3,1,0,0,2,4,0,0
FOODS_3_277,FOODS_3,4,2,3,0,2,0,0,1,2,7,7,4,1,3,2,2,0,1,2,1,3,8,0,3,5,1,5,0,0,6,2,2,2,3,3,5,1,4,4,1,5,2,2,1,1,2,4,4,3,4,3,1,1,3,5,4,4,0,5,2,2,3,2,5,6,0,0,0,0,0,0,0,11,1,0,0,0,1,0,0,2,3,4,5,0,0,6,2,2,8,0,0,2,3,0,3,2,5,2,3
FOODS_3_237,FOODS_3,2,4,0,4,1,2,0,1,5,0,4,7,8,0,6,2,0,0,3,4,5,5,1,4,2,0,1,4,3,0,0,3,1,1,0,3,3,2,2,1,0,0,0,0,3,2,3,1,5,4,5,0,0,1,5,0,2,0,0,4,4,2,1,5,7,1,0,0,4,2,2,4,4,0,0,2,2,3,2,0,0,0,0,1,6,1,0,0,0,5,1,8,0,0,0,0,4,2,3,0
FOODS_2_026,FOODS_2,0,1,0,0,1,4,10,0,0,2,2,2,0,3,6,0,2,2,2,0,0,0,0,0,0,0,2,0,1,4,1,1,0,0,0,2,7,0,0,2,0,0,1,1,8,0,2,0,1,3,3,2,2,2,0,0,1,10,0,0,0,0,4,1,1,1,1,2,10,0,2,5,3,8,1,0,4,1,4,3,2,0,2,0,4,0,2,2,7,0,6,5,3,1,1,4,0,2,6,0
FOODS_3_467,FOODS_3,0,1,2,2,1,1,0,1,2,0,1,0,2,0,1,2,1,3,1,1,0,3,0,3,3,0,0,1,1,2,0,2,1,1,0,0,2,2,1,0,0,1,2,2,1,1,0,1,1,0,1,1,2,0,1,1,2,1,0,1,1,2,2,1,1,1,0,2,1,0,0,2,0,1,0,0,0,1,2,1,0,1,0,1,0,0,4,1,1,4,1,0,4,1,1,2,0,0,0,2
FOODS_3_411,FOODS_3,1,2,1,0,0,0,1,4,6,0,0,1,1,0,2,3,1,2,1,0,0,7,0,0,1,3,0,0,1,2,1,0,2,0,0,0,1,0,2,2,0,0,0,0,1,0,0,0,2,0,3,1,0,0,0,0,1,2,0,1,1,0,0,0,4,2,0,4,0,0,0,1,2,3,3,0,0,2,0,1,0,0,1,2,0,0,0,1,2,0,0,2,3,4,2,2,1,0,1,3
FOODS_3_489,FOODS_3,2,1,3,3,8,0,0,2,8,6,3,1,4,1,2,8,3,3,2,2,2,4,0,2,3,6,2,1,2,2,2,3,4,2,3,5,4,3,2,4,3,2,6,4,0,0,5,3,5,1,4,6,1,0,2,1,6,2,4,4,0,1,1,4,1,4,4,2,3,3,4,6,3,0,0,0,0,5,2,5,1,2,2,4,2,0,2,5,5,3,2,3,6,4,5,4,3,3,1,2
FOODS_3_069,FOODS_3,0,0,0,0,0,0,0,0,0,0,0,0,0,0,0,0,0,0,0,0,0,0,0,0,0,0,0,0,0,0,0,0,0,0,0,0,0,0,0,0,0,0,1,0,0,0,0,0,0,0,0,0,0,0,0,0,0,0,0,0,0,0,0,0,0,0,0,0,0,0,0,0,0,0,0,0,0,0,0,0,0,0,0,0,0,0,0,0,0,0,0,0,0,0,0,0,0,0,0,0
FOODS_2_340,FOODS_2,2,0,2,2,1,1,6,3,3,5,0,6,0,3,3,1,0,4,0,1,0,1,0,0,5,1,6,3,0,3,2,4,0,1,0,1,0,1,0,1,0,0,0,6,0,4,0,2,2,5,1,2,0,1,0,0,5,1,4,1,1,0,0,2,0,3,0,8,2,1,3,0,1,0,5,1,3,1,0,0,3,0,4,1,1,0,1,3,5,2,0,0,3,1,4,0,0,0,0,1
FOODS_3_320,FOODS_3,3,8,4,4,1,1,5,2,3,1,1,3,3,3,0,5,0,3,7,3,6,2,0,2,6,2,0,1,2,0,6,0,0,3,0,13,0,2,2,3,0,1,3,0,4,0,1,3,3,4,2,0,4,0,1,0,7,2,0,1,4,2,0,2,5,1,0,0,0,1,3,3,2,0,0,0,0,4,6,1,1,1,1,3,1,2,2,0,4,0,0,0,5,2,0,4,2,1,2,4
FOODS_2_364,FOODS_2,2,2,2,3,0,1,1,2,3,3,0,1,0,3,3,5,1,2,4,2,2,3,6,2,2,0,2,2,6,4,2,2,5,1,1,1,3,2,4,2,4,2,4,4,4,4,2,0,2,6,2,1,0,3,6,1,8,0,3,1,3,3,1,9,2,3,1,0,0,0,6,1,0,2,3,1,1,3,3,1,2,0,0,0,2,1,1,2,2,2,3,1,1,3,1,1,4,3,4,2
FOODS_2_282,FOODS_2,1,3,6,2,2,1,4,0,1,2,4,0,2,1,1,0,0,1,2,1,0,0,4,1,0,4,2,0,0,1,0,1,0,0,0,0,3,1,1,2,0,0,0,0,0,0,2,3,3,1,0,0,4,2,0,0,3,3,1,2,0,0,1,1,1,0,0,0,1,0,0,2,1,1,0,2,0,0,0,2,2,2,0,0,0,1,2,1,1,1,0,0,1,1,0,1,0,0,0,0
FOODS_3_246,FOODS_3,4,2,2,3,1,2,1,4,4,1,1,0,3,3,4,2,2,1,1,4,1,0,3,3,5,3,2,3,2,4,2,4,0,2,2,4,1,1,3,1,1,0,4,5,2,2,1,1,0,1,4,0,2,0,2,5,3,3,2,1,4,0,0,0,0,0,0,0,0,0,0,0,0,0,0,0,0,0,0,0,0,0,0,0,0,0,0,0,0,0,0,0,0,0,0,0,0,0,0,0
FOODS_3_532,FOODS_3,5,6,4,6,4,5,5,2,7,6,1,5,1,1,4,5,6,2,0,2,2,8,4,3,6,3,0,2,7,6,6,8,5,4,3,3,8,5,2,2,2,7,6,5,1,1,0,2,5,5,5,5,1,2,3,2,4,6,2,1,7,3,3,2,3,3,3,0,2,3,3,4,2,1,2,0,2,2,6,1,1,2,1,0,3,1,2,5,0,4,1,1,6,3,1,2,1,2,1,1
FOODS_3_081,FOODS_3,0,0,0,0,1,1,3,2,2,0,2,3,1,1,8,0,1,3,2,1,0,3,4,2,3,1,0,1,2,4,2,3,3,0,1,1,4,2,0,2,2,2,1,1,2,4,0,2,1,1,2,3,0,1,1,1,1,1,1,0,0,0,3,0,1,1,2,2,4,1,0,1,0,2,4,3,1,0,0,3,0,1,3,0,3,1,2,0,6,3,1,1,2,1,1,1,3,0,0,0
FOODS_3_065,FOODS_3,3,1,1,1,1,1,3,3,1,1,0,1,0,0,0,1,3,0,0,1,0,1,2,4,2,1,0,0,5,1,1,1,2,1,1,2,1,1,1,1,2,0,0,2,1,1,1,1,2,0,0,0,0,2,1,2,2,2,0,0,0,1,2,2,4,0,1,2,0,0,0,1,0,1,0,0,0,0,2,0,1,3,0,0,0,0,0,1,2,0,1,2,2,1,1,0,0,1,1,3
FOODS_3_604,FOODS_3,1,2,2,3,0,0,2,2,8,1,5,3,3,3,4,2,0,0,4,0,1,4,5,3,0,4,2,1,5,6,5,0,0,1,3,4,2,1,0,4,0,2,0,5,1,1,3,2,4,0,4,1,6,6,10,0,0,0,0,0,4,4,3,1,0,0,0,2,3,0,9,5,2,1,4,5,5,0,0,2,3,5,0,2,6,4,1,0,2,1,0,1,6,1,4,1,3,1,4,8
FOODS_3_102,FOODS_3,0,4,0,1,1,0,4,1,3,2,0,5,0,0,0,0,0,0,0,2,0,0,16,0,0,0,0,0,0,0,0,3,0,0,1,6,0,2,1,0,0,2,1,0,1,0,0,3,0,3,3,1,0,0,0,3,2,1,1,1,0,0,1,1,1,0,1,5,0,2,0,0,3,2,2,0,0,2,1,0,0,2,2,0,1,0,0,4,0,0,1,1,2,1,2,2,0,0,0,3
FOODS_3_167,FOODS_3,4,5,6,4,2,2,3,2,2,3,4,3,3,4,4,2,1,6,2,4,8,1,3,3,2,2,3,2,4,2,10,0,12,1,9,3,6,4,5,3,5,7,2,2,4,0,2,1,3,6,2,2,1,5,4,6,2,2,4,3,2,3,3,3,0,2,1,10,1,8,4,3,8,1,1,0,8,0,3,1,2,1,1,1,0,1,1,1,0,1,5,1,4,4,1,8,1,1,3,3
FOODS_2_049,FOODS_2,0,6,4,5,2,1,0,5,1,1,5,5,2,2,4,4,2,1,1,4,2,5,2,3,1,8,3,5,0,0,3,3,4,1,1,6,3,0,2,5,3,3,3,7,0,4,0,1,4,2,1,2,1,2,1,1,2,4,1,2,2,7,0,2,8,0,0,2,1,2,5,4,1,3,0,3,0,2,2,0,1,7,1,1,4,3,2,1,4,1,3,1,0,0,4,1,0,3,3,2
FOODS_3_591,FOODS_3,0,0,5,2,0,0,1,2,3,3,5,1,6,4,2,0,4,0,0,1,1,2,4,4,3,2,5,1,3,3,3,1,0,0,1,2,3,2,1,2,1,0,0,0,2,3,0,2,7,3,3,1,1,1,1,0,7,1,3,0,1,0,2,1,4,2,4,0,0,0,5,0,4,1,1,1,4,1,5,2,0,1,2,8,0,1,0,2,2,3,2,2,0,1,0,0,2,1,0,2
FOODS_3_334,FOODS_3,1,2,4,0,2,0,1,5,4,0,1,0,3,2,3,1,1,7,1,1,1,1,3,4,1,0,1,1,0,0,1,0,3,2,1,1,1,4,2,0,0,2,1,1,2,0,2,2,2,2,3,5,1,1,0,2,0,2,6,1,0,4,1,0,1,2,2,1,1,1,1,3,0,0,0,1,1,0,1,3,0,0,0,0,0,0,2,1,2,4,1,3,3,2,2,3,2,0,1,5
FOODS_2_196,FOODS_2,2,1,1,0,1,0,0,0,0,2,1,2,0,0,1,0,4,0,3,1,1,1,1,1,0,0,5,1,0,0,0,0,1,3,1,0,1,0,2,2,4,5,2,2,2,0,8,4,2,2,5,3,2,6,3,4,3,5,1,2,1,5,3,8,5,4,3,4,3,1,5,2,2,0,4,2,1,5,6,5,3,0,3,1,0,1,1,5,3,0,2,0,3,7,3,5,3,3,0,4
FOODS_3_347,FOODS_3,8,2,1,1,3,3,2,1,1,2,1,4,2,3,3,2,4,4,3,3,2,2,3,1,4,2,5,1,0,4,4,1,0,1,3,4,3,1,3,4,2,0,3,2,1,1,3,2,5,2,2,4,1,0,0,1,4,4,3,1,2,2,0,6,3,3,2,2,2,0,3,5,1,0,0,0,0,3,5,2,0,0,8,0,0,1,2,3,3,1,2,1,4,1,2,2,0,3,8,1
FOODS_3_616,FOODS_3,3,3,2,0,4,1,2,5,1,1,1,2,4,4,2,6,0,2,1,3,2,2,1,1,3,3,1,1,1,5,3,2,4,1,3,4,4,3,1,1,1,5,0,1,3,2,1,2,2,2,4,2,1,0,1,3,2,2,7,2,3,1,2,1,1,1,0,1,0,0,3,2,1,0,1,0,1,1,0,1,2,0,3,1,2,3,3,1,0,3,2,2,0,4,1,0,2,1,1,3
FOODS_3_496,FOODS_3,3,4,3,3,5,4,2,4,7,0,1,4,1,1,1,1,3,2,0,1,1,0,1,3,3,2,2,0,2,1,2,1,7,3,2,0,0,0,4,2,3,1,2,4,1,1,0,0,0,0,3,2,2,1,1,3,4,1,0,0,0,2,3,1,0,0,2,2,2,0,0,4,2,0,0,0,5,0,1,0,3,2,1,0,1,3,4,4,2,1,2,1,4,0,3,2,4,0,0,1
FOODS_3_261,FOODS_3,0,0,0,0,1,1,1,2,3,4,2,4,0,4,11,3,1,0,1,2,4,6,1,0,0,0,2,6,4,1,3,3,1,2,7,3,3,2,1,3,1,5,4,8,2,2,4,3,4,6,5,3,5,2,5,11,5,2,2,4,3,3,6,8,3,12,3,4,1,8,11,5,3,1,2,4,3,4,5,4,1,4,7,4,3,3,4,7,2,4,6,7,6,3,4,1,3,4,4,5
FOODS_2_104,FOODS_2,3,0,1,3,1,0,0,0,2,2,3,0,0,0,2,3,0,1,0,0,2,1,1,4,0,3,2,1,2,6,0,1,1,0,1,4,8,1,1,0,1,1,0,0,0,0,0,0,0,0,0,0,0,0,0,0,0,6,2,1,2,1,0,0,1,3,0,0,2,1,2,3,0,1,1,0,0,2,2,0,1,1,4,1,2,1,3,2,3,0,2,1,4,0,0,0,0,1,2,4
FOODS_2_014,FOODS_2,0,1,3,0,1,3,0,2,6,1,1,2,0,2,1,2,0,0,2,3,1,0,1,0,0,0,2,0,2,2,1,0,1,1,0,2,1,0,0,1,1,1,1,2,0,1,0,2,4,1,5,0,3,0,2,1,3,2,0,1,0,1,1,2,2,2,1,0,0,5,2,1,0,0,2,0,0,1,3,2,0,0,1,1,3,2,0,0,3,2,0,1,2,4,0,0,0,1,4,1
FOODS_1_096,FOODS_1,1,0,0,1,5,1,0,2,2,1,6,3,1,2,0,2,2,0,4,2,0,2,0,1,0,1,8,0,5,1,0,1,0,1,0,0,4,3,1,4,2,3,2,2,8,0,2,3,4,0,7,2,2,1,3,2,7,4,3,0,1,2,0,0,0,2,2,8,2,3,0,2,5,0,3,4,5,1,0,3,1,7,0,1,4,3,0,1,2,0,3,2,4,4,4,7,1,5,2,2
FOODS_2_348,FOODS_2,2,1,1,3,2,2,0,3,2,2,7,2,1,4,3,1,4,1,4,2,4,5,2,2,0,3,0,0,3,3,5,0,3,1,0,2,1,5,1,2,3,3,1,1,1,0,0,0,0,0,0,2,0,0,0,0,0,2,2,0,2,0,0,3,2,6,0,2,0,2,4,2,1,2,1,5,3,2,5,2,2,2,1,5,3,1,1,3,2,0,0,0,3,2,2,0,2,0,0,1
FOODS_3_493,FOODS_3,0,0,0,0,0,0,0,0,0,1,0,0,0,0,0,0,0,0,0,4,5,8,4,2,2,4,5,1,6,3,3,4,2,4,3,2,6,7,4,2,6,4,0,3,2,2,3,0,1,2,0,3,0,3,0,3,0,1,3,3,0,2,0,0,0,2,0,2,0,1,0,1,1,0,0,1,2,1,2,2,1,1,3,0,2,1,1,5,2,0,0,0,6,1,0,0,2,1,0,0
FOODS_2_156,FOODS_2,0,0,0,0,1,1,0,1,3,1,0,0,0,0,0,0,2,3,0,0,0,1,0,0,0,0,0,0,0,0,1,0,0,0,1,0,0,0,0,0,0,1,0,0,0,0,0,0,0,0,0,0,0,1,0,0,3,2,0,0,1,0,1,0,0,0,0,2,2,0,3,0,1,0,1,1,0,2,2,2,0,2,0,0,3,0,0,0,0,0,0,4,4,0,0,1,0,2,1,0
FOODS_1_168,FOODS_1,4,3,16,0,0,0,2,0,2,0,0,1,1,1,0,1,0,1,1,1,1,4,1,1,0,1,1,6,1,0,1,1,0,0,0,2,4,0,0,0,0,2,1,1,0,6,0,0,0,0,2,1,1,0,1,4,0,0,0,0,0,0,0,1,1,0,0,1,0,0,0,2,0,1,1,0,0,3,8,1,0,3,0,2,4,1,0,0,0,0,0,1,0,1,1,0,2,1,1,5
FOODS_2_385,FOODS_2,2,2,2,9,3,1,6,5,4,1,2,0,2,2,1,7,4,0,0,4,4,0,0,5,0,2,1,0,2,6,0,2,1,1,1,2,1,0,0,0,0,2,3,3,0,3,0,3,2,1,3,0,2,4,1,0,2,8,1,0,8,0,0,0,4,1,1,0,0,1,0,5,4,0,1,2,1,0,3,3,1,1,1,3,3,0,0,0,3,4,2,0,0,0,2,2,0,1,1,1
FOODS_2_060,FOODS_2,3,0,1,0,1,0,1,1,2,1,1,3,3,0,1,0,1,0,0,2,0,2,0,2,3,1,1,3,3,2,0,0,0,0,0,1,0,2,4,1,0,2,1,0,2,3,2,0,1,0,2,2,0,0,0,2,0,2,0,3,0,0,1,0,0,1,1,2,0,1,0,0,0,2,0,1,2,1,2,2,4,0,1,4,2,0,1,4,1,0,0,4,2,2,0,0,1,2,2,2
FOODS_3_336,FOODS_3,0,0,0,1,2,0,0,0,0,1,0,0,0,0,0,0,0,0,0,0,0,0,0,0,0,0,0,0,0,0,0,0,0,0,0,0,0,0,0,0,0,1,0,0,0,0,0,0,3,1,4,1,1,3,2,4,0,0,0,2,0,1,0,1,2,1,2,2,3,1,0,4,10,0,0,0,0,0,4,2,2,0,0,1,1,3,11,0,0,1,5,7,1,1,7,2,0,0,0,0
FOODS_3_328,FOODS_3,4,1,5,2,2,1,2,4,3,0,2,0,1,1,2,1,1,1,0,0,2,1,6,3,0,0,1,2,0,0,1,2,0,3,3,0,0,2,4,3,0,1,0,0,0,1,1,1,1,1,1,3,0,0,1,2,1,3,2,3,0,2,0,1,0,3,0,4,0,2,2,1,0,1,0,2,0,1,0,1,1,2,0,1,1,0,1,0,0,1,2,0,0,3,0,0,1,1,1,2
FOODS_3_242,FOODS_3,1,6,1,2,2,2,0,3,6,2,0,1,1,0,3,9,3,0,2,0,2,2,0,0,1,0,2,1,2,5,3,3,0,2,2,4,3,0,0,1,1,1,3,4,2,0,2,1,2,4,5,3,2,1,2,2,5,5,1,2,3,0,1,3,3,3,2,1,1,0,2,6,1,1,2,2,1,1,7,1,3,3,1,2,3,2,4,3,1,0,3,1,2,1,1,1,1,1,2,3
FOODS_1_205,FOODS_1,13,1,9,3,1,0,1,4,6,1,1,7,2,2,2,4,1,2,1,7,0,6,0,3,6,0,3,0,4,1,2,4,7,2,0,8,2,0,3,3,2,0,3,2,4,0,2,0,0,2,3,2,5,0,2,2,2,7,1,1,2,1,1,15,0,0,6,2,0,1,2,3,3,4,2,1,1,1,5,0,2,1,0,5,3,1,3,1,1,2,1,1,1,0,0,1,0,1,1,4
FOODS_1_124,FOODS_1,9,0,5,0,0,0,0,0,0,0,0,1,3,0,1,3,1,1,2,0,1,1,3,4,0,1,4,0,1,2,0,2,0,0,0,0,0,0,0,0,0,0,3,3,0,1,1,0,3,1,0,0,4,3,0,0,0,0,0,0,0,0,9,1,0,2,1,0,1,0,2,4,0,0,0,0,0,0,0,0,0,0,0,0,0,0,0,1,0,1,1,3,4,1,3,2,2,2,2,2
FOODS_2_255,FOODS_2,1,0,0,4,0,1,0,0,2,0,1,1,1,0,1,0,0,0,0,0,0,0,1,1,1,0,0,0,0,2,2,1,0,0,0,0,0,0,1,1,1,2,0,0,0,0,0,0,2,1,0,0,0,1,0,0,4,0,0,0,3,1,1,6,6,0,0,0,0,0,0,0,0,0,0,1,0,1,0,0,0,0,1,0,1,0,0,0,0,0,2,0,1,1,0,0,0,0,4,1
FOODS_3_211,FOODS_3,1,0,0,0,0,2,3,1,0,0,2,0,2,0,2,0,0,1,1,0,0,0,0,0,1,0,2,1,3,0,0,1,2,0,1,3,0,1,3,1,1,1,1,3,0,2,2,0,1,1,2,0,0,0,4,3,1,1,1,2,0,0,1,3,2,0,2,1,1,0,3,1,2,4,2,2,1,1,0,0,2,2,1,0,3,0,1,1,0,0,3,5,2,1,0,0,0,0,7,7
FOODS_2_033,FOODS_2,8,7,4,9,5,7,6,7,9,13,7,6,2,3,7,7,2,8,4,4,5,3,9,8,10,9,1,7,4,7,8,6,6,5,3,6,13,13,6,5,3,6,8,6,6,8,5,8,6,5,8,11,10,8,2,7,10,18,11,7,8,4,5,9,9,8,8,6,5,5,16,14,10,10,5,3,7,2,11,7,5,3,5,2,8,5,6,6,7,4,4,3,4,4,3,1,3,4,5,7
FOODS_3_645,FOODS_3,0,0,0,0,0,0,0,0,0,0,0,0,0,0,0,0,0,0,0,0,0,0,0,0,0,0,0,0,0,0,0,0,0,0,0,0,0,0,4,3,3,6,2,5,2,2,0,2,2,0,3,1,3,3,4,2,3,4,2,1,5,2,4,4,5,0,2,2,6,2,3,3,1,3,3,2,1,3,1,0,5,3,1,0,0,0,0,3,0,0,0,2,2,2,1,1,1,2,5,0
FOODS_3_012,FOODS_3,0,0,2,0,0,0,0,0,0,0,0,0,0,0,0,0,0,0,0,0,0,0,0,0,0,0,0,0,0,0,0,0,0,0,2,0,2,1,1,0,1,2,1,1,0,2,1,0,0,1,4,1,2,2,2,3,1,4,2,3,1,0,2,2,2,0,1,0,1,4,2,3,2,2,1,0,0,2,0,1,3,0,2,2,2,0,2,0,3,0,0,0,2,1,2,0,0,0,1,3
FOODS_2_361,FOODS_2,3,2,1,2,2,0,1,4,2,1,1,1,2,3,0,0,0,2,0,1,0,0,4,4,1,1,2,2,1,0,0,0,0,0,0,1,5,0,0,1,2,1,1,3,0,0,3,6,7,1,4,1,1,3,0,1,2,1,2,2,0,8,1,2,0,5,5,5,1,0,3,3,2,1,0,1,1,4,4,1,2,1,0,0,0,2,2,2,1,0,1,2,2,4,3,4,2,2,2,4
FOODS_3_182,FOODS_3,4,0,0,1,0,0,0,1,3,0,0,0,0,0,0,1,0,1,1,1,0,0,0,0,1,2,0,0,1,3,1,2,1,0,3,0,2,0,3,0,0,1,1,0,1,0,1,0,0,2,1,3,1,0,3,0,2,1,3,2,0,1,1,1,2,2,2,0,0,0,1,2,0,2,1,1,1,0,1,0,1,10,0,0,1,3,1,1,1,2,0,0,1,2,0,2,2,0,0,4
FOODS_3_205,FOODS_3,0,0,0,0,0,0,0,0,0,0,0,0,0,0,0,0,0,0,0,0,0,0,0,0,0,0,0,0,0,0,0,0,0,0,0,0,0,0,0,0,0,0,0,0,0,0,0,0,0,0,0,0,0,0,0,0,0,0,0,0,0,0,0,0,0,0,0,0,0,0,0,0,0,0,0,0,0,0,0,0,0,0,1,6,1,5,0,2,4,2,7,1,2,0,1,2,0,2,5,1
FOODS_3_559,FOODS_3,1,2,0,0,1,0,0,1,1,0,1,2,1,0,2,2,2,0,0,0,3,2,1,2,0,1,1,0,1,2,0,0,0,0,0,1,1,0,2,0,1,0,0,1,0,3,0,0,0,1,0,0,2,0,0,1,0,1,3,0,3,0,1,0,3,2,2,0,0,0,0,0,2,0,0,0,1,0,3,3,1,1,2,0,2,0,0,0,1,1,1,0,0,0,0,0,2,0,0,2
FOODS_2_055,FOODS_2,1,4,5,2,0,0,0,6,2,2,2,0,0,0,12,0,0,0,3,8,4,0,0,4,2,3,10,2,0,0,8,3,0,1,4,3,1,0,0,0,0,0,0,0,0,0,0,0,0,0,3,4,4,1,3,0,0,8,2,3,0,1,3,4,5,5,0,1,3,4,0,0,1,1,0,1,2,4,7,1,1,0,6,3,6,0,12,4,3,3,4,4,7,1,2,0,2,5,3,7
FOODS_3_536,FOODS_3,0,0,0,0,0,0,0,0,0,0,0,0,0,0,0,0,0,0,2,1,1,7,2,1,2,4,1,0,0,2,6,1,1,2,0,4,0,1,1,3,1,4,1,1,0,0,1,2,0,1,0,4,0,0,0,1,0,3,1,4,2,2,0,2,2,2,0,0,0,3,0,2,1,1,2,0,0,7,1,1,1,1,4,0,3,1,16,1,2,0,0,0,0,0,0,0,0,0,0,4
FOODS_2_042,FOODS_2,0,0,0,0,0,2,0,0,0,0,0,0,0,0,0,1,1,0,0,0,0,0,0,0,0,0,0,0,0,0,0,0,0,0,0,0,0,0,0,0,0,0,1,0,0,0,0,0,0,0,0,0,0,0,0,0,0,0,0,1,0,0,0,0,0,0,0,0,0,0,0,0,0,0,0,0,0,0,0,0,0,2,1,0,0,9,1,1,0,1,0,1,1,1,1,1,0,1,1,2
FOODS_3_019,FOODS_3,1,1,5,0,0,0,0,3,1,1,1,2,2,1,2,2,3,0,1,0,0,0,1,1,1,2,0,1,1,1,1,2,1,0,2,0,2,1,0,0,0,3,1,3,2,0,0,0,0,0,5,4,0,1,3,1,2,2,3,2,0,3,2,2,3,1,3,0,1,2,1,1,3,2,3,0,1,2,2,1,1,1,1,1,1,1,0,3,2,0,1,2,0,0,1,2,1,2,2,1
FOODS_2_047,FOODS_2,3,4,1,0,0,1,1,1,1,1,0,3,0,5,1,1,2,1,0,0,1,2,2,0,1,3,1,1,1,0,1,2,2,3,0,4,1,1,1,3,1,2,1,2,0,0,0,0,0,0,2,0,2,1,2,1,2,3,0,0,1,1,0,5,1,0,0,0,2,2,0,1,0,3,0,2,0,4,0,0,0,1,1,0,1,1,0,0,2,2,2,1,0,2,1,2,0,0,0,1
FOODS_3_700,FOODS_3,0,0,0,0,0,1,0,0,0,0,0,0,1,0,0,0,0,3,0,0,0,0,0,0,0,0,0,0,0,0,0,0,0,6,1,3,1,7,1,0,2,2,0,0,2,2,4,6,4,5,1,3,1,2,3,1,4,3,4,3,0,5,0,6,7,1,2,4,2,5,2,4,3,2,5,1,5,1,6,3,6,4,1,3,4,6,1,9,1,1,4,4,5,4,3,3,3,1,3,5
FOODS_3_186,FOODS_3,1,0,1,1,4,2,3,2,1,1,0,1,0,0,1,1,0,0,0,0,0,6,0,0,1,0,2,2,0,0,0,1,1,0,0,0,2,1,0,2,2,2,2,0,1,1,0,0,0,1,0,3,1,0,1,2,1,0,0,2,0,1,0,0,0,0,1,0,1,1,2,0,0,2,0,1,1,1,4,1,1,0,1,1,1,1,0,0,2,0,0,1,0,1,2,0,1,0,0,0
FOODS_2_115,FOODS_2,7,9,3,9,0,2,8,4,7,4,1,1,2,2,3,6,6,5,2,6,3,5,5,7,0,7,4,4,3,1,5,4,5,6,1,3,3,1,7,13,2,2,2,2,2,2,2,1,1,3,3,3,3,8,6,6,7,10,13,6,5,3,8,8,8,9,3,4,4,5,5,10,7,4,7,2,6,7,7,5,5,5,8,5,7,5,8,11,11,7,0,7,7,7,6,4,5,2,4,5
FOODS_2_171,FOODS_2,2,3,0,0,0,0,1,1,2,0,0,0,4,1,0,3,0,3,1,1,0,2,1,1,1,2,6,0,4,1,3,2,1,1,2,2,2,3,4,3,0,2,3,0,2,3,0,2,2,1,2,0,1,1,6,1,3,1,2,0,1,0,1,0,1,0,1,1,0,1,0,1,0,0,2,0,0,1,2,5,1,2,2,0,2,2,4,2,1,0,2,1,4,0,2,0,0,0,2,3
FOODS_1_143,FOODS_1,4,7,2,0,1,5,2,1,9,1,1,1,1,3,1,5,7,2,0,2,2,0,0,0,0,3,0,4,3,0,0,1,2,0,0,2,1,5,2,13,2,0,0,0,0,0,0,0,1,1,0,4,0,0,3,0,5,0,0,1,0,0,0,1,2,0,1,0,2,6,1,1,28,1,0,0,0,0,0,0,1,0,0,2,2,1,0,0,1,1,0,0,4,1,0,2,1,0,1,1
FOODS_3_609,FOODS_3,1,2,6,2,0,2,6,2,4,2,2,2,5,2,0,2,5,2,4,2,2,3,4,4,2,4,5,4,5,5,4,2,4,3,2,0,3,7,2,3,1,2,4,4,5,3,4,2,1,0,6,1,6,3,3,4,4,3,7,4,0,2,3,3,4,3,1,1,5,5,3,3,5,7,4,2,7,2,3,5,7,3,5,7,2,4,1,2,3,0,3,3,2,2,4,2,3,5,7,6
FOODS_3_656,FOODS_3,0,2,1,0,1,2,1,1,0,0,0,1,2,0,1,3,3,1,0,0,1,2,2,0,3,0,0,0,3,2,1,1,1,1,3,1,1,0,0,1,1,1,1,2,1,0,1,1,1,2,2,3,2,3,0,0,3,3,1,2,0,0,0,2,0,1,2,3,1,0,2,2,3,0,1,1,1,1,0,1,2,0,0,0,0,1,0,0,1,0,0,1,0,1,1,0,0,0,1,1
FOODS_3_096,FOODS_3,1,1,0,1,0,0,1,0,4,0,0,1,0,1,0,1,2,1,1,0,1,0,1,1,1,0,2,3,2,1,2,1,1,0,0,3,3,2,1,0,1,0,2,1,1,0,1,2,1,0,3,0,0,5,0,0,1,3,1,1,1,0,2,0,2,0,0,1,1,0,4,1,0,2,1,2,0,1,4,2,0,0,0,1,0,2,0,0,0,2,1,4,0,2,2,1,2,3,0,0
FOODS_1_038,FOODS_1,2,0,3,0,0,1,4,3,0,1,0,0,1,0,1,3,0,0,0,2,0,0,0,0,0,0,0,0,1,2,2,0,0,0,0,0,0,0,2,3,0,0,0,2,0,1,0,1,1,1,4,1,0,2,1,3,2,1,1,2,1,2,2,0,4,1,3,0,2,2,1,1,6,0,0,3,0,2,2,0,0,2,2,4,1,3,1,1,1,0,1,1,5,3,0,1,1,2,3,1
FOODS_3_487,FOODS_3,3,3,5,2,0,5,6,3,2,3,2,2,1,1,7,2,0,2,2,2,1,2,0,1,3,5,10,1,7,7,1,1,2,1,0,6,5,4,3,3,6,3,3,5,2,2,2,2,5,3,2,3,2,4,3,1,1,5,2,1,1,2,5,5,5,4,4,1,3,4,3,3,2,3,2,0,3,3,6,2,3,1,3,2,4,5,4,3,6,4,3,2,9,5,2,4,2,1,4,4
FOODS_3_618,FOODS_3,0,0,0,0,0,0,0,0,0,0,0,0,0,0,0,0,0,0,0,0,0,0,0,0,0,0,0,0,0,0,0,0,0,1,9,4,6,8,0,0,4,3,6,1,6,3,3,6,6,6,8,6,4,4,8,8,2,4,12,4,2,8,4,4,4,4,4,9,3,6,4,5,6,0,0,0,2,6,4,0,5,1,0,0,0,0,0,0,0,2,3,0,8,2,2,1,5,1,5,5
FOODS_3_827,FOODS_3,54,17,21,19,14,15,15,20,32,66,13,16,17,25,15,27,17,29,34,17,23,30,17,15,27,8,9,6,4,8,9,8,9,4,5,7,11,3,4,6,5,5,8,5,1,2,4,4,7,1,5,2,10,2,7,3,7,12,10,4,3,5,6,9,2,6,9,3,1,3,3,13,11,4,3,4,6,4,3,9,2,6,6,12,6,0,3,2,6,0,7,5,3,4,9,1,6,5,4,0
FOODS_2_382,FOODS_2,2,2,0,7,1,0,2,1,1,2,3,1,0,2,3,4,1,2,3,0,2,0,5,2,2,2,0,2,3,7,3,2,0,6,0,6,4,7,1,2,1,1,2,1,1,3,2,0,2,0,1,0,1,0,3,2,0,0,1,0,1,1,0,0,4,2,0,0,0,0,1,0,0,0,0,0,0,1,0,0,0,0,4,1,0,0,2,0,0,1,1,0,1,2,0,0,0,1,3,8
FOODS_3_322,FOODS_3,0,0,0,0,0,0,0,0,0,0,0,0,0,0,0,0,0,0,0,2,2,11,7,3,5,3,7,3,13,8,6,6,5,5,6,10,6,6,8,7,3,3,8,14,1,7,6,4,4,3,13,5,6,6,5,4,7,8,3,7,5,7,3,6,11,2,0,4,3,2,9,6,4,2,2,3,3,4,12,11,8,7,2,9,12,4,14,0,3,1,2,6,2,0,1,1,0,1,2,2
FOODS_2_009,FOODS_2,0,0,0,0,0,5,3,0,1,0,3,0,1,0,0,0,1,0,4,0,0,0,1,3,0,6,0,0,0,0,0,0,0,0,0,0,2,0,0,0,0,1,4,0,0,0,0,0,0,0,0,0,0,0,0,0,1,2,1,1,0,0,1,0,4,0,3,0,0,0,0,1,9,0,6,2,1,1,2,2,0,1,0,0,3,0,0,0,0,0,1,0,4,5,17,2,1,0,1,0
FOODS_2_025,FOODS_2,0,2,2,2,0,3,0,1,2,0,0,0,0,0,3,0,2,3,4,0,0,1,3,1,1,3,1,2,3,2,0,4,1,2,0,2,2,3,2,2,2,1,1,3,2,1,2,5,1,3,5,3,6,4,5,1,4,1,5,1,4,7,2,4,7,10,5,5,1,3,10,7,5,2,7,5,7,10,7,4,3,5,5,6,5,6,5,3,3,1,4,8,6,6,8,4,5,3,0,5
FOODS_3_382,FOODS_3,3,4,0,0,1,0,2,1,1,5,3,1,0,0,2,7,2,2,13,8,11,50,60,54,51,39,50,48,61,68,48,62,36,51,56,52,3,8,10,0,3,5,6,7,3,4,0,0,0,2,1,0,0,0,1,1,0,1,0,0,0,2,0,0,1,1,0,0,0,0,0,0,0,0,3,6,5,2,2,4,2,2,2,1,0,2,1,4,2,2,1,2,2,3,0,1,0,1,0,0
FOODS_2_173,FOODS_2,3,2,2,4,4,2,1,2,4,1,4,2,1,2,2,2,3,1,3,0,1,2,4,3,2,3,1,2,0,4,1,1,2,4,2,0,3,1,0,3,1,0,1,6,0,2,2,1,0,4,1,3,1,2,1,4,3,4,0,2,1,2,1,1,2,1,1,2,2,1,2,2,2,2,0,2,1,2,0,2,3,1,5,0,2,1,0,0,1,2,1,0,5,2,2,0,3,1,2,1
FOODS_3_631,FOODS_3,2,3,2,0,0,2,1,3,1,0,1,2,2,0,4,5,0,2,1,0,1,0,1,1,3,3,2,0,1,3,0,1,1,1,0,1,2,1,4,0,1,0,4,3,1,2,3,4,1,2,6,0,0,1,1,2,0,2,3,2,0,2,1,0,0,1,2,2,0,3,3,3,0,0,0,0,1,1,1,1,0,1,0,0,1,5,0,2,1,3,1,1,2,1,0,0,4,0,0,3
FOODS_3_775,FOODS_3,4,0,2,2,1,1,0,0,2,0,0,1,0,2,3,0,0,0,1,2,1,0,1,0,2,1,1,1,2,1,5,0,1,0,0,1,4,1,0,3,1,0,1,0,1,0,2,2,1,1,3,0,3,0,0,2,3,3,3,0,1,1,1,1,0,0,0,2,3,1,1,5,1,0,1,0,1,0,1,1,0,1,1,1,0,5,1,2,0,1,1,3,0,0,0,1,0,0,0,0
FOODS_3_675,FOODS_3,1,2,1,0,2,2,5,3,0,1,1,0,0,0,2,2,2,3,2,1,4,4,3,0,0,0,0,0,0,1,3,0,1,0,0,0,0,0,0,0,0,1,0,5,2,5,2,2,1,14,2,0,0,0,8,0,5,2,0,4,1,2,1,2,2,0,0,1,7,1,0,0,4,1,4,1,0,3,1,4,2,4,3,4,1,0,5,4,0,1,3,1,6,6,0,6,5,3,4,3
FOODS_1_129,FOODS_1,2,1,0,2,0,1,2,1,1,2,1,1,3,2,1,3,0,0,3,0,2,0,0,0,1,1,0,2,1,0,1,2,0,1,1,2,1,2,1,5,3,1,0,0,0,0,0,2,3,3,2,0,0,4,1,0,1,1,0,0,1,1,3,2,3,3,0,0,0,0,0,0,0,1,1,3,1,2,0,4,0,3,3,2,6,0,1,1,0,1,4,3,3,2,3,4,5,3,1,3
FOODS_2_220,FOODS_2,6,0,1,3,2,3,1,0,1,3,2,1,2,6,1,3,1,0,1,3,1,2,0,0,1,0,2,0,1,1,2,0,0,0,1,2,1,1,3,0,0,0,0,0,0,2,0,0,0,0,4,1,4,0,0,0,2,1,2,4,0,0,3,2,3,0,0,1,0,0,4,2,0,1,0,0,3,0,0,0,0,0,0,0,0,0,1,2,4,0,0,1,1,1,3,3,0,2,1,0
FOODS_3_589,FOODS_3,0,0,0,0,0,0,0,0,0,0,0,0,0,0,0,0,0,0,0,0,0,0,0,0,0,0,1,0,0,0,0,0,0,0,0,0,0,0,0,0,10,0,0,0,0,0,0,0,0,0,0,0,0,10,0,0,0,0,0,0,0,0,2,0,0,0,0,0,0,0,0,0,0,0,0,0,0,0,0,0,10,0,0,0,3,3,2,3,1,1,1,0,7,2,5,1,3,0,2,1
FOODS_1_182,FOODS_1,2,1,3,0,0,1,0,3,0,0,2,3,4,1,1,6,1,1,2,2,2,2,3,1,0,2,0,4,5,3,0,0,3,4,4,0,2,3,1,1,0,1,2,3,0,1,1,1,3,3,0,1,1,1,3,0,9,1,1,3,0,0,3,1,2,0,0,2,0,3,0,0,1,1,3,6,0,0,1,0,3,2,0,1,7,0,0,1,1,0,4,2,5,0,3,0,2,0,1,3
FOODS_3_200,FOODS_3,2,1,0,0,0,4,3,0,1,0,2,4,1,0,3,0,0,1,3,3,3,2,4,5,0,1,4,3,3,1,2,0,0,0,0,1,1,0,3,3,3,2,6,6,3,1,0,3,0,0,0,0,0,0,0,0,0,0,0,0,0,0,0,0,2,4,1,0,3,1,1,1,0,0,0,2,0,0,7,2,2,0,1,3,0,6,2,3,0,0,2,1,2,0,3,0,0,0,0,0
FOODS_3_155,FOODS_3,0,1,0,2,1,0,0,3,3,1,0,1,0,0,0,0,1,3,2,3,1,2,0,2,0,1,1,0,0,0,1,2,0,0,0,1,1,1,0,0,0,0,0,0,0,1,1,0,1,2,2,1,1,2,3,0,3,1,0,2,0,0,1,0,0,1,0,0,0,0,0,0,0,3,1,0,0,0,2,1,0,1,1,0,0,0,0,1,0,1,2,0,0,0,0,0,0,0,0,1
FOODS_2_229,FOODS_2,0,0,0,0,0,0,0,0,0,0,0,0,0,0,0,0,0,0,0,0,0,0,0,0,0,0,0,0,0,0,0,0,0,0,0,0,0,0,0,0,0,0,0,0,0,0,0,0,0,1,0,0,0,0,0,0,0,0,0,0,0,0,0,0,0,0,0,0,0,0,0,0,0,0,0,0,0,0,0,0,0,1,1,1,0,0,0,0,2,0,0,1,1,1,1,0,0,0,0,1
FOODS_3_331,FOODS_3,3,3,0,0,1,2,2,7,2,1,0,0,1,2,2,3,1,1,2,3,3,0,1,2,1,0,3,3,2,0,1,0,1,3,1,2,1,0,1,1,1,1,1,1,1,2,0,1,2,0,1,1,0,2,3,0,4,3,1,3,4,1,3,1,0,0,4,3,5,1,3,1,0,1,0,0,1,0,1,5,4,2,4,1,3,3,2,1,1,1,2,0,1,4,0,6,1,2,2,1
FOODS_2_352,FOODS_2,5,1,0,10,5,6,1,5,8,5,7,4,6,3,4,14,9,7,7,8,5,10,14,4,7,6,10,8,11,10,6,4,9,7,4,3,9,8,6,3,4,8,6,8,12,4,2,8,5,8,17,9,3,12,8,6,10,13,11,10,4,6,4,8,15,9,3,3,7,3,5,4,11,4,9,5,5,1,10,3,5,5,6,4,7,7,6,6,7,6,7,5,12,7,5,9,4,1,1,4
FOODS_3_657,FOODS_3,0,1,1,1,0,1,2,0,2,0,0,0,1,1,0,1,1,1,3,1,1,3,1,0,1,0,1,3,1,0,0,0,1,0,2,3,1,0,2,1,0,1,4,1,1,0,0,0,2,2,4,1,1,0,2,0,1,1,0,3,1,1,0,0,0,2,2,1,0,0,3,1,0,0,1,0,1,0,2,1,0,5,1,4,2,2,0,5,0,2,0,0,1,1,1,0,0,1,2,0
FOODS_2_106,FOODS_2,0,0,0,0,2,1,0,2,1,0,0,0,1,0,3,0,0,1,1,2,2,2,3,3,0,0,0,0,4,1,0,0,0,0,0,0,0,0,1,3,1,1,0,1,1,1,3,1,2,1,0,5,2,2,1,2,1,4,1,4,0,1,0,2,1,1,0,4,1,2,0,1,2,0,1,1,2,1,2,1,2,0,0,0,6,2,1,1,3,2,3,3,0,0,2,2,0,3,4,1
FOODS_3_174,FOODS_3,8,10,0,0,3,2,2,1,2,2,4,6,5,2,10,9,0,0,0,0,2,9,4,2,2,1,1,1,4,1,1,1,0,3,2,5,2,2,0,2,1,2,5,1,1,0,1,9,2,2,3,4,1,5,0,0,7,6,1,8,0,1,3,5,3,0,1,0,1,2,9,1,1,1,5,2,2,0,5,0,3,5,0,3,4,2,5,1,3,1,0,1,4,5,0,0,0,3,3,1
FOODS_2_143,FOODS_2,0,0,2,0,2,1,1,0,0,1,2,2,0,2,0,2,0,1,2,0,3,2,4,1,1,1,2,3,0,1,3,0,0,1,1,3,0,0,1,0,0,1,0,0,0,0,0,0,5,1,0,0,1,4,3,1,0,4,2,1,2,0,1,0,1,2,1,0,1,1,2,1,0,5,0,1,0,2,2,1,3,0,2,1,1,4,4,2,1,0,2,2,3,0,3,1,2,1,2,0
FOODS_2_167,FOODS_2,4,4,3,5,3,2,1,1,2,10,0,4,2,2,4,4,7,1,0,0,1,3,5,2,0,3,0,10,0,4,2,2,2,3,1,0,1,4,2,4,0,0,3,3,4,3,1,3,6,1,0,1,1,1,2,2,1,2,3,3,2,3,1,3,1,3,0,1,0,4,1,4,2,0,0,0,4,1,3,0,1,3,0,1,1,1,2,3,0,0,1,1,7,1,0,4,0,3,4,2
FOODS_1_204,FOODS_1,3,0,0,5,2,2,0,2,4,2,0,2,0,1,2,2,1,1,1,0,0,1,1,0,1,0,3,1,4,4,1,4,1,0,3,2,3,1,0,7,1,3,8,6,2,4,2,4,0,0,3,1,1,0,3,0,1,3,0,1,0,1,3,5,1,3,0,0,1,0,0,0,0,0,0,1,2,1,3,4,8,1,0,11,3,4,1,1,2,1,2,0,2,0,1,8,8,1,1,1
FOODS_3_464,FOODS_3,4,2,4,0,1,3,0,2,2,1,0,0,2,0,3,1,2,2,5,0,1,1,1,1,0,0,0,3,0,3,1,2,2,0,0,2,2,2,0,0,0,0,2,3,1,0,0,0,1,1,4,0,1,4,1,1,3,3,1,2,0,0,0,1,3,2,1,0,0,3,0,2,1,0,2,0,2,1,3,0,0,1,0,1,3,0,1,2,2,1,0,4,2,1,1,0,0,0,3,0
FOODS_3_048,FOODS_3,0,0,2,1,0,0,0,0,0,0,0,0,0,0,0,4,0,0,0,4,0,0,0,0,0,5,1,0,3,1,1,3,7,0,1,5,0,0,8,2,0,1,12,1,2,2,0,0,4,1,1,2,2,0,2,4,2,2,3,3,4,0,0,0,0,1,5,0,2,5,0,0,0,0,2,0,1,5,0,2,1,0,0,0,0,0,0,0,1,10,1,0,0,4,0,3,1,8,1,5
FOODS_3_726,FOODS_3,0,0,0,0,1,0,0,0,0,0,0,0,0,1,0,0,0,0,0,2,2,3,3,3,7,1,1,5,3,2,1,2,0,1,3,1,5,3,2,4,3,1,1,4,0,1,4,2,0,2,1,0,0,1,1,1,2,3,1,0,0,2,1,3,4,0,4,2,2,0,2,3,3,0,1,0,4,0,1,2,5,2,1,1,4,3,3,1,2,1,0,0,1,2,1,0,2,4,1,3
FOODS_3_381,FOODS_3,9,2,3,3,2,5,2,3,5,7,3,3,2,1,1,2,1,0,0,2,1,1,2,0,0,0,0,2,0,3,0,0,0,2,0,0,0,0,2,0,0,0,0,0,0,0,0,0,2,0,0,0,2,1,0,1,0,2,0,0,0,0,0,0,0,2,0,1,2,1,0,0,0,0,4,3,4,5,6,4,5,1,3,4,6,2,1,2,2,5,5,3,8,4,2,5,6,6,4,4
FOODS_3_128,FOODS_3,0,0,0,0,0,0,0,1,0,0,1,0,0,0,0,0,0,0,0,0,0,0,0,0,0,0,0,0,0,0,0,1,0,0,0,0,0,0,0,0,0,0,0,0,0,0,0,0,0,0,0,0,0,0,0,0,0,1,0,3,0,1,0,3,2,1,0,0,0,0,2,1,0,1,0,0,0,1,3,1,2,1,0,1,0,0,4,1,1,2,1,1,1,4,1,3,0,0,2,2
FOODS_2_153,FOODS_2,0,2,5,2,0,0,2,4,3,2,0,1,2,1,0,0,0,0,1,1,3,3,2,2,0,2,4,2,2,2,1,0,1,1,4,1,2,1,0,2,2,3,5,2,3,0,0,2,1,2,1,0,3,3,3,4,9,2,0,0,3,3,2,1,0,1,0,1,0,1,0,4,0,1,2,1,2,6,2,1,2,1,2,6,5,1,2,1,1,1,0,1,0,1,0,2,0,1,2,2
FOODS_3_666,FOODS_3,0,0,0,0,0,0,0,0,0,1,0,0,0,0,0,0,0,0,0,0,0,0,0,0,0,0,0,0,0,0,0,0,0,0,0,0,0,0,0,0,0,0,0,0,0,0,3,0,1,2,1,1,0,2,2,3,2,1,1,0,1,1,2,3,0,4,0,0,0,0,2,2,6,1,8,0,0,0,0,2,2,3,2,3,3,2,1,3,0,2,0,6,2,0,1,3,2,1,0,1
FOODS_1_035,FOODS_1,4,3,0,1,2,2,0,7,0,2,3,0,1,1,2,1,0,1,2,2,0,4,3,1,0,0,0,0,1,1,0,0,5,2,0,10,0,0,0,0,5,4,1,4,0,0,1,1,0,3,1,1,6,1,5,1,5,5,0,1,1,0,0,1,1,0,2,1,0,3,7,10,0,3,0,1,1,2,2,4,2,2,0,3,5,2,0,0,0,0,0,5,1,0,3,0,2,0,2,5
FOODS_2_109,FOODS_2,2,1,5,2,3,1,2,0,2,3,2,2,1,1,0,1,1,1,0,1,1,1,6,0,0,2,0,6,0,0,2,1,1,2,1,0,1,0,1,1,0,2,1,6,2,0,1,0,0,4,2,2,0,2,1,2,1,0,0,1,0,4,0,3,0,0,0,4,3,0,0,6,1,0,0,2,2,0,1,1,2,1,1,2,2,1,5,0,2,0,1,2,0,0,1,1,2,0,1,0
FOODS_3_761,FOODS_3,3,0,3,1,1,0,2,0,1,1,0,0,1,0,1,3,2,2,1,2,2,2,3,0,1,1,2,2,5,0,3,1,1,1,0,1,2,3,1,0,0,1,0,1,0,0,0,0,0,0,0,0,0,0,0,0,0,2,1,2,1,3,0,0,1,0,0,0,0,0,0,0,0,0,2,0,0,2,2,3,2,1,1,0,0,1,2,2,1,0,0,3,2,1,1,0,4,1,2,4
FOODS_3_269,FOODS_3,1,2,3,2,0,1,0,3,3,1,1,1,2,0,1,1,0,5,1,3,0,0,2,0,0,0,1,0,2,0,1,5,0,2,0,0,2,2,0,0,2,0,2,1,1,1,1,1,1,4,2,1,1,0,1,1,0,0,2,2,1,0,1,1,1,0,0,1,3,0,2,0,2,2,0,0,0,1,1,0,1,2,1,0,0,1,2,1,2,1,1,1,1,2,2,1,0,1,2,1
FOODS_2_062,FOODS_2,0,0,3,2,2,1,0,1,1,0,2,1,1,0,2,1,1,0,0,1,1,0,1,1,1,1,0,0,2,0,0,3,1,0,0,1,0,1,0,0,0,1,2,0,0,0,1,0,1,1,3,1,2,5,0,1,0,2,3,0,3,0,2,1,1,3,1,1,1,0,1,0,0,1,0,2,1,0,4,0,2,2,0,0,0,2,1,1,0,1,2,1,0,0,0,3,2,0,2,2
FOODS_2_174,FOODS_2,3,1,1,0,1,0,1,2,0,0,1,1,0,0,0,0,2,0,2,0,1,0,0,0,0,1,0,0,0,1,0,1,2,0,0,1,0,0,1,0,0,0,0,2,1,1,3,0,0,1,2,0,0,0,2,1,3,0,0,0,2,1,0,0,0,0,1,2,5,2,0,0,0,0,0,2,1,0,0,1,1,0,0,1,0,0,0,0,0,0,1,0,1,1,2,2,0,0,0,0
FOODS_2_346,FOODS_2,3,6,12,5,9,5,11,10,16,15,5,7,4,2,8,6,5,4,5,4,5,8,5,1,6,8,2,6,7,9,5,3,7,3,4,7,13,9,4,6,4,3,7,6,3,7,3,2,13,8,9,4,4,5,4,7,10,5,8,9,5,3,6,4,4,2,5,4,5,8,3,8,6,6,0,3,7,12,9,7,8,6,3,2,7,4,4,7,6,6,9,5,7,11,3,8,4,3,6,8
FOODS_1_065,FOODS_1,2,1,12,0,2,0,1,3,3,2,0,2,0,0,0,1,2,2,1,4,0,0,1,5,1,1,1,1,4,3,0,2,0,2,2,1,1,2,1,2,0,2,1,4,2,0,0,3,2,0,0,0,0,0,5,1,0,1,2,0,0,0,1,5,0,0,1,5,3,0,1,0,0,0,1,0,1,1,1,0,3,0,0,0,0,2,1,1,1,0,2,1,1,0,4,1,0,1,0,2
FOODS_3_015,FOODS_3,0,1,0,0,0,0,1,1,1,0,0,0,1,0,0,0,0,1,1,0,1,1,1,1,1,0,0,1,2,0,0,0,0,1,0,2,2,0,0,1,1,0,2,3,0,1,0,0,0,0,1,2,0,3,0,3,2,1,0,1,0,1,3,1,0,1,0,0,0,1,0,0,1,0,0,0,0,2,0,2,1,4,4,4,3,1,0,1,2,6,7,0,3,4,1,3,1,3,7,7
FOODS_2_092,FOODS_2,0,0,2,0,2,0,2,3,1,3,0,0,0,3,0,3,1,2,2,1,0,2,3,1,1,0,0,2,2,4,0,2,4,0,0,4,7,1,2,3,0,0,1,0,0,0,0,0,0,0,0,0,0,0,2,3,0,5,0,3,1,0,1,1,4,0,1,0,3,0,1,0,2,0,0,1,0,0,1,0,1,2,0,0,1,1,1,2,0,0,0,1,2,0,0,0,1,1,2,4
FOODS_3_659,FOODS_3,0,0,0,0,0,0,0,0,0,0,0,0,0,0,0,0,0,0,0,0,0,0,0,0,0,0,0,1,1,1,1,1,0,0,0,2,0,2,1,0,2,1,0,2,0,2,0,0,0,1,3,1,1,0,1,3,1,0,1,1,0,0,0,1,0,0,2,0,0,1,2,2,1,3,0,0,2,1,3,1,0,0,0,1,2,0,1,0,0,0,1,1,0,2,1,0,1,0,1,1
FOODS_2_078,FOODS_2,3,0,17,14,5,4,3,3,1,4,0,0,0,6,3,1,2,2,4,3,5,2,5,5,1,0,2,3,4,7,5,4,3,2,1,4,2,0,2,3,1,0,0,7,2,6,2,0,1,3,3,3,6,0,5,6,3,1,2,1,4,1,2,2,11,8,1,1,3,1,2,2,0,6,2,2,3,1,1,3,2,5,2,2,2,6,3,2,2,1,6,2,4,2,6,3,3,2,4,2
FOODS_2_083,FOODS_2,0,0,0,0,0,2,2,4,2,0,2,2,0,1,1,0,0,0,0,1,1,3,2,0,0,0,0,1,1,0,1,0,2,0,0,0,0,2,0,2,2,0,1,1,0,0,1,2,0,1,2,1,0,1,0,2,3,1,1,1,0,1,3,0,2,0,2,1,0,0,0,3,0,2,2,0,2,2,0,1,1,1,1,1,0,0,1,0,1,0,0,0,1,0,0,1,2,0,0,3
FOODS_3_410,FOODS_3,0,0,1,2,0,1,0,1,1,0,2,2,0,3,4,2,0,0,0,4,0,0,1,0,3,0,0,2,2,0,0,0,0,0,0,0,0,1,0,0,0,3,0,3,0,0,1,0,1,3,1,0,0,1,0,1,1,0,1,1,1,1,0,0,1,1,0,3,0,0,3,0,0,0,0,1,0,0,2,0,0,0,0,2,4,2,2,3,2,0,3,3,1,1,1,0,1,0,5,3
FOODS_3_046,FOODS_3,1,0,0,0,2,2,0,1,1,1,0,2,3,0,0,3,0,1,1,1,0,1,0,0,1,4,0,1,0,0,3,3,0,2,3,4,1,0,1,1,1,2,4,0,1,2,0,0,1,1,2,2,2,2,1,0,3,1,0,1,1,2,1,1,1,2,0,3,0,0,1,1,0,2,2,0,0,0,0,1,0,3,13,1,0,2,1,3,1,3,1,1,2,1,4,0,0,0,2,0
FOODS_3_803,FOODS_3,2,3,5,3,6,1,8,3,0,5,2,3,2,4,3,7,6,4,2,0,3,0,11,5,0,0,2,1,1,10,5,4,1,2,0,2,4,2,2,0,1,4,2,8,3,3,0,1,3,0,18,3,2,7,3,1,2,6,5,2,8,1,0,5,5,0,0,0,0,0,2,3,2,4,8,1,1,4,6,1,1,4,2,0,4,5,0,0,7,0,2,3,7,0,1,6,2,0,1,9
FOODS_1_214,FOODS_1,1,1,0,0,0,1,1,0,4,1,2,4,1,2,0,3,1,1,2,3,0,0,0,2,4,1,0,1,0,0,1,3,0,4,2,1,1,1,0,4,2,2,5,3,0,2,0,2,1,0,0,0,0,0,0,1,1,2,2,0,3,0,1,2,1,0,1,1,3,2,2,0,0,0,1,1,0,0,0,3,2,4,2,0,2,8,2,0,0,0,2,2,2,1,0,2,0,1,0,2
FOODS_3_051,FOODS_3,0,0,2,0,1,1,0,0,1,3,0,0,1,2,0,2,1,1,2,1,0,0,2,4,1,1,0,1,2,2,0,0,1,0,3,2,0,1,1,1,2,1,5,1,0,0,1,1,3,2,0,0,0,0,0,0,0,0,1,2,3,4,1,0,0,0,0,1,0,0,0,0,1,1,2,1,1,2,0,1,4,2,1,1,2,3,3,1,2,0,1,2,1,0,1,1,3,0,0,0
FOODS_2_262,FOODS_2,3,4,0,3,0,6,4,2,0,2,1,3,0,1,2,2,2,3,1,2,1,0,0,0,4,5,0,0,0,5,0,1,1,1,1,1,3,1,2,2,0,0,1,1,1,1,0,0,0,3,2,3,2,0,1,1,1,0,0,3,1,1,1,0,0,0,4,1,0,7,2,5,1,1,3,0,2,3,3,1,1,3,0,0,1,8,0,1,2,0,2,5,3,1,1,4,1,7,0,2
FOODS_2_099,FOODS_2,3,0,2,0,0,0,0,1,5,1,7,0,1,0,1,1,2,3,2,2,0,5,2,1,2,0,0,2,0,2,2,2,0,0,0,4,1,1,0,0,0,0,0,0,0,0,0,0,0,0,0,0,4,1,4,1,2,6,4,1,1,4,0,2,3,0,0,3,2,1,1,1,1,1,0,0,1,7,2,0,0,0,1,1,2,2,1,3,2,0,0,3,3,3,0,3,0,0,0,0
FOODS_2_266,FOODS_2,7,1,0,0,0,0,0,5,3,0,0,0,4,1,3,0,4,4,0,0,6,2,0,0,4,4,0,5,1,4,4,1,3,1,3,1,0,3,1,1,3,4,1,0,3,0,0,2,2,2,7,1,1,2,3,9,0,1,1,2,0,0,0,0,0,1,3,1,1,1,4,3,1,1,3,1,2,3,5,5,1,5,1,0,6,4,1,0,3,2,1,2,1,2,1,3,2,1,3,1
FOODS_3_461,FOODS_3,0,0,0,0,0,0,0,0,0,0,0,0,1,0,2,0,1,0,0,0,0,1,1,1,0,0,0,0,1,0,1,0,0,2,0,1,0,1,0,0,1,1,0,1,1,1,4,0,1,0,0,2,1,5,3,1,6,6,0,0,4,6,2,0,12,0,0,0,0,1,6,4,1,0,0,0,6,3,2,1,0,0,0,4,0,0,2,4,3,0,0,0,0,0,0,0,0,0,4,3
FOODS_3_523,FOODS_3,4,2,2,4,3,1,1,3,3,9,4,2,1,1,4,4,4,5,3,1,2,2,6,1,4,2,7,1,0,4,2,1,4,2,2,4,0,4,6,2,2,1,3,2,1,4,0,0,0,1,2,9,6,2,2,2,3,4,2,3,2,1,3,6,3,2,3,4,3,5,5,6,5,1,5,0,2,1,4,3,3,2,3,3,3,0,0,1,2,1,0,0,5,1,1,4,3,1,1,1
FOODS_3_002,FOODS_3,3,6,0,8,6,2,6,3,3,6,6,3,4,3,3,7,3,3,0,0,0,2,8,9,1,1,4,0,6,7,6,0,1,0,0,0,0,0,0,0,0,0,0,0,0,0,0,0,0,0,0,0,0,0,0,0,0,0,0,0,0,0,0,0,0,0,0,0,0,0,0,0,0,0,0,0,0,0,0,0,0,5,0,4,8,7,0,0,2,1,1,1,1,5,1,0,2,4,2,0
FOODS_3_333,FOODS_3,1,4,1,1,0,2,2,2,1,3,1,3,2,1,1,2,1,2,0,1,0,0,5,3,2,1,0,0,0,1,2,2,1,3,3,1,1,0,0,2,1,3,2,1,5,0,2,7,3,0,12,7,4,6,3,4,5,10,2,0,5,4,3,8,8,4,3,1,3,7,2,5,5,2,4,1,4,4,4,4,1,1,2,2,0,1,2,4,1,0,1,1,3,0,0,0,0,2,3,4
FOODS_3_025,FOODS_3,4,2,6,3,1,0,5,7,8,2,0,1,1,2,4,0,2,1,4,4,4,1,0,5,3,1,0,0,4,2,2,2,1,2,4,5,1,0,0,0,0,0,0,0,0,0,0,0,0,0,0,0,0,0,0,0,0,0,0,4,4,3,1,0,5,1,5,1,0,0,1,6,5,0,0,1,3,3,1,2,3,2,1,3,3,5,0,7,5,2,5,5,3,0,1,2,1,0,1,0
FOODS_3_175,FOODS_3,0,0,0,0,0,0,1,0,0,0,0,0,0,1,0,0,3,0,0,0,0,1,1,2,3,0,5,2,1,1,1,2,0,3,0,1,3,5,0,0,4,1,0,0,2,1,2,1,1,2,1,1,0,0,2,1,0,1,1,1,0,1,2,0,2,3,0,0,0,1,0,0,5,0,0,1,0,0,0,4,0,0,0,0,0,0,0,3,0,0,0,0,0,2,0,0,0,0,0,3
FOODS_2_038,FOODS_2,2,1,2,0,4,3,1,0,4,0,0,4,3,3,3,2,0,1,6,3,0,4,4,3,0,1,0,3,2,3,3,0,1,1,2,4,2,2,3,4,3,3,1,4,5,3,0,0,0,0,2,1,2,3,1,3,3,0,0,0,2,1,1,3,2,1,0,1,1,2,1,0,1,0,1,0,1,2,2,2,2,0,0,1,1,0,0,1,0,1,0,0,4,2,1,0,0,0,0,1
FOODS_2_176,FOODS_2,0,0,1,0,3,0,3,4,6,6,1,1,0,0,3,0,2,0,3,0,0,6,0,0,1,0,0,0,0,2,3,1,8,0,0,2,4,0,0,0,0,0,0,0,0,0,0,0,2,3,2,4,0,0,4,3,3,6,0,5,0,1,1,0,2,2,0,2,1,0,3,0,1,2,0,2,0,1,2,2,3,2,1,1,0,6,0,0,3,3,2,3,4,1,4,0,0,2,1,6
FOODS_3_538,FOODS_3,0,0,0,0,0,0,0,0,0,0,0,0,0,0,0,0,0,0,0,0,0,0,0,0,0,0,0,0,0,0,0,0,0,0,0,0,0,0,0,0,0,0,0,0,0,0,0,0,0,0,0,0,0,0,0,0,0,0,0,0,0,0,0,0,0,0,0,0,0,0,0,0,0,0,0,0,0,0,0,0,3,0,2,2,0,2,0,2,1,0,2,2,3,0,0,1,1,3,1,0
FOODS_3_488,FOODS_3,2,3,3,2,0,1,1,0,0,0,0,0,0,0,1,1,0,1,1,1,2,2,2,0,0,0,0,0,2,0,2,1,2,1,0,2,5,3,3,1,0,0,0,3,0,0,0,1,2,1,2,2,0,0,0,1,4,4,1,2,1,0,1,3,3,0,3,2,0,0,1,3,1,1,1,1,0,1,1,1,2,5,1,4,0,0,0,0,0,2,3,1,0,4,1,1,0,3,0,5
FOODS_2_142,FOODS_2,2,1,2,0,3,1,0,2,3,2,0,3,1,0,1,2,0,5,1,0,1,0,3,0,1,3,2,0,2,3,1,4,0,1,4,1,0,2,1,1,0,0,1,2,5,0,0,0,1,1,0,2,0,0,2,2,0,5,0,1,1,0,0,4,4,1,0,2,0,0,1,0,0,0,0,2,2,1,1,0,1,1,1,2,5,0,2,1,1,0,2,0,4,2,1,4,0,2,0,2
FOODS_1_041,FOODS_1,3,2,2,2,1,0,0,4,0,1,1,2,0,2,1,4,0,1,1,2,0,1,1,1,2,0,0,4,5,4,4,0,1,0,2,2,0,3,2,0,0,2,3,4,6,1,0,0,0,1,1,3,1,0,0,0,3,2,2,1,1,2,0,0,3,2,1,2,0,1,1,2,3,0,1,1,1,1,4,2,1,0,0,2,0,3,0,0,5,1,1,0,1,2,2,1,1,2,1,3
FOODS_3_146,FOODS_3,5,3,3,2,2,4,2,1,4,0,2,4,0,2,5,2,4,6,3,5,2,2,4,6,4,4,3,0,4,5,1,2,2,2,1,2,6,6,6,0,3,2,1,9,2,6,1,4,1,7,9,5,4,7,1,2,2,7,3,2,4,3,2,5,10,5,2,3,4,6,9,6,4,1,1,3,0,4,6,7,1,1,1,10,8,2,5,6,3,2,9,8,3,4,11,9,3,7,12,11
FOODS_3_316,FOODS_3,0,0,0,2,0,0,0,0,0,1,0,0,0,0,0,0,0,0,0,0,1,0,3,2,1,0,0,0,0,2,3,3,0,2,1,2,1,3,0,1,1,1,1,2,0,0,0,1,0,2,2,1,3,2,3,1,0,3,4,1,2,2,1,2,3,0,0,2,1,0,0,1,2,1,0,1,1,1,1,1,1,3,2,0,1,4,5,1,1,1,1,2,2,2,0,1,1,1,1,0
FOODS_2_005,FOODS_2,0,0,0,0,0,0,0,0,0,0,0,0,0,0,0,0,0,0,0,0,0,0,0,0,0,0,0,0,0,0,0,0,0,0,0,0,0,0,0,0,0,0,0,1,0,0,2,0,0,2,1,0,0,4,2,0,1,1,3,1,3,0,2,1,1,0,1,1,2,0,2,3,2,2,2,1,2,0,4,2,2,0,0,2,2,0,1,2,1,1,5,4,1,1,2,4,0,2,2,1
FOODS_2_034,FOODS_2,4,2,7,1,1,0,0,0,0,0,0,0,1,6,7,5,4,0,0,0,4,2,5,3,2,6,2,2,5,2,3,6,1,1,9,1,1,4,4,2,0,3,7,5,3,1,5,8,0,3,4,4,0,3,1,2,8,9,1,5,3,1,1,0,0,0,5,0,1,5,3,9,2,2,0,1,2,0,3,12,3,0,2,3,1,1,3,4,1,5,0,2,6,4,2,3,0,4,1,7
FOODS_2_344,FOODS_2,3,2,0,3,1,1,4,3,4,0,1,3,0,2,7,4,1,1,3,1,3,3,2,2,2,1,0,2,1,0,1,0,0,0,1,0,3,3,0,2,2,4,2,1,1,1,2,0,2,2,4,1,1,0,3,0,1,0,0,0,2,3,3,3,2,1,7,1,2,3,0,5,4,1,1,2,0,1,2,1,1,0,4,1,2,0,0,1,3,2,3,3,1,0,4,1,1,1,0,0
FOODS_1_116,FOODS_1,4,0,0,0,1,4,0,3,2,3,1,0,0,2,2,2,0,0,1,0,2,1,2,1,10,1,1,1,7,0,0,0,2,1,3,10,4,1,0,1,1,1,4,3,1,1,1,2,0,2,1,0,1,0,2,0,1,4,1,0,4,0,2,5,4,2,1,2,0,3,2,2,0,1,0,1,2,1,0,0,0,1,0,0,3,0,0,0,0,0,0,2,5,0,4,3,0,0,3,2
FOODS_2_107,FOODS_2,0,2,1,0,0,0,2,1,1,0,0,0,0,1,0,2,0,0,1,0,1,2,5,0,1,1,0,2,2,3,1,0,0,0,3,3,0,0,0,1,0,0,1,4,4,2,0,6,2,6,7,6,4,0,0,0,3,0,5,4,1,1,0,1,2,0,1,1,1,2,0,5,0,0,4,3,0,2,1,0,1,1,0,0,0,0,0,1,0,1,6,1,1,0,5,3,0,2,2,5
FOODS_1_015,FOODS_1,0,0,0,0,1,0,5,4,1,0,0,1,0,0,0,0,0,0,0,0,0,0,0,2,3,5,3,3,0,1,1,4,0,1,0,3,1,0,1,2,1,6,3,2,0,5,2,1,2,3,1,1,1,0,0,1,3,5,2,0,2,1,0,3,3,0,4,0,0,2,6,1,3,0,2,0,0,3,2,14,3,8,1,1,1,10,1,3,0,0,2,0,1,1,0,3,0,2,2,9
FOODS_1_001,FOODS_1,2,9,0,0,0,6,2,1,2,0,0,0,1,1,5,5,1,2,0,0,1,0,1,0,0,1,0,0,0,0,2,0,0,0,1,2,4,2,0,1,1,1,12,0,0,0,1,0,0,1,0,0,0,1,0,0,4,2,1,0,0,0,0,0,13,0,0,0,0,0,1,0,1,0,1,0,8,1,0,0,1,0,0,1,1,0,0,0,0,0,1,2,2,0,0,1,0,3,2,2
FOODS_3_190,FOODS_3,7,9,2,5,1,2,2,0,4,0,1,2,1,0,4,7,2,4,2,3,1,3,9,1,1,3,3,4,0,5,1,0,4,3,0,1,5,1,2,0,0,1,1,5,0,1,4,0,1,2,5,2,3,4,2,0,1,10,1,1,3,3,1,2,7,1,0,0,1,1,2,8,0,2,0,1,1,3,4,2,4,0,2,0,1,7,4,1,1,0,0,2,3,4,4,5,1,0,3,6
FOODS_3_731,FOODS_3,4,4,7,4,3,2,2,1,5,5,2,4,4,0,3,4,2,4,5,2,7,5,6,3,3,8,4,3,5,6,1,0,2,5,1,7,6,3,3,4,3,2,6,6,1,3,6,6,3,4,8,5,7,4,2,3,3,6,1,2,4,4,3,8,3,6,2,4,1,0,1,3,5,0,0,2,4,2,6,1,6,3,2,4,10,5,7,2,0,1,5,2,7,5,7,4,1,3,4,6
FOODS_3_160,FOODS_3,0,0,0,0,0,0,0,0,0,0,0,0,0,0,0,0,0,0,0,0,0,0,0,0,0,0,0,0,0,0,0,0,0,0,0,0,0,0,0,0,0,0,0,0,0,0,1,0,0,1,9,2,1,1,1,4,0,1,0,0,0,1,5,0,0,0,0,3,2,3,2,0,1,5,12,0,0,4,0,4,1,0,11,3,0,2,0,0,2,0,2,1,0,5,1,0,1,0,5,1
FOODS_3_357,FOODS_3,0,0,1,0,0,0,1,0,3,0,1,1,0,1,1,3,1,1,0,0,1,2,4,2,0,0,0,2,1,1,0,0,0,0,0,3,3,0,1,0,0,1,1,1,1,1,0,0,0,2,1,0,1,0,1,1,1,0,0,1,0,3,2,0,0,0,1,2,0,2,1,0,0,0,0,1,1,2,0,0,2,0,0,2,1,1,1,2,0,1,1,1,0,0,1,0,0,0,0,0
FOODS_2_035,FOODS_2,3,5,8,7,2,3,5,4,8,4,2,7,2,4,4,4,5,2,5,4,2,8,6,4,2,4,1,2,3,4,2,6,4,2,2,0,7,2,1,1,4,7,6,1,4,4,2,3,5,5,10,4,4,5,1,2,2,9,6,0,1,3,1,2,6,4,1,4,0,1,0,3,5,3,5,2,7,4,2,5,5,4,1,5,2,2,3,2,4,6,1,4,4,6,3,3,4,2,3,8
FOODS_3_373,FOODS_3,0,0,0,3,0,1,1,6,1,0,0,0,1,1,2,0,0,2,0,0,1,2,0,1,1,2,0,1,0,0,4,2,1,2,0,4,0,0,0,1,0,1,0,1,3,1,0,5,0,0,0,1,0,0,1,1,2,0,0,0,2,0,2,1,2,0,0,0,0,4,1,1,3,2,0,0,0,3,0,2,2,0,0,2,1,2,1,0,2,0,3,0,0,5,1,0,2,0,2,3
FOODS_3_470,FOODS_3,4,0,5,1,1,1,0,0,7,2,3,0,0,0,6,2,0,1,0,4,5,1,6,0,0,0,0,0,11,0,0,0,0,0,1,0,1,3,0,0,0,2,1,0,0,2,2,0,6,0,1,1,2,1,0,2,7,3,0,0,1,3,2,1,3,0,0,2,2,1,1,2,2,5,1,0,0,2,0,0,5,0,0,0,1,2,4,2,0,0,0,1,4,2,0,4,1,2,1,1
FOODS_3_520,FOODS_3,2,0,4,0,1,1,0,6,0,2,2,3,1,0,2,6,2,0,0,2,4,2,2,0,1,2,0,0,3,3,1,2,1,0,3,5,3,1,1,2,0,1,1,1,1,0,0,1,0,5,1,0,1,0,0,4,1,2,1,3,1,0,2,0,2,2,2,1,0,1,0,4,1,3,1,2,2,1,0,1,1,0,0,2,2,3,0,1,0,3,2,2,3,2,2,1,2,1,1,3
FOODS_1_178,FOODS_1,1,0,3,1,0,0,1,1,1,3,1,0,3,2,3,3,1,2,0,1,1,5,1,2,3,1,3,0,0,2,0,0,2,0,0,2,1,1,0,1,0,0,4,2,0,2,0,0,0,2,1,0,2,1,0,1,3,0,0,1,0,1,0,1,1,1,0,0,0,0,1,1,2,0,0,1,1,1,0,1,0,0,2,2,3,0,0,2,1,3,0,0,0,0,0,2,1,1,6,1
FOODS_3_293,FOODS_3,0,1,0,0,0,2,0,0,1,0,0,2,0,0,0,0,0,0,0,0,0,0,0,0,0,3,2,0,1,0,3,0,0,1,0,0,0,1,0,1,2,0,1,0,0,0,0,0,1,2,3,0,0,0,0,0,0,0,0,1,0,0,0,0,0,0,0,0,0,0,0,0,0,0,0,0,0,0,0,0,0,0,0,0,0,0,0,0,0,0,0,0,0,0,4,8,0,0,0,0
FOODS_3_605,FOODS_3,0,0,0,0,0,0,0,0,1,0,0,0,1,0,0,1,0,0,0,0,0,0,0,0,0,0,0,0,0,0,0,0,0,2,1,0,3,3,4,1,0,0,0,0,1,1,1,1,0,2,2,0,0,5,1,2,2,6,3,4,2,2,2,2,3,2,1,1,1,2,2,0,1,1,0,2,0,1,3,0,4,2,2,0,1,2,2,2,2,0,1,2,4,1,0,1,1,0,1,4
FOODS_1_090,FOODS_1,9,1,7,2,0,1,1,1,8,0,2,0,7,3,0,2,1,3,0,5,1,2,2,4,2,0,1,0,5,1,0,2,3,0,1,1,7,4,1,0,1,3,4,3,0,2,2,1,0,2,3,0,0,2,2,2,2,5,0,6,0,0,0,3,0,1,1,0,0,5,3,2,6,0,4,5,1,3,2,4,2,2,0,0,1,2,2,0,0,4,0,2,4,0,2,0,1,0,0,0
FOODS_3_074,FOODS_3,3,2,4,1,2,4,3,1,7,2,5,2,2,2,2,2,2,1,3,0,1,3,4,3,1,1,2,4,1,4,4,2,2,3,2,3,3,3,2,2,4,1,0,2,3,1,0,2,2,3,2,3,1,2,1,0,6,5,3,3,2,2,2,1,2,4,1,0,2,0,3,2,2,3,3,1,2,3,2,7,4,4,0,1,1,2,10,4,6,1,0,2,3,3,2,2,1,0,3,7
FOODS_3_537,FOODS_3,1,3,2,3,1,1,0,6,3,0,0,1,1,0,4,2,6,3,1,1,2,2,3,2,1,3,0,1,0,2,4,7,0,1,0,0,5,6,0,0,0,3,4,2,1,6,0,0,0,2,3,1,4,3,1,4,1,4,4,1,0,3,0,0,3,5,5,0,0,1,3,1,3,1,5,0,3,2,1,2,1,0,0,6,1,1,2,3,2,1,3,3,2,3,1,0,3,3,2,1
FOODS_2_201,FOODS_2,0,4,6,4,2,3,4,1,3,0,1,2,0,2,2,3,3,4,5,2,7,1,7,3,9,5,2,7,4,3,3,4,1,3,3,3,3,4,4,0,5,1,4,5,5,3,0,3,6,2,5,2,6,1,3,1,4,10,4,4,4,4,0,1,2,2,1,2,4,4,4,4,5,4,2,3,4,2,6,1,3,1,6,1,5,7,6,4,3,5,0,3,5,4,3,2,1,1,1,3
FOODS_3_153,FOODS_3,0,2,3,1,2,1,4,0,5,2,1,0,1,0,2,1,3,1,1,1,1,1,0,0,2,0,1,3,1,0,0,0,0,0,2,0,0,2,0,2,0,0,3,0,2,1,0,0,0,0,0,1,0,1,1,1,7,2,3,0,2,0,0,1,0,1,1,0,0,1,0,0,0,0,2,2,1,0,2,1,1,4,0,1,0,3,0,0,1,2,4,5,1,2,3,3,3,2,1,2
FOODS_2_072,FOODS_2,0,1,1,1,2,2,1,0,1,1,0,1,0,0,1,2,1,0,0,3,1,2,2,0,0,0,0,0,2,2,0,0,0,0,0,0,0,0,0,4,1,0,1,3,1,3,0,1,3,1,0,3,4,0,1,0,1,0,4,1,0,1,1,0,0,0,4,1,1,2,0,0,2,2,1,1,0,0,0,0,2,2,3,0,0,3,0,1,1,2,0,0,0,0,3,4,2,1,0,0
FOODS_2_230,FOODS_2,0,1,0,0,0,0,0,0,1,1,0,0,0,0,0,0,0,0,0,0,0,0,0,1,0,0,0,0,0,0,0,0,1,0,0,0,0,0,0,0,0,0,0,0,0,0,0,0,0,0,0,0,0,0,0,0,0,0,0,1,0,0,0,0,0,0,0,0,0,0,0,0,0,0,0,0,0,0,0,0,0,1,1,3,1,2,0,0,0,2,0,0,4,1,2,2,0,2,2,1
FOODS_3_344,FOODS_3,2,0,2,4,2,2,4,2,9,5,5,0,1,0,4,2,3,4,2,2,6,6,3,4,5,1,1,1,2,4,3,6,6,1,5,2,6,4,6,1,2,2,0,5,1,1,1,3,2,4,3,3,1,0,3,11,0,0,4,3,2,1,1,0,0,0,0,1,4,3,2,0,1,0,1,3,2,4,2,11,0,3,1,11,3,4,4,3,3,1,5,3,4,1,2,2,2,1,2,1
FOODS_3_663,FOODS_3,1,1,2,4,2,2,6,0,1,2,1,0,2,1,2,1,0,2,3,0,0,2,3,1,3,1,5,2,3,0,1,3,1,1,1,0,0,2,1,1,0,0,2,2,1,1,4,2,0,1,2,0,2,1,5,5,0,1,1,1,1,0,0,3,4,0,0,2,1,0,1,2,2,0,1,0,2,3,2,1,4,0,1,0,2,3,3,0,0,0,0,0,2,1,0,1,1,1,4,0
FOODS_1_130,FOODS_1,1,2,0,0,0,3,3,2,2,1,0,0,1,1,3,2,2,2,1,0,1,1,6,1,0,0,1,0,3,4,0,2,1,1,0,3,1,0,1,1,0,3,1,1,3,0,1,1,1,2,1,1,1,0,0,2,2,2,1,0,1,1,0,2,4,1,3,10,1,0,0,0,1,1,0,3,1,2,1,3,2,2,1,0,4,1,1,2,1,3,1,3,4,3,1,2,2,0,5,4
FOODS_1_163,FOODS_1,3,1,1,4,0,0,2,0,0,1,8,5,2,6,0,0,0,0,0,1,1,2,4,3,5,1,9,0,2,1,1,0,2,0,1,1,4,7,7,2,1,3,2,4,1,1,4,2,0,0,0,4,1,5,5,5,1,1,2,1,1,2,0,4,3,2,0,0,0,0,5,2,2,1,0,0,3,1,2,0,0,2,0,2,0,1,1,1,2,0,5,2,1,1,0,1,0,0,0,3
FOODS_3_129,FOODS_3,3,0,0,0,1,0,2,0,0,0,0,0,3,4,0,3,1,0,1,5,1,2,2,2,0,0,1,0,2,4,1,2,0,1,1,2,0,2,0,1,1,7,1,7,0,0,2,1,4,1,2,2,1,0,1,2,4,4,0,0,1,5,1,7,1,1,1,2,2,0,4,5,1,1,1,2,0,1,2,2,0,1,4,2,2,1,3,0,1,4,1,2,2,3,2,1,3,3,2,2
FOODS_2_353,FOODS_2,0,3,4,0,2,1,0,0,0,1,0,1,0,1,2,0,0,0,0,0,0,0,0,0,2,4,0,1,0,0,0,0,0,3,0,1,0,2,1,4,1,1,2,2,0,1,0,2,0,0,0,0,0,3,2,1,0,1,4,0,0,0,4,5,1,1,0,3,2,0,7,1,0,0,1,0,3,3,0,1,1,0,7,1,3,2,0,2,1,0,0,1,5,0,2,4,0,0,0,0
FOODS_3_560,FOODS_3,1,2,6,2,4,2,4,2,3,4,4,4,1,1,4,8,4,6,3,3,1,4,2,0,2,3,3,1,0,1,3,2,5,1,0,0,1,0,0,3,1,5,4,5,3,3,4,2,8,0,2,6,7,3,3,1,4,9,5,2,4,6,1,0,6,1,1,3,1,7,4,10,2,5,1,0,1,2,4,3,4,2,4,1,6,2,0,5,6,4,1,3,0,2,2,0,1,4,2,1
FOODS_3_422,FOODS_3,9,1,1,0,1,0,2,4,1,3,2,3,3,3,5,4,0,4,3,3,2,4,6,4,1,3,2,2,2,3,6,1,2,1,6,4,3,1,2,3,1,4,3,3,1,0,1,5,2,8,0,3,3,3,3,2,4,2,0,0,0,4,1,4,2,2,2,0,1,1,9,2,3,1,0,1,2,1,1,4,3,6,4,0,2,5,7,3,2,3,0,0,2,4,3,2,0,5,2,2
FOODS_3_239,FOODS_3,4,1,2,0,1,0,0,2,2,1,0,3,0,1,0,0,0,1,0,0,1,3,1,2,0,1,1,0,2,0,0,0,1,0,3,5,1,0,0,0,0,1,0,1,0,3,2,0,2,2,1,0,0,1,1,2,1,0,1,1,0,1,1,1,0,2,0,1,0,0,5,1,1,0,0,1,0,0,1,1,0,1,2,0,1,0,4,2,0,1,1,1,4,0,1,1,2,0,2,2
FOODS_3_092,FOODS_3,4,2,4,0,0,5,0,2,1,1,0,0,6,0,0,0,0,1,0,4,2,1,3,0,1,1,3,3,0,0,3,2,0,4,1,0,3,5,0,1,2,1,4,1,1,6,1,2,1,2,1,2,3,0,0,3,1,1,2,1,0,0,7,3,2,0,1,1,0,0,4,1,6,2,4,0,0,0,0,0,0,0,0,0,0,0,0,0,0,0,0,0,0,0,0,0,0,0,0,0
FOODS_2_022,FOODS_2,0,2,1,1,1,0,1,0,1,0,0,0,0,2,1,2,0,3,3,0,2,1,2,1,0,2,0,2,0,2,1,0,1,1,0,0,4,0,2,0,1,4,0,1,0,1,3,0,2,1,0,0,2,3,0,1,1,2,4,2,1,0,0,1,0,0,0,1,0,0,1,2,0,1,3,0,1,0,1,0,1,1,3,0,0,2,0,1,0,2,2,3,0,1,1,2,2,0,0,2
FOODS_3_571,FOODS_3,2,1,2,0,1,0,0,1,2,0,0,1,0,0,4,6,0,1,2,1,2,2,1,1,1,2,0,1,3,2,2,0,0,2,3,2,2,1,0,0,1,1,4,1,0,2,1,1,0,1,2,2,1,1,0,0,1,1,0,0,3,2,0,0,2,2,1,0,0,0,0,0,0,0,0,0,0,0,0,0,0,0,1,0,0,0,0,1,2,0,1,2,0,0,0,0,0,1,2,0
FOODS_3_653,FOODS_3,1,1,2,2,1,1,3,4,1,6,2,2,0,4,4,3,2,2,1,3,0,2,5,1,2,1,0,0,1,4,0,6,1,1,2,4,4,3,1,3,4,1,3,3,0,3,0,2,2,2,3,1,3,0,2,3,3,4,2,0,5,2,4,1,3,2,2,2,1,1,1,4,3,3,2,5,1,3,3,2,3,4,2,2,5,2,4,1,0,0,1,3,2,0,0,3,2,0,1,0
FOODS_2_398,FOODS_2,2,1,0,1,7,3,1,1,14,0,0,0,1,1,3,1,0,3,3,0,3,6,2,2,0,1,1,1,5,3,0,2,3,3,0,1,0,0,9,0,0,0,5,0,4,2,1,2,6,2,2,1,1,2,0,2,4,1,5,2,4,0,0,0,3,0,0,1,5,4,1,0,2,1,0,0,1,0,0,0,0,2,2,1,3,2,0,3,0,1,0,6,3,4,2,1,1,3,3,2
FOODS_3_784,FOODS_3,1,0,7,3,1,7,1,1,0,1,0,1,0,0,0,1,1,1,0,4,2,2,0,0,0,0,7,0,1,2,0,0,1,0,6,0,0,0,0,0,0,0,1,0,2,0,0,2,0,0,1,0,2,0,0,0,5,7,0,0,6,0,3,0,2,1,1,3,0,0,1,0,0,2,0,0,0,1,3,2,0,0,1,0,3,0,1,0,0,2,0,1,0,4,0,2,5,3,5,1
FOODS_3_141,FOODS_3,3,0,0,0,0,1,0,0,0,2,1,0,2,0,0,2,0,1,0,2,1,0,1,2,1,0,1,1,1,0,1,2,0,1,0,2,1,1,0,0,0,0,0,1,2,0,1,1,0,0,0,1,0,1,0,2,0,1,1,2,2,0,1,1,0,1,0,1,1,0,2,1,2,1,0,0,0,2,1,1,0,0,2,0,6,0,0,0,0,0,0,1,2,0,1,0,0,1,0,0
FOODS_3_684,FOODS_3,1,1,2,1,2,2,5,4,3,5,1,5,0,1,4,2,2,0,2,1,0,2,2,3,1,1,7,1,0,1,1,1,6,0,3,2,1,4,3,4,0,4,1,4,0,0,0,2,1,2,4,0,3,3,3,3,3,4,4,2,0,0,1,2,3,0,0,1,1,1,3,4,0,1,2,1,0,1,1,4,4,1,3,2,3,0,4,2,0,0,0,2,4,0,1,1,0,3,0,0
FOODS_1_021,FOODS_1,3,2,0,3,1,4,0,1,1,1,0,2,3,0,7,0,0,0,0,0,1,3,0,2,1,0,2,0,1,1,0,0,3,0,1,1,2,0,1,1,2,3,7,3,2,1,1,2,0,2,1,3,1,1,2,4,2,1,1,2,0,1,1,1,2,2,1,0,3,1,1,0,4,0,0,1,0,0,3,0,0,3,0,0,0,2,0,2,0,0,6,1,4,0,3,0,2,0,0,2
FOODS_3_624,FOODS_3,2,2,5,0,0,3,1,4,1,3,1,3,0,1,4,0,0,8,2,4,0,0,2,0,2,0,1,2,1,0,0,0,1,6,0,1,1,0,1,0,1,1,3,0,1,5,0,1,2,3,0,0,4,1,2,1,3,0,2,1,0,1,1,0,1,2,2,0,1,0,0,1,1,1,0,0,1,2,2,0,1,1,3,2,1,1,0,1,0,0,3,0,0,0,1,0,23,0,0,0
FOODS_1_115,FOODS_1,2,0,1,0,2,0,1,1,2,1,1,0,0,1,0,3,5,0,2,0,2,1,1,0,0,4,1,1,0,2,0,9,0,0,0,1,2,2,0,0,0,0,2,0,0,0,1,1,0,1,0,1,2,1,1,0,1,2,1,0,0,1,0,3,1,0,2,0,3,0,1,2,0,1,1,0,1,3,0,0,1,1,2,3,1,2,1,0,4,1,0,1,0,0,1,1,1,0,0,3
FOODS_1_028,FOODS_1,1,0,0,0,0,0,0,0,0,0,0,0,0,0,0,0,0,0,0,0,0,0,0,0,0,0,0,0,0,1,0,0,0,0,0,0,0,0,0,0,0,0,0,0,0,0,0,0,0,0,1,0,0,0,0,0,0,0,0,0,0,0,0,3,6,4,1,1,2,3,6,2,1,4,5,3,2,0,0,0,1,5,1,0,5,3,1,0,1,0,0,0,0,0,0,0,1,0,1,5
FOODS_2_135,FOODS_2,0,3,7,0,0,0,0,2,0,1,1,1,9,1,2,1,0,0,0,1,1,3,1,1,0,2,0,0,0,0,0,0,0,0,1,2,0,1,1,1,0,0,2,6,1,0,0,0,2,0,5,0,1,0,3,1,1,2,2,0,0,0,0,3,0,5,0,0,0,0,4,4,0,0,0,3,1,0,1,3,0,0,0,2,5,0,0,1,1,5,1,0,0,0,2,6,1,0,1,5
FOODS_3_525,FOODS_3,0,1,0,2,2,3,4,5,0,1,0,1,1,2,0,0,1,1,1,4,1,2,2,0,2,0,3,2,1,1,1,0,1,2,1,2,0,0,0,2,1,0,2,48,19,18,19,12,2,4,2,2,1,1,0,3,0,2,0,0,0,0,0,0,0,1,4,2,0,2,1,2,2,1,1,2,0,0,0,1,1,4,2,1,1,3,3,2,2,0,1,1,0,1,0,0,0,0,0,0
FOODS_3_629,FOODS_3,1,1,3,0,0,3,1,2,2,1,1,2,0,0,2,1,1,1,0,1,1,1,2,0,0,0,0,0,3,0,2,1,1,0,0,2,2,0,0,2,4,1,2,1,0,0,1,2,0,1,1,1,1,1,1,0,2,4,0,0,1,1,2,1,2,2,0,1,0,0,3,1,3,0,1,0,1,1,0,0,1,1,2,0,1,0,2,0,2,1,1,0,0,1,0,0,0,2,2,0
FOODS_2_211,FOODS_2,1,1,1,0,1,1,3,1,1,0,1,2,1,0,0,1,1,0,0,2,3,2,0,0,0,1,0,0,0,3,1,0,1,0,1,0,0,0,0,0,0,0,0,0,0,0,0,0,1,3,2,3,1,1,1,0,0,4,1,0,2,1,1,0,2,0,1,0,1,0,2,0,1,4,0,0,2,0,3,1,1,0,1,1,0,1,2,0,1,0,0,0,0,0,1,0,1,2,0,0
FOODS_2_334,FOODS_2,5,3,4,0,1,1,4,3,3,4,2,2,5,0,4,5,7,2,2,6,6,7,6,13,0,0,0,1,4,4,3,7,2,3,1,2,4,3,2,2,0,5,2,3,1,1,5,4,3,2,7,4,4,5,1,3,3,5,9,1,3,1,0,2,6,5,3,4,7,1,4,2,1,1,1,2,2,4,1,4,2,2,1,2,4,6,4,3,3,4,1,4,4,5,2,1,3,2,1,2
FOODS_3_606,FOODS_3,1,0,3,1,3,3,2,3,3,4,0,0,0,1,2,2,0,2,1,1,1,2,2,4,1,1,3,1,1,5,1,2,1,3,1,1,2,3,1,1,1,1,0,1,1,1,0,2,1,0,2,3,3,2,1,0,2,1,2,5,2,0,1,1,5,2,0,1,3,0,0,1,0,0,0,3,1,1,1,2,2,0,0,2,1,1,2,1,1,0,0,3,6,1,1,0,1,1,2,1
FOODS_3_183,FOODS_3,3,0,1,5,0,1,4,1,1,2,6,3,2,1,1,3,2,2,2,2,1,1,3,0,2,0,1,1,1,4,3,0,0,0,0,3,0,2,2,3,0,2,1,0,3,3,2,3,1,1,3,1,1,1,0,6,5,2,1,1,1,3,3,1,1,2,1,4,2,0,2,4,0,2,1,2,0,2,6,5,2,2,2,0,3,1,3,0,1,2,0,3,2,0,3,0,3,3,4,3
FOODS_1_097,FOODS_1,1,1,0,0,6,0,0,1,1,0,2,1,1,1,4,6,2,3,0,5,2,1,3,2,0,2,1,1,0,4,0,6,4,1,2,0,3,2,0,0,1,2,3,0,2,3,2,1,0,0,3,0,1,1,2,1,1,2,5,1,2,0,0,7,1,0,2,0,1,1,3,3,4,2,0,1,1,4,4,1,1,0,4,2,0,5,6,1,1,0,8,0,0,3,1,3,1,2,2,1
FOODS_2_316,FOODS_2,1,0,0,0,2,1,0,1,3,4,1,5,6,7,5,3,0,0,0,0,0,0,0,0,0,0,0,0,0,0,0,0,0,0,0,0,0,0,0,0,0,0,0,0,0,0,0,0,0,0,0,0,0,0,0,0,0,0,0,0,0,0,0,0,0,0,0,0,0,2,4,2,2,3,3,2,3,2,7,6,5,4,4,5,3,5,7,4,3,5,4,4,4,0,5,4,4,4,1,1
FOODS_2_375,FOODS_2,2,2,1,1,1,0,0,3,3,2,0,0,0,0,0,1,0,1,0,1,3,1,2,5,0,1,1,0,0,1,0,1,2,0,0,0,1,2,0,0,1,0,0,0,0,1,0,1,1,2,0,0,2,0,3,0,1,1,4,2,0,0,0,0,1,0,1,0,2,0,2,1,1,0,0,0,2,3,2,1,0,0,0,0,1,4,0,1,2,0,2,0,1,1,2,2,2,0,0,4
FOODS_1_080,FOODS_1,2,5,1,0,2,1,2,2,4,0,1,3,3,0,1,3,1,0,0,0,0,2,2,0,0,0,0,0,0,0,1,1,0,1,2,3,0,0,4,0,1,2,1,0,0,1,4,0,2,2,0,2,5,0,0,1,2,1,0,1,0,0,1,3,0,0,4,0,0,2,1,0,0,0,0,3,0,2,0,1,3,0,0,0,0,0,0,0,0,0,0,0,0,0,0,0,0,0,0,0
FOODS_2_157,FOODS_2,2,0,0,1,0,0,2,2,1,1,0,1,1,0,1,1,2,2,1,0,2,1,0,2,0,1,0,0,0,1,1,0,2,0,1,0,2,2,0,1,1,2,3,0,1,2,0,1,1,1,1,3,0,1,2,1,3,2,1,1,2,1,0,0,2,3,1,4,2,1,1,5,1,1,1,0,0,2,0,0,0,0,1,0,0,1,2,0,1,0,0,1,1,0,1,1,0,0,3,2
FOODS_1_051,FOODS_1,4,4,1,0,5,0,3,4,4,1,0,2,2,1,2,1,0,4,1,1,4,0,2,3,3,3,6,0,7,1,6,0,0,2,1,2,3,0,2,1,1,1,1,2,0,0,6,3,6,1,0,0,5,1,0,1,2,2,2,4,3,0,0,0,0,0,6,2,5,4,1,3,5,2,4,2,0,2,1,2,2,0,2,2,2,5,1,3,0,0,1,1,0,0,3,1,2,4,2,0
FOODS_1_145,FOODS_1,1,0,0,0,3,1,6,2,2,3,0,8,2,0,2,2,1,5,4,4,0,1,0,1,1,2,0,4,5,4,1,2,2,1,0,4,2,0,0,1,3,2,2,3,1,3,1,0,0,0,10,3,0,1,6,2,1,2,8,1,2,0,2,2,4,2,2,1,3,0,7,1,0,0,3,2,0,2,0,0,2,3,4,3,1,2,1,3,5,0,3,1,0,4,0,5,0,6,4,2
FOODS_1_185,FOODS_1,2,0,0,0,0,0,0,2,1,1,1,0,1,2,2,0,0,0,1,0,1,1,0,1,4,2,2,0,0,0,0,2,0,5,2,1,0,0,1,0,0,2,5,2,1,1,2,0,1,1,0,0,0,0,0,2,0,0,1,2,0,1,2,1,1,0,2,0,0,1,2,3,0,6,0,0,0,0,0,0,0,0,0,1,2,2,7,2,2,1,0,1,2,3,4,0,1,1,1,3
FOODS_1_195,FOODS_1,0,0,0,0,0,2,0,0,3,1,0,3,1,0,2,1,1,3,0,0,0,0,1,0,0,1,0,1,0,0,0,0,0,1,4,0,2,0,0,1,0,3,0,2,1,1,1,0,0,1,2,1,0,0,0,0,0,0,0,2,1,0,0,1,0,2,0,0,0,0,1,1,1,1,0,0,1,1,1,0,1,2,0,0,0,0,2,0,0,1,1,1,1,0,1,0,0,0,1,8
FOODS_3_035,FOODS_3,1,0,0,0,1,2,0,1,0,0,0,0,0,0,1,0,0,1,0,1,0,0,1,0,0,0,1,0,0,2,0,1,0,1,1,1,1,2,0,0,3,2,0,1,1,0,1,0,1,0,1,1,0,0,0,1,0,1,1,0,2,0,0,0,3,0,1,0,0,1,0,0,0,0,0,0,0,1,1,1,1,0,0,0,2,2,0,0,0,0,0,0,0,0,0,0,2,4,0,1
FOODS_3_781,FOODS_3,0,1,0,0,0,0,0,1,0,0,1,0,0,0,0,1,1,0,0,0,0,0,2,0,0,0,0,0,0,0,0,1,0,0,0,0,0,0,0,0,0,0,1,1,0,0,0,0,0,0,0,0,0,0,0,0,0,0,0,0,0,0,0,0,0,0,0,0,0,0,0,0,0,0,0,0,0,0,0,0,0,0,0,0,0,0,0,0,0,0,0,0,0,0,1,0,1,0,1,0
FOODS_2_020,FOODS_2,3,0,2,0,1,3,0,2,0,0,0,2,0,0,2,2,1,2,1,0,1,4,3,3,0,0,2,0,0,2,3,2,4,1,1,0,0,0,0,2,1,2,0,0,2,1,3,0,0,1,0,1,0,3,0,0,0,2,0,1,0,0,0,0,1,2,0,0,3,2,0,4,1,1,1,0,4,2,3,2,0,1,0,3,3,1,0,2,1,0,0,2,0,2,3,0,0,2,2,1
FOODS_2_137,FOODS_2,5,2,0,0,0,0,0,4,2,1,0,0,0,2,0,3,0,1,1,0,0,3,12,0,3,1,2,1,4,6,3,0,2,0,0,3,3,0,0,0,0,1,11,1,4,0,3,0,0,5,3,2,0,1,0,1,4,2,0,2,0,0,0,4,1,0,0,2,0,0,5,4,10,0,2,1,0,4,3,3,0,1,0,0,1,4,1,1,3,0,0,3,5,2,1,1,1,3,4,2
FOODS_2_085,FOODS_2,0,1,2,2,4,1,0,0,1,0,1,3,2,0,2,1,2,0,6,0,2,11,1,1,0,3,2,1,4,0,0,0,1,5,2,5,1,2,6,2,2,0,1,1,0,1,0,3,1,2,3,3,0,0,0,0,1,1,2,3,0,1,0,3,5,1,0,1,1,3,0,4,0,1,0,0,2,1,3,1,4,0,1,1,1,4,0,1,3,0,1,0,0,1,0,0,1,1,0,0
FOODS_3_414,FOODS_3,1,2,3,4,5,7,1,5,7,3,4,4,0,0,9,3,7,2,12,7,8,10,4,0,5,0,0,3,3,2,5,1,1,0,5,2,1,4,1,2,2,1,2,0,2,4,1,0,0,1,1,0,1,0,0,0,0,0,0,0,0,0,0,0,0,1,0,3,1,0,0,0,2,0,4,0,1,1,0,0,0,4,4,0,0,0,3,1,2,1,0,0,3,2,1,2,0,0,3,4
FOODS_3_152,FOODS_3,2,3,8,2,0,0,4,3,1,2,2,3,4,1,1,3,1,1,2,1,0,3,5,4,4,1,0,3,1,3,3,1,0,1,3,4,4,6,5,0,0,0,0,0,0,0,0,0,0,0,0,0,0,0,0,0,0,0,0,0,0,0,0,0,0,0,0,0,0,0,0,0,0,0,4,2,2,2,7,5,5,4,2,2,9,6,5,1,5,2,1,6,8,3,2,3,3,3,4,7
FOODS_3_078,FOODS_3,0,2,0,0,0,0,0,1,1,1,0,0,0,0,0,1,0,1,0,0,0,1,0,0,0,1,0,0,0,3,0,1,0,0,1,0,0,0,0,1,0,1,0,2,0,0,0,0,0,0,0,0,2,1,1,0,1,1,2,0,0,0,0,0,0,0,0,0,1,0,2,0,0,0,1,0,0,0,2,1,0,0,1,0,0,0,0,0,0,0,0,0,1,0,0,1,0,0,0,1
FOODS_3_001,FOODS_3,4,2,6,0,1,0,0,0,0,0,0,0,1,1,1,2,2,2,1,0,0,1,2,2,3,7,2,3,3,1,0,1,1,0,0,3,0,3,2,0,2,1,2,1,0,6,2,1,1,1,5,1,4,5,0,0,0,6,0,0,3,6,2,0,6,2,0,3,4,0,0,2,3,2,2,0,2,6,1,4,0,2,0,0,0,0,2,0,4,3,2,2,3,2,3,6,6,2,4,8
FOODS_3_698,FOODS_3,0,0,0,0,0,0,0,0,0,0,0,0,0,0,0,0,0,1,0,1,2,2,2,3,2,3,4,3,1,0,2,1,5,2,0,0,1,0,2,0,0,0,0,1,0,2,1,1,1,4,1,0,4,4,2,0,2,5,1,5,1,3,2,3,4,3,1,0,6,0,1,1,1,1,0,1,2,3,1,1,2,2,3,1,0,5,3,3,0,0,1,1,1,1,2,4,2,0,5,2
FOODS_3_405,FOODS_3,0,0,0,1,0,5,2,0,0,0,2,2,1,1,2,0,1,2,4,0,2,3,1,1,2,2,5,1,0,1,3,1,0,0,0,1,2,0,2,0,10,0,2,3,1,2,0,0,1,0,1,3,1,2,3,1,0,0,3,0,0,0,2,1,2,2,2,2,0,0,1,2,1,1,2,1,2,0,2,3,1,1,0,3,4,1,0,0,1,3,1,6,2,1,1,2,1,0,1,0
FOODS_2_302,FOODS_2,1,0,3,1,1,0,1,2,0,1,5,0,0,0,1,3,2,2,2,2,1,3,3,4,0,4,0,4,4,3,1,5,0,1,1,3,2,0,0,0,1,0,3,2,2,0,3,2,1,2,3,3,4,1,2,1,1,1,5,3,0,1,1,3,2,2,1,1,3,2,1,3,1,0,0,2,0,1,1,1,1,0,1,3,3,1,1,4,2,1,0,2,1,3,0,2,0,0,1,3
FOODS_3_599,FOODS_3,5,6,0,5,8,5,4,8,4,5,6,7,1,2,2,3,2,2,1,2,1,2,3,3,0,1,13,1,6,1,2,3,4,5,1,6,0,2,2,4,1,6,5,8,1,3,7,0,6,4,0,0,0,0,5,2,6,3,6,2,7,3,1,7,5,2,0,8,3,4,5,3,4,2,8,7,6,0,11,11,2,0,6,7,7,4,2,1,3,7,3,2,3,3,2,8,3,5,3,5
FOODS_2_219,FOODS_2,2,0,0,1,3,0,1,2,2,4,0,5,0,6,0,4,2,1,3,0,2,1,2,2,0,1,1,3,2,4,0,7,2,0,2,4,0,2,0,0,0,6,3,1,1,0,0,0,2,0,5,0,5,0,0,3,2,2,3,0,0,0,2,2,1,1,2,3,1,4,0,5,0,1,0,3,3,1,3,0,2,0,1,2,2,1,0,2,1,0,5,0,4,3,1,4,2,2,1,4
FOODS_3_222,FOODS_3,0,0,1,1,1,1,1,0,0,0,1,1,4,3,0,0,1,1,2,1,5,1,0,2,2,0,1,0,3,1,0,2,2,2,2,0,1,1,1,0,1,1,0,0,0,3,1,0,1,1,2,1,1,3,0,0,3,1,2,2,2,1,2,4,1,0,2,1,0,2,2,4,3,1,2,0,3,1,1,3,1,0,1,3,0,3,1,1,2,0,0,2,1,1,1,0,0,0,1,0
FOODS_3_057,FOODS_3,4,2,1,1,0,4,2,2,0,2,2,0,1,0,2,2,2,2,0,0,0,0,0,0,0,0,0,0,0,0,0,0,0,0,0,0,0,0,0,1,0,3,1,0,2,1,2,1,3,3,1,2,1,0,0,3,0,2,0,0,0,0,0,0,0,0,0,0,0,0,0,0,0,0,0,0,0,0,0,0,0,0,0,2,2,6,0,2,2,2,0,1,1,0,0,3,0,1,1,1
FOODS_3_197,FOODS_3,3,1,0,0,1,0,0,0,0,1,0,1,2,2,2,1,0,2,0,1,2,2,1,2,4,0,0,1,4,0,1,0,0,1,0,0,0,2,0,1,0,0,2,0,0,0,0,3,0,4,0,1,6,0,0,0,0,1,1,1,0,1,1,1,0,3,1,0,0,0,0,4,0,1,2,1,0,1,1,0,1,3,0,1,2,3,1,1,0,0,0,0,1,1,1,0,0,0,0,10
FOODS_3_130,FOODS_3,0,0,1,0,0,0,0,0,0,0,0,1,0,0,0,0,0,0,0,0,0,0,0,0,0,0,0,0,0,0,0,0,0,2,2,2,1,2,3,2,2,0,3,2,1,1,3,1,1,1,2,2,3,0,1,2,2,5,6,4,1,1,2,2,4,3,2,0,0,3,0,5,2,0,0,0,0,0,0,1,2,4,2,2,0,1,6,1,0,0,3,4,10,4,8,1,4,0,4,2
FOODS_2_070,FOODS_2,1,6,4,3,3,2,1,1,9,1,8,4,2,1,1,3,4,0,5,0,0,0,0,0,1,0,0,0,3,0,0,0,0,0,0,0,0,0,1,0,0,0,0,0,0,0,0,0,0,0,0,0,0,0,0,0,0,1,0,0,0,0,0,0,0,0,1,0,0,0,0,0,0,0,0,0,0,0,0,0,0,0,0,0,0,1,0,0,0,0,0,0,0,0,0,0,0,0,0,0
FOODS_3_325,FOODS_3,1,0,0,0,1,1,0,0,0,0,1,0,0,0,0,0,0,0,0,0,1,1,3,2,1,5,1,1,1,2,1,3,2,3,0,0,3,1,0,0,1,3,0,0,3,1,1,1,1,4,1,0,2,1,0,1,1,1,2,2,2,3,1,0,1,0,1,3,3,1,1,0,0,1,3,0,0,0,0,2,1,0,1,2,2,4,0,2,0,2,0,2,1,0,1,0,4,0,2,3
FOODS_3_603,FOODS_3,26,13,15,7,19,9,8,14,29,18,20,28,5,3,15,16,10,18,21,9,6,7,49,16,36,9,2,1,3,5,3,5,3,5,0,4,6,1,3,4,6,2,4,0,0,7,5,3,13,1,0,1,10,4,2,1,3,3,1,0,2,2,5,6,8,2,14,0,1,0,0,2,2,0,7,6,3,5,5,3,2,11,8,0,5,3,3,0,4,2,0,1,0,0,1,3,6,0,1,6
FOODS_2_149,FOODS_2,0,5,2,1,1,2,2,1,2,2,3,0,0,1,3,0,2,0,0,1,5,2,1,2,1,3,2,3,1,1,3,0,2,0,0,0,4,4,0,1,2,2,1,0,2,1,2,0,2,1,1,1,2,3,1,2,0,1,1,3,2,1,0,1,1,2,2,0,1,1,2,1,0,0,0,0,0,0,1,0,1,0,0,3,0,3,1,1,1,0,1,3,0,0,1,1,2,0,0,0
FOODS_1_152,FOODS_1,0,0,2,0,1,0,0,0,1,1,1,1,0,0,2,0,1,1,0,1,0,2,1,1,2,1,2,0,1,3,1,0,0,0,2,1,0,1,3,1,1,1,1,2,2,0,0,1,2,1,0,0,0,0,0,6,2,0,0,0,0,0,0,0,0,0,1,3,0,1,1,1,0,0,0,2,4,2,1,1,0,1,4,3,0,0,0,1,1,0,0,0,0,0,0,1,3,0,0,0
FOODS_1_003,FOODS_1,1,0,0,0,2,0,1,0,1,1,0,0,0,1,0,1,2,2,2,0,0,1,3,0,1,0,0,1,2,1,1,0,2,0,0,1,1,0,0,0,0,1,1,1,0,0,1,2,3,1,1,0,0,0,0,3,1,1,3,0,0,0,0,1,2,3,0,3,0,0,4,0,1,1,0,1,0,0,3,0,0,1,3,0,1,1,0,0,0,3,1,0,3,2,4,0,0,0,0,3
FOODS_3_286,FOODS_3,0,2,1,0,1,0,0,2,0,2,1,1,0,2,2,0,0,4,1,0,0,0,2,0,2,1,2,0,1,1,1,0,0,1,1,1,2,1,1,2,0,1,1,0,0,0,1,0,0,1,3,1,1,0,0,2,1,1,2,0,1,0,3,1,2,0,2,2,0,0,1,1,2,2,0,0,0,0,3,3,1,0,2,2,1,3,1,2,0,0,3,2,1,1,0,0,2,1,1,3
FOODS_1_207,FOODS_1,1,0,3,1,0,0,2,4,2,1,3,0,4,0,2,1,1,0,0,4,1,2,2,1,0,1,0,1,0,2,0,1,2,2,2,4,2,3,5,3,4,2,7,4,3,0,4,1,0,1,6,0,4,0,0,2,3,0,0,2,2,3,3,0,0,1,0,1,1,0,1,0,1,3,0,1,0,0,0,4,1,1,2,1,2,0,0,0,1,3,2,1,1,0,3,3,0,2,1,5
FOODS_3_384,FOODS_3,0,1,2,0,1,1,0,2,1,2,0,0,1,0,1,2,0,1,1,1,0,0,1,1,0,2,1,0,3,1,0,0,0,0,1,1,0,1,0,0,0,0,1,0,1,0,1,1,0,1,1,0,1,0,1,0,1,0,1,0,0,0,1,1,2,0,0,0,0,0,1,0,1,0,0,0,0,0,0,0,0,0,1,0,1,0,0,0,0,1,1,2,0,0,1,1,0,0,1,4
FOODS_3_352,FOODS_3,0,1,0,0,0,0,0,0,0,0,0,0,0,0,0,0,0,0,0,0,0,0,1,3,0,2,2,1,3,3,5,1,0,1,0,1,2,1,1,1,0,1,1,1,0,0,0,1,1,2,0,0,0,2,3,2,1,3,1,0,0,1,1,4,0,1,0,0,4,1,3,2,2,1,0,1,1,0,2,1,0,3,0,1,1,4,0,1,1,0,0,2,1,0,1,0,1,1,3,2
FOODS_2_126,FOODS_2,2,2,0,3,1,1,1,2,3,0,3,1,2,0,2,2,4,0,1,3,0,1,10,0,0,0,2,1,1,1,3,3,2,2,0,4,4,7,3,2,0,3,4,5,0,2,1,2,1,1,5,2,3,3,4,4,1,1,2,2,3,0,0,4,2,4,5,3,1,2,4,1,1,2,2,2,0,0,0,0,0,0,0,0,0,0,0,0,0,0,0,0,1,3,1,2,1,0,2,1
FOODS_3_748,FOODS_3,0,2,2,1,2,0,2,2,1,0,0,9,0,0,0,1,1,1,3,1,2,1,1,2,2,3,1,1,1,2,1,1,0,3,0,0,1,1,2,0,1,0,1,0,1,2,1,0,0,3,2,2,2,0,1,1,3,0,2,0,1,0,2,1,2,0,1,0,1,2,0,0,3,1,2,1,1,1,1,2,2,1,1,1,3,2,1,2,2,0,2,2,0,0,2,2,1,2,0,1
FOODS_1_066,FOODS_1,14,0,0,0,1,0,2,1,0,1,0,2,0,1,2,4,0,1,1,0,0,0,0,1,2,0,1,1,0,5,0,2,1,1,3,0,1,0,0,0,0,1,0,3,0,0,0,0,2,1,1,1,0,0,0,0,10,0,0,0,0,0,0,0,0,0,0,0,1,0,2,7,0,0,0,0,0,1,3,1,0,1,1,0,5,0,1,0,1,0,0,0,0,2,0,0,0,1,0,0
FOODS_3_825,FOODS_3,0,4,1,2,3,3,3,3,5,3,1,2,5,1,2,1,0,1,1,0,0,1,4,1,2,3,0,1,0,10,0,2,6,3,1,0,0,2,1,2,2,2,2,5,1,1,4,3,3,4,3,2,5,2,2,2,2,5,0,2,2,2,3,0,4,3,3,0,0,3,3,6,2,1,0,1,3,2,4,4,1,2,1,3,5,3,2,3,1,0,1,1,1,1,1,0,3,1,2,1
FOODS_3_707,FOODS_3,0,0,0,0,0,0,0,0,0,0,0,0,0,0,0,0,0,0,0,0,0,0,0,0,0,0,0,0,0,0,0,0,0,0,0,0,0,0,0,0,0,0,0,0,0,0,0,0,0,0,0,0,0,0,0,0,0,0,0,0,0,0,2,0,0,0,0,0,0,0,0,0,0,0,0,0,0,0,0,0,0,0,0,0,0,3,0,4,1,2,2,0,4,1,0,1,2,4,2,4
FOODS_3_287,FOODS_3,1,0,0,2,0,3,2,1,4,1,0,0,0,2,1,4,1,2,1,1,0,2,2,0,0,0,0,0,1,0,1,0,2,1,1,3,3,1,0,0,0,3,1,0,0,0,1,0,0,2,1,2,0,0,1,0,1,2,2,0,0,1,0,1,3,3,1,1,0,0,0,2,2,2,0,0,0,1,3,0,0,0,1,2,0,1,2,1,0,1,0,1,2,0,0,3,0,0,1,0
FOODS_3_094,FOODS_3,0,3,0,4,3,1,0,3,5,4,2,2,0,0,4,6,2,1,0,0,1,0,3,4,0,2,2,0,5,3,1,2,0,2,1,0,3,2,2,0,1,1,3,2,1,3,3,1,1,1,3,0,2,0,1,1,3,3,1,0,2,3,0,1,1,1,0,1,1,0,4,3,0,6,1,3,1,1,2,2,1,0,1,1,2,1,1,1,2,1,2,1,3,3,2,1,1,0,5,2
FOODS_1_117,FOODS_1,5,4,2,1,0,2,0,0,1,0,1,0,0,0,0,3,2,0,0,0,1,1,1,0,2,6,1,2,0,0,2,0,1,0,1,0,1,1,1,1,1,1,4,6,4,0,4,0,0,0,0,0,0,0,0,1,0,1,2,1,1,1,0,0,0,1,1,0,3,1,1,0,4,0,2,0,1,1,0,1,0,1,0,6,2,3,5,1,1,0,0,1,4,0,1,0,0,0,0,2
FOODS_1_063,FOODS_1,0,0,0,0,0,0,0,0,0,0,0,0,0,0,0,0,0,0,0,0,0,0,0,0,0,0,0,0,0,0,0,0,1,3,3,0,1,4,2,0,3,0,3,2,0,0,1,1,0,0,1,2,3,1,0,1,0,4,2,5,1,3,1,1,1,0,0,1,0,0,4,2,0,0,1,0,0,2,1,1,1,0,1,3,2,2,1,0,0,0,0,2,3,2,1,3,0,1,2,1
FOODS_2_216,FOODS_2,2,0,1,1,1,2,1,3,0,3,1,0,2,2,1,1,2,1,1,4,1,3,3,2,1,1,1,2,1,2,1,0,0,0,1,0,1,2,0,0,0,1,1,0,3,0,4,2,1,6,0,3,1,1,0,0,1,5,1,1,1,0,2,3,0,3,0,1,0,3,0,0,1,0,1,0,3,1,1,0,1,2,1,4,1,1,2,0,2,0,1,1,1,1,1,1,0,0,0,2
FOODS_2_141,FOODS_2,4,2,4,2,1,1,1,3,2,0,0,1,4,1,0,0,1,4,3,3,0,0,6,2,1,1,3,5,1,0,0,0,4,0,4,1,4,1,1,2,2,4,2,2,0,2,0,1,2,0,2,1,2,1,2,2,0,2,0,1,0,2,4,1,1,1,2,1,0,3,0,4,1,0,1,0,1,1,4,2,0,3,0,1,5,1,1,2,0,2,1,0,1,1,1,2,0,0,0,1
FOODS_1_174,FOODS_1,1,2,0,1,0,2,1,1,0,2,1,0,0,0,0,0,0,0,1,0,1,0,0,0,0,1,2,0,1,0,0,0,1,2,2,3,4,1,0,2,3,2,0,1,0,1,0,1,1,0,1,1,3,0,0,0,0,1,0,1,0,1,0,0,0,0,0,0,0,0,1,0,0,0,0,1,0,0,0,0,1,2,0,0,0,2,1,0,0,2,0,0,1,1,1,0,1,2,3,3
FOODS_3_557,FOODS_3,3,1,0,0,0,0,3,0,0,0,0,0,1,0,2,0,1,1,0,0,0,1,0,0,0,0,0,1,1,0,0,0,0,0,1,0,0,0,0,0,0,0,0,0,0,0,1,0,1,0,0,0,0,0,8,3,7,4,7,3,4,3,4,5,1,2,8,1,5,4,5,6,1,0,3,4,0,0,0,0,7,10,3,0,0,2,1,2,5,4,6,3,9,2,3,3,1,4,9,8
FOODS_1_138,FOODS_1,1,2,1,0,0,4,0,0,4,0,1,2,3,2,1,0,0,1,0,3,1,2,2,1,13,4,0,0,1,2,1,1,0,2,2,8,2,0,9,5,3,3,1,0,0,2,0,5,2,2,1,0,3,0,3,1,2,10,0,1,4,5,2,6,2,2,0,0,3,1,8,1,0,0,1,3,1,0,0,4,1,1,4,0,0,0,0,2,1,0,1,0,6,5,1,0,5,0,2,3
FOODS_3_494,FOODS_3,1,0,3,0,3,1,1,0,0,0,0,0,1,2,2,3,1,0,0,2,0,0,0,0,1,0,0,0,0,2,3,3,0,0,1,0,1,2,0,0,0,1,0,0,2,1,1,1,0,1,3,1,0,1,0,2,1,0,1,0,1,0,0,0,0,1,0,0,0,1,0,2,2,0,0,0,0,0,0,5,0,0,0,0,0,1,1,2,1,0,0,0,2,2,0,0,0,0,1,0
FOODS_3_253,FOODS_3,1,8,1,0,2,3,0,2,2,2,5,3,3,4,4,1,3,3,4,1,3,2,4,1,3,3,1,3,3,1,2,1,0,0,4,1,3,3,0,1,1,2,4,0,0,2,2,3,2,4,2,2,1,4,1,3,3,5,3,0,2,0,1,2,2,1,3,2,1,1,2,2,2,4,2,4,1,1,3,3,3,1,2,0,3,2,2,3,5,2,1,2,3,1,1,1,0,0,1,4
FOODS_1_072,FOODS_1,4,0,6,1,2,2,0,1,7,1,2,0,4,0,1,1,7,0,0,0,1,0,3,0,0,2,0,2,4,5,0,4,5,1,0,3,3,0,11,0,1,2,3,2,2,2,0,0,4,2,2,1,4,0,0,7,0,4,3,3,2,0,2,5,4,0,1,4,0,3,1,1,1,1,0,1,1,0,4,4,1,0,5,1,0,1,3,1,2,0,0,0,3,2,0,0,0,7,2,2
FOODS_2_100,FOODS_2,5,0,1,0,0,0,0,2,4,0,0,0,0,1,0,0,0,1,0,2,1,0,1,0,0,0,2,0,0,0,2,0,1,0,0,0,0,0,0,0,1,0,2,0,2,6,3,1,0,0,1,0,0,0,2,0,0,3,0,0,4,0,0,0,1,2,1,1,2,1,2,0,1,0,0,1,1,3,1,1,0,0,3,1,0,2,0,1,0,1,0,1,0,1,0,3,2,0,1,5
FOODS_3_123,FOODS_3,0,0,0,0,0,0,0,0,0,0,0,0,0,0,0,0,0,0,0,0,0,0,0,0,0,0,0,0,0,0,0,0,0,0,0,0,0,0,0,0,1,0,0,0,0,0,0,0,2,1,2,1,1,2,0,2,2,1,0,0,0,0,1,2,1,1,3,0,3,2,3,0,2,0,1,0,0,1,0,2,2,0,2,2,0,2,2,1,1,0,0,1,0,0,1,0,1,0,8,5
FOODS_1_076,FOODS_1,2,1,0,0,1,0,2,0,1,0,1,1,1,0,2,3,2,1,1,1,0,2,3,1,0,2,4,2,0,1,1,2,0,0,1,0,0,1,0,2,5,3,0,4,1,0,3,0,1,0,0,5,1,1,0,2,3,1,2,1,2,0,2,2,2,1,2,0,1,1,0,0,5,1,0,2,2,2,0,2,0,2,3,2,3,3,3,4,1,3,5,1,2,2,1,4,0,3,2,0
FOODS_2_339,FOODS_2,0,3,2,0,0,1,3,0,0,1,0,0,1,1,3,2,2,3,0,0,0,1,6,0,2,3,0,1,0,1,1,3,1,2,4,6,6,3,0,0,0,0,0,3,0,0,2,4,1,1,6,4,0,0,0,0,0,1,1,2,1,0,0,0,2,0,1,0,1,1,0,0,2,1,1,5,5,1,1,0,0,1,2,0,0,2,0,0,3,0,3,1,1,2,0,2,1,1,1,0
FOODS_3_671,FOODS_3,1,0,0,4,1,0,1,2,5,1,2,0,1,0,1,4,0,1,0,0,0,1,1,1,0,0,3,0,0,2,0,0,0,0,0,0,1,1,2,0,0,0,1,1,0,0,2,0,2,1,3,1,2,1,0,1,0,2,0,1,1,0,1,0,5,0,2,1,1,1,0,0,2,1,0,0,1,1,1,0,0,0,0,0,0,2,3,1,1,3,1,0,1,2,0,1,0,1,1,4
FOODS_1_128,FOODS_1,0,0,0,1,0,0,1,2,0,1,0,2,0,0,0,2,0,0,1,2,0,5,0,1,1,2,0,0,0,3,10,2,0,2,0,0,1,0,1,0,2,2,2,3,1,3,0,2,1,1,0,1,0,0,0,0,0,1,2,3,0,0,0,0,3,0,1,0,0,2,0,0,0,1,5,2,0,1,4,0,0,2,0,0,0,1,0,0,0,0,0,0,1,1,0,0,0,1,0,5
FOODS_2_297,FOODS_2,1,1,0,1,0,0,0,2,4,1,0,0,0,1,0,1,0,0,0,3,0,0,0,1,3,2,1,0,0,2,1,0,0,0,0,0,0,0,0,0,0,0,0,1,1,0,0,0,1,6,0,0,0,0,1,0,0,1,2,0,3,0,2,1,2,1,1,1,0,0,0,0,2,0,0,0,1,0,1,1,0,1,0,0,0,0,0,0,0,0,1,2,0,1,0,1,1,1,1,2
FOODS_3_392,FOODS_3,3,0,3,0,0,2,1,2,1,1,1,2,2,2,0,0,1,2,0,0,0,0,1,3,4,2,0,0,0,1,1,1,0,1,1,1,1,0,3,1,0,0,2,1,1,2,2,0,3,4,0,0,0,0,1,2,2,1,2,2,2,2,3,0,3,1,0,1,3,0,0,2,1,1,2,0,1,0,1,1,1,0,0,1,3,0,0,0,0,1,0,3,2,1,1,2,1,4,0,3
FOODS_3_243,FOODS_3,0,2,4,0,0,2,1,1,2,1,0,2,0,1,0,1,1,2,1,2,1,1,1,1,4,0,0,1,2,3,2,0,0,0,0,1,1,1,1,0,2,0,1,1,0,0,0,1,0,0,1,2,1,1,0,2,2,0,1,0,0,0,1,0,2,0,3,1,0,1,0,3,1,0,0,0,0,2,2,1,0,2,1,0,2,2,0,1,1,2,0,3,0,2,0,3,0,0,0,0
FOODS_3_062,FOODS_3,2,1,6,1,2,0,0,3,2,2,0,3,3,1,0,2,1,0,1,0,0,1,2,2,4,0,0,1,1,0,6,1,0,2,1,0,3,6,2,0,0,1,1,1,8,6,1,10,1,0,1,1,2,0,0,0,1,1,3,2,1,1,1,0,2,2,4,8,3,0,2,1,0,1,5,1,0,1,3,0,2,6,0,0,0,0,0,0,2,3,1,0,0,1,1,1,0,0,1,4
FOODS_3_058,FOODS_3,3,2,3,6,3,1,1,2,4,1,0,2,3,2,2,3,4,9,1,1,0,2,6,2,2,1,0,9,2,6,2,0,1,1,4,1,6,1,2,1,4,0,1,3,0,1,1,0,0,2,3,2,1,2,4,2,4,7,0,4,2,2,3,6,0,3,0,1,2,2,8,1,2,1,3,0,0,3,1,1,2,0,2,2,0,1,4,4,9,2,1,2,5,0,1,5,5,2,0,2
FOODS_1_049,FOODS_1,0,2,3,2,0,1,3,0,1,0,0,0,0,0,0,0,0,0,0,0,0,0,0,0,0,0,0,0,0,0,0,1,2,0,0,1,0,2,0,3,0,0,4,2,3,1,0,0,0,0,1,0,1,0,0,0,2,1,0,0,0,0,1,1,2,2,0,0,0,0,3,0,1,0,0,0,0,1,0,1,4,0,3,1,0,1,2,0,0,0,0,0,7,0,0,3,0,0,1,2
FOODS_1_091,FOODS_1,0,0,0,0,0,0,0,0,0,0,0,0,0,0,0,0,0,0,0,0,0,0,2,0,0,0,0,0,0,0,0,0,0,0,0,0,0,0,0,0,0,0,0,0,0,0,0,0,0,0,0,0,0,0,0,0,0,0,0,0,0,0,0,0,0,0,0,0,0,0,0,0,0,0,0,0,6,4,8,1,1,2,2,2,0,0,0,3,1,0,6,1,7,0,0,1,2,1,0,1
FOODS_3_103,FOODS_3,2,0,1,0,2,2,1,0,0,1,1,0,0,4,0,0,2,0,0,1,2,1,1,3,1,0,0,0,2,1,0,3,3,1,0,0,0,0,2,0,2,1,2,1,4,0,1,0,1,1,0,1,1,2,2,1,1,2,3,2,0,2,0,3,0,0,0,0,1,2,3,1,1,0,0,1,3,1,0,1,1,3,1,2,1,1,4,0,3,0,2,1,2,3,0,2,0,1,0,1
FOODS_3_159,FOODS_3,0,0,0,0,0,0,2,1,0,0,0,0,1,0,1,0,3,0,0,0,1,0,0,2,0,0,2,0,0,3,1,0,2,1,0,0,0,0,3,0,1,0,3,2,1,0,0,0,2,0,0,1,1,1,3,0,0,1,0,1,0,1,1,0,2,1,1,0,0,0,0,0,2,0,0,1,0,1,0,0,1,0,0,0,1,0,1,0,0,1,1,0,0,1,2,0,0,0,1,0
FOODS_3_395,FOODS_3,1,1,0,2,0,0,0,0,1,0,2,1,0,0,1,2,0,1,0,1,0,3,1,0,0,0,1,0,0,0,1,0,0,1,0,0,0,0,0,0,0,1,0,0,0,0,0,0,2,1,3,0,1,2,0,4,0,0,0,0,0,0,0,0,0,0,1,0,0,0,1,2,0,0,0,1,0,0,1,0,1,1,0,2,1,0,1,1,0,0,3,1,1,0,1,0,4,1,0,0
FOODS_3_539,FOODS_3,0,0,1,0,0,0,1,0,0,1,0,1,1,0,1,2,0,1,1,2,0,1,0,1,1,0,1,0,1,2,3,1,0,0,1,2,0,1,0,0,1,0,2,3,1,0,0,0,0,2,0,2,0,0,0,2,0,1,2,0,0,1,2,0,0,0,1,0,0,0,0,3,0,0,0,0,0,1,1,2,4,1,0,0,2,1,0,2,0,0,0,0,3,2,1,0,4,0,0,0
FOODS_1_202,FOODS_1,8,1,1,5,0,0,1,0,1,0,0,1,1,1,2,3,0,2,1,0,0,3,1,2,0,0,0,0,0,0,0,0,2,0,1,0,1,2,0,2,1,1,1,6,1,0,0,0,1,1,0,0,1,1,0,0,0,1,1,4,0,0,1,9,0,3,5,2,2,0,2,3,0,0,1,1,1,0,3,0,1,1,1,0,1,0,1,0,0,0,1,0,0,0,0,0,0,0,0,0
FOODS_3_542,FOODS_3,0,0,1,4,1,0,1,1,0,1,1,0,0,0,0,3,1,0,2,1,0,1,3,0,1,0,0,2,0,2,0,0,0,0,0,0,0,0,2,0,0,0,1,1,0,1,0,0,0,0,0,0,0,1,1,0,1,0,1,0,0,0,0,0,1,0,0,0,0,2,0,0,0,1,0,1,0,1,1,0,0,0,0,0,1,1,0,1,0,0,1,3,0,0,0,0,0,1,0,0
FOODS_3_303,FOODS_3,0,0,0,1,0,0,0,0,3,3,1,0,0,2,2,7,0,0,3,0,1,2,1,0,0,0,0,0,0,1,2,0,3,1,1,1,1,0,0,1,1,2,0,0,1,0,0,0,0,1,0,0,2,2,0,3,1,1,0,0,0,1,1,0,1,0,0,0,0,3,1,1,0,1,0,1,0,0,2,1,3,0,0,1,2,1,0,0,0,0,0,1,1,2,1,2,2,2,0,1
FOODS_3_213,FOODS_3,0,2,2,1,0,0,1,0,0,0,0,1,1,3,3,1,0,0,2,1,1,3,3,0,1,2,1,0,2,2,1,1,0,1,0,0,0,2,1,0,0,1,1,2,0,2,0,0,1,3,2,1,1,1,0,1,2,2,2,2,1,3,1,1,1,0,2,0,1,2,0,1,2,0,0,1,1,0,2,1,2,0,1,4,0,1,0,2,1,6,0,2,2,5,1,0,2,0,0,6
FOODS_3_294,FOODS_3,0,0,0,0,0,0,0,0,7,2,10,6,2,10,2,11,0,0,0,0,0,0,0,0,0,0,0,0,1,0,6,2,4,1,0,1,4,0,0,0,0,0,0,0,0,0,0,0,2,9,5,5,4,10,0,1,0,2,1,2,2,5,2,7,8,3,0,0,8,2,2,5,3,3,1,10,1,4,4,5,5,2,1,2,4,7,2,3,4,5,1,4,3,2,2,0,6,2,4,11
FOODS_1_213,FOODS_1,0,0,0,1,0,4,0,0,0,0,0,0,0,1,1,0,1,0,1,0,0,0,1,0,4,2,0,0,0,2,0,0,2,0,1,0,0,3,1,0,2,3,0,0,0,1,0,1,0,6,0,0,2,0,0,1,0,0,0,0,0,0,1,0,3,0,0,3,0,2,2,0,0,0,0,1,0,0,2,0,1,0,0,0,0,0,3,0,2,0,0,1,3,0,0,0,0,0,0,0
FOODS_3_817,FOODS_3,0,0,1,0,0,1,1,2,1,0,1,2,0,0,2,0,1,0,0,0,0,1,1,1,1,0,0,2,2,0,1,1,0,0,1,2,2,0,1,0,0,1,0,1,0,0,1,1,1,2,1,0,1,1,1,2,1,1,1,1,2,1,0,1,0,0,2,0,1,0,1,2,2,0,0,2,0,4,2,0,1,0,0,0,2,1,0,1,0,1,3,0,3,0,0,0,0,0,0,0
FOODS_2_145,FOODS_2,5,4,7,3,5,8,4,2,7,12,1,4,1,1,3,3,2,1,1,8,1,4,1,4,2,2,1,1,8,3,2,2,3,1,1,6,5,5,1,3,3,5,4,7,7,1,6,4,2,8,2,8,2,1,3,1,8,10,4,2,1,5,4,3,6,4,2,6,1,5,7,6,3,2,10,4,3,3,6,13,4,3,7,7,6,6,2,6,0,4,5,0,3,4,2,0,1,3,2,1
FOODS_2_162,FOODS_2,1,4,3,2,2,2,2,4,0,1,3,6,1,3,0,3,0,0,2,3,0,1,5,1,1,0,3,1,3,3,3,2,2,2,1,2,3,2,2,3,0,1,3,5,3,0,1,1,1,0,2,5,1,0,0,0,0,4,3,0,1,1,0,2,1,1,2,3,0,3,1,0,2,4,4,0,0,1,0,2,1,2,3,1,3,3,0,3,5,2,3,2,2,1,3,0,1,3,2,1
FOODS_1_016,FOODS_1,3,0,1,0,1,1,0,1,0,0,0,3,3,1,1,2,0,0,0,1,0,0,1,0,0,2,1,0,1,3,4,2,3,0,0,0,1,0,1,1,1,0,1,1,1,0,0,0,0,2,1,0,0,1,0,3,5,1,1,0,2,0,0,3,2,0,0,0,0,0,0,0,0,1,2,0,0,1,0,0,0,0,1,0,1,1,0,0,1,0,2,1,0,2,0,0,1,0,2,0
FOODS_2_263,FOODS_2,1,1,3,2,1,0,2,0,0,2,0,1,3,2,1,2,0,0,0,2,2,1,1,3,1,1,3,0,0,2,1,3,1,1,0,4,2,3,1,1,1,2,1,2,2,0,0,2,1,2,3,0,3,5,0,1,3,2,1,0,1,0,0,3,2,3,5,4,1,1,2,5,4,0,0,0,3,0,4,1,0,0,0,0,1,1,2,1,0,2,0,0,5,0,0,3,0,0,1,2
FOODS_1_048,FOODS_1,3,0,0,0,1,2,1,0,3,0,1,3,2,1,0,3,0,0,0,0,0,1,1,0,0,0,0,0,0,0,0,0,0,1,1,1,5,0,0,0,0,0,3,5,1,2,2,0,1,2,0,0,1,3,2,0,3,2,1,1,2,0,1,0,0,0,4,1,0,0,0,1,1,1,1,1,1,5,0,0,3,1,0,1,1,2,0,0,0,2,3,1,0,0,0,3,0,1,1,3
FOODS_3_715,FOODS_3,1,1,3,0,2,0,6,2,2,3,0,0,7,2,0,2,2,1,2,0,1,0,1,1,0,2,0,1,3,2,0,2,0,0,1,2,2,0,0,2,2,1,4,2,1,1,0,0,0,0,2,0,0,2,0,0,1,2,3,3,0,0,1,3,4,0,2,1,0,2,0,2,3,0,1,2,2,0,2,0,0,2,2,3,0,1,1,2,1,0,2,1,3,1,0,0,1,1,2,2
FOODS_3_354,FOODS_3,1,1,4,2,0,2,1,1,4,1,0,2,2,0,4,0,2,1,3,0,4,2,1,4,0,2,0,0,0,1,5,2,6,1,1,3,5,2,1,0,1,3,0,2,5,2,0,0,1,3,12,14,5,0,1,4,4,8,4,2,1,4,1,1,3,3,0,0,3,0,1,5,2,1,3,0,2,1,5,0,1,3,1,0,3,4,1,1,1,1,1,6,3,1,2,1,3,2,0,3
FOODS_3_593,FOODS_3,1,1,1,0,1,2,1,3,2,4,0,1,1,0,1,3,1,1,0,2,1,2,4,3,2,0,0,0,0,2,1,0,0,1,1,2,2,1,3,2,0,2,1,1,0,0,1,2,0,1,2,1,2,1,0,2,1,0,2,2,0,2,0,2,1,0,0,0,1,1,0,1,0,0,0,0,3,0,1,4,2,2,0,1,3,2,4,0,3,0,1,0,2,0,0,1,1,1,0,2
FOODS_2_221,FOODS_2,3,6,6,4,4,2,0,1,7,6,0,2,4,2,5,1,3,1,0,1,4,1,0,3,3,9,0,0,0,0,0,0,10,2,2,6,4,1,0,0,0,8,7,2,2,0,0,2,4,1,6,6,0,4,1,2,10,5,1,11,2,0,2,2,3,0,2,0,0,2,3,4,0,3,4,0,1,0,4,8,1,5,2,4,6,1,0,4,0,0,3,12,10,2,5,2,0,0,2,2
FOODS_3_643,FOODS_3,0,18,0,0,0,0,0,2,2,1,3,0,1,0,0,0,0,2,1,6,0,0,3,1,0,1,3,0,2,2,0,0,0,0,4,1,3,0,3,5,0,0,0,0,0,0,2,0,1,3,2,1,0,1,3,0,7,2,2,1,0,0,1,0,1,0,2,0,0,1,3,5,0,0,0,0,1,1,2,1,3,3,1,1,2,0,0,3,3,2,0,3,0,0,10,0,1,3,0,3
FOODS_3_545,FOODS_3,9,1,2,2,1,1,1,1,7,0,1,0,2,3,0,4,0,1,4,2,2,5,2,0,2,1,5,0,1,5,2,0,0,8,3,2,0,0,3,8,3,5,1,1,1,1,2,1,0,3,4,1,2,2,0,2,2,2,1,4,2,0,1,1,2,1,0,1,0,4,0,3,3,0,0,4,2,0,0,3,1,1,0,6,1,3,2,0,10,0,0,2,3,0,0,1,1,0,4,1
FOODS_2_218,FOODS_2,0,2,2,0,2,0,1,2,1,2,0,0,0,1,0,0,1,3,3,1,0,0,2,3,1,3,2,1,2,0,0,0,2,1,1,2,1,2,4,1,3,1,1,3,1,0,2,2,7,1,2,0,1,1,2,3,4,0,2,3,2,5,1,2,3,3,2,2,0,3,1,5,1,3,1,1,2,2,2,2,4,3,0,2,2,2,0,2,1,0,0,5,1,3,2,0,0,1,2,1
FOODS_2_121,FOODS_2,1,3,1,2,4,1,1,7,6,1,0,0,0,0,0,2,3,3,4,5,1,5,3,0,1,2,5,1,1,2,5,0,0,2,0,0,3,0,1,1,1,2,0,1,0,0,1,1,4,2,1,3,1,0,1,0,1,3,2,2,1,1,1,0,2,2,2,1,0,0,2,1,0,1,0,1,0,4,1,0,2,1,0,5,1,0,0,2,0,6,0,0,4,3,0,0,0,0,0,0
FOODS_3_579,FOODS_3,0,1,1,5,0,1,2,1,1,1,3,0,1,1,1,0,0,0,0,2,4,4,1,1,0,2,0,0,1,2,1,2,0,0,2,1,3,3,0,2,1,1,0,3,1,1,0,0,0,2,0,1,3,1,0,1,2,0,2,0,1,0,2,1,1,2,0,1,0,0,1,1,0,1,0,0,2,0,0,1,2,3,0,0,1,0,1,0,0,0,0,3,1,2,1,1,1,1,1,1
FOODS_3_791,FOODS_3,0,0,0,0,0,0,0,1,3,0,0,0,0,0,3,4,1,2,1,1,2,0,5,0,0,4,2,1,0,1,0,0,2,2,1,1,2,3,0,2,3,0,4,0,0,3,4,0,4,1,4,0,2,1,3,2,1,0,0,5,2,0,3,1,1,0,0,2,3,2,1,0,0,1,0,2,1,2,2,2,0,2,1,4,0,0,0,0,1,4,0,0,3,0,1,0,1,3,0,0
FOODS_1_009,FOODS_1,0,0,0,0,0,0,0,0,0,0,1,0,0,0,0,0,0,0,1,0,0,0,0,0,0,0,0,0,0,0,0,0,0,0,0,0,1,0,0,0,0,0,0,0,0,0,0,0,0,0,0,0,0,0,0,0,0,0,0,0,0,0,0,0,0,0,0,0,0,0,0,0,0,8,3,2,5,4,7,1,0,6,2,2,4,6,2,1,0,1,1,3,6,12,4,0,1,5,1,0
FOODS_2_125,FOODS_2,0,0,0,0,3,1,0,0,2,1,1,1,0,0,0,0,2,1,0,1,4,0,0,1,1,2,6,0,0,0,0,0,0,0,0,1,0,0,0,0,0,0,3,1,3,0,0,1,2,2,0,2,0,0,0,1,3,2,2,1,0,2,2,2,3,1,1,3,2,0,1,2,0,1,1,1,3,3,1,4,2,3,2,4,0,3,0,0,0,2,2,3,0,5,5,2,1,0,0,0
FOODS_3_361,FOODS_3,2,6,2,2,3,1,6,6,0,2,3,0,2,0,2,1,2,5,0,1,2,6,3,1,2,1,1,1,4,5,1,0,2,3,2,1,4,4,1,2,1,2,4,2,0,4,0,2,2,0,3,1,2,3,0,2,2,2,2,1,2,5,1,1,5,3,3,2,1,1,1,1,2,1,3,4,3,2,3,5,2,2,2,4,2,3,2,2,2,3,0,0,3,0,1,1,1,0,1,5
FOODS_3_314,FOODS_3,0,0,1,0,0,0,1,1,0,0,0,1,0,0,0,0,0,0,0,0,1,2,0,0,0,0,0,0,0,0,0,0,0,0,0,0,0,0,0,0,1,0,0,0,0,0,0,0,1,1,1,0,2,2,0,4,2,0,0,2,0,3,3,2,1,0,0,7,2,2,2,5,1,0,2,5,0,0,0,1,2,2,2,1,2,1,2,0,0,1,0,1,0,0,2,1,8,1,3,4
FOODS_3_749,FOODS_3,0,0,0,0,0,0,0,0,0,0,0,0,0,1,1,2,0,2,0,0,0,0,1,1,0,0,1,0,0,1,1,0,1,0,2,0,2,1,0,1,0,0,3,2,2,1,2,1,3,1,0,1,0,2,1,3,2,1,2,2,1,1,0,0,1,2,1,0,0,0,2,3,3,0,1,0,0,0,0,0,0,1,1,0,0,0,1,2,1,1,3,3,4,2,0,1,3,0,0,2
FOODS_2_002,FOODS_2,1,2,0,0,0,0,0,0,0,0,0,0,1,2,0,1,1,2,3,1,0,1,6,0,1,2,1,0,0,0,0,4,2,0,4,0,0,2,1,0,2,2,0,3,1,0,5,0,1,1,2,2,3,0,0,0,4,2,0,1,1,1,0,1,2,2,1,2,0,0,2,4,0,4,0,0,0,4,6,0,3,0,0,0,4,4,1,2,1,2,0,1,2,1,0,1,0,0,1,9
FOODS_2_238,FOODS_2,2,1,0,2,2,0,0,5,6,3,0,0,0,0,0,6,1,2,2,1,2,3,4,0,1,1,3,0,1,1,3,2,3,0,0,3,0,0,1,1,1,1,0,2,0,0,0,1,5,0,5,3,1,2,1,1,0,4,2,0,1,1,1,2,5,2,2,2,2,0,3,1,0,0,0,0,0,2,1,2,0,0,1,2,0,1,0,2,1,5,1,2,0,3,1,2,0,0,0,2
FOODS_3_005,FOODS_3,0,0,0,1,3,0,2,1,2,0,1,0,0,0,2,1,1,0,2,0,1,1,0,0,1,1,0,1,1,1,2,0,0,0,0,0,0,0,0,0,0,0,0,0,0,0,0,0,0,0,0,1,0,0,0,0,0,0,0,0,0,0,0,0,0,0,0,0,0,0,0,0,0,0,0,0,0,0,0,0,0,0,0,0,0,0,0,0,0,0,0,0,0,0,0,0,0,1,1,2
FOODS_2_041,FOODS_2,1,1,2,1,1,0,1,0,0,0,0,0,0,0,0,0,0,0,0,0,0,0,0,0,0,0,0,4,2,1,1,0,1,2,1,0,1,4,0,1,1,3,2,2,1,0,1,2,5,1,0,2,0,2,3,1,3,1,1,0,2,1,2,1,3,0,1,1,1,1,0,0,0,0,2,2,0,0,5,1,1,0,0,2,2,1,1,0,2,0,1,1,5,4,2,0,3,0,0,0
FOODS_1_146,FOODS_1,0,0,0,1,2,1,1,5,2,2,0,0,1,0,2,0,1,0,0,0,1,0,0,0,0,1,3,0,1,0,1,0,0,0,2,1,0,1,0,1,1,1,1,0,4,0,0,1,0,0,1,0,0,0,1,0,3,2,0,0,2,0,0,1,1,0,1,0,0,0,0,0,1,1,1,0,0,1,0,1,1,1,1,0,3,0,3,1,0,1,0,1,0,2,0,3,0,2,0,3
FOODS_3_266,FOODS_3,0,3,0,1,0,0,1,0,0,1,0,2,0,0,0,2,4,1,0,0,0,1,1,0,1,0,0,0,1,1,1,0,0,0,0,0,0,0,0,0,0,1,1,0,2,1,0,1,1,1,2,1,0,0,0,0,1,1,0,0,0,0,0,0,0,1,1,0,0,1,0,2,0,0,1,0,0,0,0,0,0,1,1,1,0,2,0,0,0,0,0,0,0,0,0,0,0,0,1,0
FOODS_2_237,FOODS_2,1,0,4,1,0,2,1,0,4,1,4,0,0,0,0,1,0,0,0,0,2,2,1,1,0,3,1,1,0,0,1,0,0,0,0,1,0,0,0,0,2,2,0,0,1,1,5,0,1,1,4,2,0,0,1,1,0,1,2,0,3,0,0,0,2,2,0,1,0,0,0,2,4,3,0,0,4,0,2,0,2,0,0,0,0,6,1,1,0,0,2,0,1,0,1,0,1,1,1,0
FOODS_2_223,FOODS_2,0,0,0,0,0,0,0,0,0,0,0,0,0,2,0,0,0,0,0,0,0,0,0,0,0,0,0,0,0,0,0,0,0,1,0,0,0,0,0,0,0,0,0,0,1,0,1,0,0,0,0,0,0,0,0,0,0,0,0,0,0,0,0,1,0,0,0,0,2,0,0,0,0,0,0,0,0,0,0,0,0,4,1,0,0,0,0,1,0,2,0,1,3,1,2,1,0,0,2,4
FOODS_2_330,FOODS_2,1,0,1,0,1,1,1,0,0,0,2,0,0,0,1,0,1,2,1,0,2,0,0,0,0,1,0,1,1,2,1,0,1,1,0,1,1,0,0,1,0,1,0,0,0,0,0,0,0,0,0,1,0,0,0,0,1,1,1,0,0,0,0,0,0,0,0,1,1,0,0,1,2,1,0,2,0,2,0,0,4,2,0,1,0,5,0,1,0,0,1,0,0,1,0,1,2,3,1,0
FOODS_2_251,FOODS_2,3,1,1,0,0,0,0,3,2,1,0,1,2,0,3,1,0,1,0,0,1,1,3,4,0,1,2,1,1,1,1,1,1,0,2,3,2,0,0,0,4,2,1,1,0,4,2,0,1,0,0,0,0,3,2,0,0,1,0,0,0,0,1,0,0,0,0,0,0,2,2,2,2,0,3,2,2,0,3,1,0,0,0,0,1,0,1,4,2,0,1,4,3,1,0,3,0,2,0,1
FOODS_2_010,FOODS_2,0,3,0,2,0,3,1,5,1,5,1,3,0,3,2,1,0,0,0,3,1,1,0,0,0,1,0,0,0,0,0,0,0,0,1,1,1,0,2,0,0,0,2,2,1,1,1,0,0,2,3,1,0,1,0,0,0,0,3,2,1,1,4,0,0,0,1,0,0,2,3,2,1,2,0,1,0,7,1,0,1,0,2,3,1,0,4,0,0,0,2,2,1,0,1,2,0,2,1,5
FOODS_3_774,FOODS_3,3,0,2,2,1,1,4,1,2,1,1,1,1,0,0,0,0,0,0,2,2,2,1,2,0,0,0,0,1,3,0,1,0,2,1,1,1,0,1,2,0,0,1,1,0,0,0,0,0,2,3,1,0,1,0,1,1,0,1,0,1,0,0,2,2,0,1,1,2,1,2,0,1,1,0,0,0,0,0,1,1,0,0,0,1,1,2,0,0,2,1,0,0,0,1,0,0,0,1,2
FOODS_1_132,FOODS_1,1,6,0,2,0,0,0,1,0,0,0,0,1,2,1,2,0,0,0,0,0,0,1,2,0,0,0,0,2,1,5,1,6,0,0,0,1,0,1,3,0,0,2,3,2,1,0,0,0,3,2,1,0,0,1,0,1,0,3,1,0,0,0,0,1,0,0,1,0,0,0,0,1,0,1,0,2,1,0,2,1,5,3,0,1,0,1,1,1,0,4,2,0,2,0,1,0,5,1,1
FOODS_3_564,FOODS_3,0,0,0,3,0,0,1,0,0,1,1,0,1,0,0,0,0,1,3,0,0,1,15,0,0,0,0,0,0,0,1,1,1,0,1,0,1,0,1,1,0,3,3,1,0,0,1,1,0,0,6,0,0,2,0,1,2,0,0,2,0,1,0,1,0,3,2,0,0,4,0,0,0,0,2,1,1,0,3,0,0,1,0,1,1,0,0,1,1,0,0,0,1,0,0,0,2,1,0,0
FOODS_3_482,FOODS_3,3,2,3,0,5,3,2,1,1,4,2,4,2,2,1,6,3,3,2,1,3,3,8,4,2,2,3,4,4,8,5,3,2,2,2,6,4,1,1,6,4,3,2,6,1,3,3,1,4,3,6,4,1,2,1,3,4,4,3,1,1,1,4,2,3,2,2,6,2,5,1,3,2,5,3,6,3,2,2,2,1,4,4,4,3,3,4,4,4,0,3,3,4,3,2,1,5,3,4,2
FOODS_3_050,FOODS_3,1,0,0,0,0,0,0,0,5,0,0,0,0,1,0,0,5,0,0,0,1,2,0,1,1,0,0,0,0,0,0,0,2,0,1,0,0,1,0,0,0,1,0,0,0,0,1,0,0,0,1,0,0,0,1,0,0,0,0,0,0,0,0,0,0,0,0,0,0,0,1,0,2,0,0,0,0,0,1,0,1,0,0,0,0,0,0,1,0,0,0,0,0,0,0,0,0,0,0,0
FOODS_3_625,FOODS_3,1,0,2,0,0,0,1,1,1,2,1,0,1,1,1,0,0,0,0,1,1,3,1,1,3,0,2,0,4,1,1,1,1,0,1,2,1,0,0,1,0,1,3,0,1,0,1,1,1,2,2,0,1,1,0,1,0,1,1,0,0,1,0,2,4,2,1,1,0,1,3,3,0,0,0,0,2,2,1,0,0,0,0,1,1,1,1,0,3,0,1,3,3,2,1,0,0,3,1,0
FOODS_3_465,FOODS_3,0,3,0,1,0,1,0,0,0,0,0,0,0,0,0,0,0,2,0,0,2,1,0,0,0,0,0,1,3,0,1,0,0,2,3,0,1,0,3,0,0,1,0,0,0,0,0,0,1,2,1,0,1,0,0,1,2,2,1,0,0,0,1,1,2,0,2,1,0,0,0,0,1,2,2,0,0,0,0,0,1,0,1,1,0,2,0,1,0,0,0,3,0,2,0,0,1,0,0,0
FOODS_3_588,FOODS_3,2,1,0,1,0,5,1,4,2,3,2,3,1,4,2,1,2,3,1,6,3,4,1,2,3,3,2,3,3,2,4,2,3,2,2,1,2,2,4,2,1,3,0,6,3,2,5,1,3,1,4,0,4,2,1,0,0,1,0,0,0,0,2,2,4,4,3,0,4,2,4,2,1,1,0,0,4,4,3,2,2,0,2,2,3,3,3,2,0,2,1,2,0,5,1,1,1,4,0,4
FOODS_2_397,FOODS_2,0,2,1,3,1,1,1,1,1,0,0,1,1,0,0,1,2,0,2,2,1,2,0,1,1,3,0,0,1,4,2,0,0,0,3,1,3,0,0,0,1,0,0,0,3,2,0,1,2,0,3,0,1,0,0,1,0,1,0,0,0,0,0,0,5,0,2,1,1,0,0,0,2,0,0,0,0,0,3,0,0,2,0,0,0,2,1,0,0,0,0,0,3,1,0,0,0,4,0,1
FOODS_2_108,FOODS_2,0,1,1,3,2,0,5,0,0,2,0,0,0,9,0,0,0,0,1,1,1,0,0,1,1,0,1,1,1,1,2,1,0,1,2,0,0,0,1,3,0,5,1,0,3,0,0,0,6,1,0,3,1,0,0,0,1,3,2,2,0,1,0,0,3,2,1,0,0,2,0,0,0,1,0,0,10,2,3,1,0,0,0,2,0,2,0,1,1,0,1,0,1,0,1,0,0,1,0,3
FOODS_2_288,FOODS_2,1,1,2,1,0,4,0,1,0,5,1,2,0,2,1,1,3,0,1,2,3,1,2,5,1,1,0,2,1,0,0,2,2,0,1,1,8,0,2,0,0,2,0,0,1,0,1,0,0,1,1,2,2,0,0,1,3,1,1,0,0,2,1,3,1,1,0,0,1,4,0,6,0,0,0,1,4,1,3,0,1,1,0,0,1,8,2,2,0,0,1,0,0,2,2,0,2,2,1,2
FOODS_2_367,FOODS_2,1,1,0,4,2,0,3,2,4,3,1,1,0,3,2,2,1,2,3,1,2,0,2,2,2,0,2,1,2,4,0,0,2,0,2,0,0,0,0,1,0,3,1,1,1,4,1,1,0,0,2,2,2,1,0,0,0,1,3,1,1,0,3,0,0,0,0,0,0,1,2,3,1,0,2,0,0,1,0,0,4,2,2,2,6,3,0,1,3,3,3,0,2,4,3,1,1,1,2,1
FOODS_2_151,FOODS_2,0,0,2,1,0,0,5,0,2,0,0,1,0,2,0,3,0,1,1,0,2,2,2,3,0,2,5,1,0,0,0,0,0,0,0,0,4,0,0,0,0,5,0,4,0,0,0,0,6,0,0,3,3,2,0,1,1,15,0,0,0,0,1,0,1,0,0,0,2,0,2,2,1,4,5,0,0,3,4,2,0,0,0,0,1,0,0,1,2,4,0,4,3,1,0,4,0,1,0,1
FOODS_2_383,FOODS_2,3,3,2,8,2,2,0,3,6,4,1,0,0,10,0,2,4,2,2,1,1,11,1,1,1,4,3,1,0,5,0,3,0,0,8,0,4,4,1,2,3,6,0,0,1,0,7,2,12,0,5,3,7,2,2,0,0,9,5,6,2,1,6,4,12,3,4,0,3,5,0,1,3,3,5,0,0,2,0,2,1,0,3,2,3,6,0,1,2,4,2,6,10,0,1,4,2,5,5,5
FOODS_3_627,FOODS_3,0,0,0,0,0,0,0,0,0,0,0,0,0,0,0,0,0,0,0,0,0,0,0,0,0,0,0,0,0,0,0,0,2,1,0,1,2,1,1,1,0,0,0,0,0,0,0,0,0,0,0,0,0,0,0,0,0,0,1,0,2,0,1,1,0,0,1,2,0,2,1,3,1,1,1,1,1,1,1,2,0,2,0,0,2,0,0,0,0,0,0,0,0,0,2,0,0,2,0,1
FOODS_2_275,FOODS_2,3,0,1,1,5,0,0,2,3,1,0,0,0,2,1,1,0,2,0,0,1,1,0,4,4,0,3,1,0,0,2,4,2,2,1,1,1,0,2,1,0,0,1,1,0,0,0,1,2,1,0,0,0,0,0,0,0,0,0,0,0,0,0,0,0,0,0,0,0,0,0,0,0,0,0,0,0,0,0,0,0,0,0,0,0,2,0,0,0,1,0,2,3,0,0,0,0,0,0,1
FOODS_2_217,FOODS_2,2,0,0,1,2,2,0,5,2,1,2,0,0,0,2,2,1,0,1,1,1,0,2,2,1,1,0,2,3,1,2,0,3,2,0,2,1,0,0,1,0,0,0,0,1,0,0,4,1,2,0,0,0,0,0,0,1,1,0,0,0,0,0,0,0,1,1,0,0,0,1,0,0,0,0,0,1,1,0,0,3,0,0,1,0,0,0,1,0,0,0,1,3,1,0,0,0,0,0,1
FOODS_3_374,FOODS_3,0,0,0,0,0,0,0,0,0,0,0,0,0,0,0,0,0,0,0,0,0,0,0,0,0,0,0,0,0,0,0,0,0,0,0,0,0,0,0,0,0,0,0,0,0,0,0,0,0,0,0,1,0,0,0,0,0,0,0,0,0,0,0,0,0,0,0,0,0,0,0,0,0,0,0,0,0,0,0,1,0,0,0,0,2,1,0,0,3,1,2,1,3,2,0,0,0,1,1,0
FOODS_3_298,FOODS_3,1,0,1,0,1,0,2,2,2,2,1,1,2,0,5,0,0,2,0,1,1,1,2,0,4,0,0,2,2,1,2,1,1,0,0,3,1,1,1,0,1,1,1,2,1,0,0,0,3,2,3,1,1,1,0,0,0,2,0,1,1,1,4,1,3,1,5,2,1,0,1,0,1,0,1,3,2,1,1,0,1,0,1,0,3,2,3,3,2,0,0,0,2,0,0,1,1,0,0,0
FOODS_3_483,FOODS_3,3,5,1,4,2,0,2,0,2,3,0,0,2,0,0,0,0,0,1,0,3,0,0,0,0,0,0,0,0,0,0,0,0,0,0,0,0,0,0,1,0,0,0,0,0,0,0,0,0,0,0,0,0,0,0,0,0,0,0,0,0,0,0,0,0,0,0,0,0,0,0,0,0,0,0,0,3,4,3,1,0,0,4,1,6,3,2,0,0,2,2,3,1,1,0,2,2,3,1,3
FOODS_3_558,FOODS_3,0,0,0,0,0,2,0,0,0,1,0,0,0,0,0,0,0,0,1,0,0,1,0,0,0,0,0,0,0,0,0,0,0,0,0,0,0,0,0,0,0,0,0,0,0,0,0,0,0,0,0,0,0,0,2,4,1,3,2,2,0,1,0,3,3,0,1,0,1,1,4,0,0,3,1,0,1,2,2,0,0,2,2,2,0,1,0,0,0,2,4,2,0,0,0,0,0,2,4,2
FOODS_1_025,FOODS_1,0,2,0,3,1,0,1,0,3,2,0,1,0,0,1,6,0,2,0,1,0,0,1,0,1,2,2,3,1,0,0,0,0,0,0,0,0,0,0,0,0,0,0,0,0,0,0,0,0,0,0,0,0,0,0,4,0,2,1,0,0,0,0,1,7,0,2,1,0,0,2,1,0,1,0,0,0,4,0,0,0,3,0,0,1,2,1,1,2,1,0,0,1,2,3,2,5,1,0,1
FOODS_2_044,FOODS_2,0,2,1,0,0,0,0,0,0,0,0,0,0,0,2,0,1,1,1,0,1,0,4,0,2,2,0,2,4,1,2,6,0,0,0,1,2,0,1,2,1,1,0,0,2,0,0,0,2,2,3,2,0,5,0,0,0,4,0,0,1,0,4,0,1,1,1,1,0,0,0,3,0,4,0,2,0,0,0,0,0,3,1,0,1,0,0,0,0,1,0,1,1,9,0,1,0,0,1,0
FOODS_3_189,FOODS_3,0,0,0,0,0,0,0,0,0,1,1,7,2,1,1,7,4,2,1,2,2,2,2,1,1,3,5,0,1,1,0,0,0,0,0,0,0,0,0,0,2,0,2,0,0,0,0,0,0,0,0,1,0,1,2,0,2,1,1,0,0,0,0,1,0,1,0,2,0,0,1,0,2,1,1,1,0,0,0,0,0,0,0,0,1,0,0,1,0,0,0,0,4,0,0,2,0,0,0,0
FOODS_1_011,FOODS_1,0,0,0,0,0,0,1,0,0,0,3,4,1,1,2,1,0,11,1,2,4,0,0,0,2,1,2,0,2,6,1,0,4,0,0,0,0,1,0,10,3,1,3,3,1,1,2,2,4,3,3,1,0,2,4,3,3,4,1,0,1,3,2,2,4,0,1,0,1,0,2,2,1,1,0,1,0,3,3,0,4,2,2,0,3,0,4,0,1,0,2,2,6,1,2,0,0,1,0,2
FOODS_1_026,FOODS_1,0,0,0,0,0,0,0,0,0,0,0,1,0,0,0,0,0,0,1,0,0,0,0,0,0,0,0,0,0,0,0,0,0,0,0,0,0,0,0,0,1,0,0,0,0,0,0,0,0,0,0,0,0,3,1,0,0,1,0,0,1,1,1,1,3,2,8,0,2,0,0,0,1,0,2,4,2,1,1,2,2,1,2,3,3,0,0,1,1,2,3,1,0,1,1,0,3,0,0,0
FOODS_3_770,FOODS_3,0,0,1,3,0,0,1,2,5,0,1,0,1,1,1,2,1,2,2,1,0,3,2,0,3,1,4,3,1,0,2,2,2,3,1,0,0,1,0,1,0,0,1,2,1,1,2,1,4,2,0,1,2,0,0,2,3,2,0,1,1,1,1,0,1,2,0,0,0,1,1,2,0,1,2,0,0,1,0,2,1,1,1,2,0,2,1,0,1,0,2,0,1,1,0,1,1,1,2,2
FOODS_3_134,FOODS_3,1,1,6,6,2,1,0,10,11,5,7,2,4,5,5,5,5,6,5,3,2,7,7,7,5,2,2,8,3,8,5,8,2,1,2,7,7,3,4,2,6,10,7,8,4,3,3,6,4,7,4,6,4,4,6,2,4,9,9,5,3,3,2,1,3,3,5,3,3,7,4,7,2,3,4,2,3,9,7,6,5,2,2,5,4,10,4,4,7,1,5,3,10,4,4,2,2,0,6,4
FOODS_3_391,FOODS_3,2,2,3,0,1,2,1,2,3,2,3,1,1,3,0,0,5,0,1,0,2,0,0,0,0,0,2,2,1,1,2,1,4,1,5,0,3,0,2,1,0,3,1,0,6,3,2,1,1,2,5,4,4,2,0,7,0,5,3,2,2,1,2,1,1,4,2,6,0,3,0,0,1,0,1,0,0,5,2,0,0,0,2,0,0,1,2,0,0,3,1,2,1,2,2,0,0,1,1,0
FOODS_1_071,FOODS_1,5,1,2,0,5,1,2,1,5,3,1,2,0,2,0,1,1,0,3,1,7,4,1,0,8,4,1,3,4,1,2,0,1,0,0,3,0,0,0,2,1,0,1,2,0,0,3,2,1,2,1,0,1,0,2,3,2,2,6,0,0,0,0,0,0,1,2,0,0,1,3,2,0,1,1,0,0,2,3,1,1,9,1,5,1,0,0,0,0,1,3,2,1,4,0,0,3,5,2,2
FOODS_3_043,FOODS_3,0,0,0,1,0,0,0,1,0,1,0,2,0,0,0,0,0,0,0,1,2,1,0,1,0,0,2,1,0,1,1,2,1,1,1,1,0,0,0,0,1,0,0,0,0,5,0,0,1,1,1,0,1,0,0,1,2,0,1,3,0,0,0,0,0,0,1,2,0,0,0,2,0,0,1,0,0,0,1,0,1,0,0,0,1,0,1,2,0,1,1,0,1,1,1,1,1,1,0,1
FOODS_1_140,FOODS_1,0,0,0,0,0,0,0,0,0,0,0,0,0,0,0,0,0,0,0,0,0,0,0,0,0,0,0,0,0,0,0,0,0,0,0,0,0,0,0,0,0,0,0,0,0,0,0,0,0,0,0,0,0,0,0,1,3,1,0,2,2,2,1,1,0,1,0,2,1,0,1,5,0,0,1,0,2,1,2,1,2,1,0,3,3,0,0,2,0,0,1,2,1,2,4,2,0,1,3,0
FOODS_2_064,FOODS_2,3,1,1,0,1,0,0,1,0,1,1,1,0,0,1,0,3,0,0,0,1,0,0,1,0,0,0,1,0,1,1,0,0,0,0,0,0,1,0,0,0,0,0,0,1,0,0,0,1,0,0,1,0,0,0,2,0,0,1,0,1,2,1,2,1,1,0,1,0,0,0,0,2,4,1,0,0,0,0,0,0,0,0,0,2,0,0,0,0,0,0,0,0,0,0,0,0,0,0,0
FOODS_3_687,FOODS_3,0,0,0,0,0,0,0,0,0,0,0,0,0,0,0,0,0,0,0,0,0,0,0,0,0,0,0,0,0,0,0,1,2,0,0,1,0,0,0,0,1,0,1,0,0,1,1,0,1,1,0,1,0,0,1,1,0,0,3,0,1,0,1,1,1,1,0,0,1,0,0,0,0,0,1,0,0,1,1,3,0,1,0,0,0,0,1,0,0,2,0,0,1,2,1,1,0,1,0,0
FOODS_3_452,FOODS_3,0,0,2,0,0,0,1,0,1,1,1,2,1,1,0,0,0,1,1,0,1,1,0,0,3,0,0,1,0,3,0,1,1,0,1,1,2,0,1,0,0,1,1,1,0,2,2,0,0,0,1,1,1,0,0,0,0,1,0,0,0,2,0,0,3,2,1,0,0,0,3,1,1,1,0,0,1,0,0,0,0,0,0,0,0,0,2,0,0,0,1,2,0,0,2,1,1,3,0,0
FOODS_3_729,FOODS_3,0,0,1,0,1,0,1,2,0,1,0,1,0,1,0,3,0,1,2,2,2,0,0,2,0,0,0,1,1,0,0,0,0,0,0,2,0,0,0,0,1,0,0,0,0,1,0,0,2,1,2,1,0,0,1,0,0,0,0,1,2,0,1,2,1,0,0,1,1,1,0,1,0,1,0,1,0,0,2,0,1,0,0,2,2,1,0,1,0,1,0,0,1,2,0,0,0,0,0,0
FOODS_2_258,FOODS_2,2,3,0,1,0,0,0,1,1,0,1,1,0,0,1,1,1,1,0,0,0,0,2,2,1,0,1,4,3,1,2,0,0,0,0,0,2,0,1,0,3,0,1,1,0,2,0,2,0,1,1,0,0,0,1,1,0,0,0,0,2,0,0,3,1,0,0,1,0,1,0,4,5,0,0,1,1,0,0,1,0,0,0,0,0,3,0,2,0,0,6,0,0,0,0,0,1,1,1,0
FOODS_1_198,FOODS_1,7,1,2,0,2,0,0,0,0,0,0,2,1,1,0,0,0,1,1,1,0,3,9,1,2,4,2,0,1,3,0,0,1,0,1,2,5,0,0,1,4,1,2,1,0,2,1,2,2,0,5,4,0,0,1,2,0,0,0,0,0,0,1,3,1,2,2,2,1,1,1,2,1,1,0,1,2,5,1,0,1,0,0,1,1,3,3,0,0,0,2,9,2,0,1,0,2,3,0,1
FOODS_3_824,FOODS_3,0,0,1,1,0,0,0,0,0,1,0,0,0,0,0,0,0,0,0,0,0,0,0,0,0,0,0,0,0,0,0,0,0,0,0,0,0,0,0,0,0,0,0,0,0,0,1,0,1,1,1,2,0,0,1,2,0,0,1,0,0,0,0,3,1,0,1,0,4,1,0,1,0,0,0,0,0,0,0,4,0,0,0,1,2,2,2,0,0,0,0,1,0,0,2,0,0,0,0,0
FOODS_3_013,FOODS_3,0,0,0,0,0,2,0,0,0,0,0,0,0,0,0,0,0,0,0,0,1,0,0,0,0,0,0,0,0,0,0,0,0,0,0,0,0,0,0,0,0,0,0,0,0,0,0,0,0,0,0,0,0,0,0,4,4,1,1,1,2,0,5,2,2,1,2,4,2,1,0,4,1,0,1,4,1,3,2,1,3,4,1,4,1,3,6,1,1,2,1,2,2,0,1,2,0,1,4,4
FOODS_3_478,FOODS_3,2,4,5,0,0,1,2,0,0,1,0,1,1,0,0,0,10,8,1,0,1,0,0,0,1,2,0,0,4,0,1,1,1,1,1,0,1,4,0,0,0,0,0,2,1,1,0,0,0,0,1,1,0,2,1,1,2,1,0,1,1,0,2,1,0,7,0,0,0,4,1,1,2,0,3,0,3,0,3,0,3,0,0,1,0,1,2,9,0,0,0,1,1,0,9,2,1,0,1,0
FOODS_1_177,FOODS_1,1,0,2,2,3,0,1,0,2,0,1,0,0,4,2,1,0,3,1,1,1,1,0,0,0,0,3,2,1,0,5,3,3,0,0,0,0,0,1,3,1,5,4,2,2,0,1,0,0,0,0,0,2,1,0,1,2,0,1,1,0,1,1,0,1,1,3,4,0,1,0,2,2,0,1,1,2,0,0,1,1,2,1,0,5,1,2,0,1,1,1,2,1,1,2,1,1,3,0,2
FOODS_3_010,FOODS_3,2,1,0,1,0,0,2,1,3,1,0,2,1,3,3,0,0,0,1,2,1,1,1,4,1,1,0,2,3,0,0,1,1,2,0,0,4,3,0,6,1,0,4,1,2,0,0,3,1,1,3,3,1,2,1,2,1,1,1,1,1,1,2,3,2,1,0,0,1,1,3,2,0,1,1,0,0,0,3,1,2,3,1,1,1,1,1,0,1,1,1,2,0,0,2,2,3,0,1,2
FOODS_2_118,FOODS_2,0,0,1,2,0,1,0,1,0,0,2,2,1,1,1,1,2,0,1,0,2,0,5,4,0,0,0,0,0,0,1,4,1,0,0,5,2,8,0,0,0,1,0,0,10,0,2,0,1,1,0,1,5,5,1,0,1,0,0,0,0,0,0,0,2,1,0,0,0,0,1,1,0,0,1,0,0,0,0,0,0,2,4,1,5,0,5,0,0,0,1,0,4,2,0,3,0,0,3,1
FOODS_2_296,FOODS_2,3,1,0,2,0,1,0,2,1,1,0,0,4,0,0,2,2,3,1,3,0,2,1,4,0,1,3,3,3,1,0,0,1,3,0,1,1,2,0,0,0,0,0,0,0,0,0,1,2,1,0,0,1,0,1,2,1,0,0,0,4,0,1,0,0,0,0,0,0,0,0,0,0,0,0,0,2,1,2,2,1,0,3,0,0,1,2,1,0,0,0,0,5,1,1,3,2,2,2,1
FOODS_3_168,FOODS_3,1,2,1,1,1,1,1,2,1,1,2,0,2,1,1,0,1,0,1,1,2,0,1,0,5,0,1,1,2,3,3,0,0,0,0,0,0,0,0,1,0,1,0,0,0,2,0,1,3,1,3,2,2,1,0,0,1,3,4,2,0,0,0,1,1,0,1,0,0,3,0,2,5,0,0,0,1,0,0,2,1,0,0,2,1,0,0,0,1,0,1,0,0,5,0,0,1,0,1,2
FOODS_3_612,FOODS_3,3,0,2,2,1,2,0,0,1,0,1,1,1,2,1,1,1,1,0,0,2,1,0,1,0,2,0,2,0,1,1,1,1,1,2,0,0,0,1,0,0,2,0,0,0,2,2,1,0,1,1,1,1,2,1,3,1,1,0,1,1,1,1,2,0,0,0,2,0,1,3,0,1,1,1,4,3,0,1,1,3,1,1,2,2,0,3,0,0,3,2,0,0,0,0,0,1,1,0,0
FOODS_1_155,FOODS_1,2,2,0,2,1,0,0,3,2,2,5,0,1,0,1,3,0,1,1,1,0,1,3,2,0,3,1,1,0,2,0,2,2,1,1,0,2,0,1,1,1,0,2,1,0,1,1,0,2,0,2,1,1,0,1,0,0,2,3,0,0,0,0,2,1,1,1,1,0,0,2,0,3,1,2,1,3,0,3,0,0,2,0,1,5,1,0,3,0,0,0,3,0,1,0,1,1,2,0,0
FOODS_2_198,FOODS_2,1,0,0,2,0,1,0,0,0,1,8,6,7,1,3,9,1,1,0,1,5,0,4,0,3,1,3,1,1,2,1,1,1,1,1,0,1,2,1,0,0,0,0,0,1,0,2,0,0,0,1,3,3,4,2,0,0,4,1,0,0,0,0,0,0,1,0,1,1,0,1,1,0,0,0,0,1,0,0,0,0,2,0,0,0,1,0,0,3,1,2,0,0,0,0,1,0,0,4,1
FOODS_1_020,FOODS_1,2,2,2,0,0,0,0,0,1,1,0,1,0,0,3,0,1,1,0,0,2,1,3,3,0,0,0,0,0,1,1,0,1,1,0,4,0,0,1,1,0,1,1,1,1,0,0,0,0,2,0,1,0,0,0,1,1,0,0,1,1,0,1,3,0,1,5,0,0,0,3,1,0,1,0,0,0,2,2,1,0,1,0,2,0,1,0,5,2,2,1,1,3,0,0,0,0,1,2,0
FOODS_3_436,FOODS_3,8,6,3,8,0,2,1,2,0,3,3,7,2,5,2,2,1,0,0,0,0,0,0,0,0,0,1,0,0,0,0,0,1,4,3,3,4,6,1,1,1,3,6,5,3,13,0,0,2,1,5,5,0,7,3,2,2,5,4,1,14,1,2,3,4,0,0,0,0,0,9,8,5,5,6,4,5,12,5,7,2,4,0,0,0,2,7,5,3,5,2,10,2,0,6,4,2,6,11,2
FOODS_2_231,FOODS_2,0,0,0,0,0,0,0,0,0,0,0,0,0,0,0,0,0,0,0,0,0,0,0,0,0,0,0,0,0,0,0,0,0,0,0,0,0,0,0,0,0,0,0,0,0,0,0,0,0,0,0,0,0,0,0,0,0,0,0,0,0,0,0,0,0,0,0,0,0,0,0,0,0,0,0,0,0,0,0,0,0,0,0,0,0,0,0,0,0,0,0,0,0,0,0,0,0,0,0,0
FOODS_1_149,FOODS_1,0,5,0,1,2,1,0,0,2,3,2,0,2,5,1,2,2,0,0,2,1,4,3,1,0,3,3,0,2,0,1,4,3,6,2,4,2,0,4,4,0,1,7,0,0,0,4,0,1,1,0,2,1,0,0,1,0,7,0,1,1,0,0,0,0,2,2,0,0,3,1,1,0,0,2,0,2,1,8,0,2,0,4,0,2,2,0,0,0,2,0,2,0,0,1,1,0,4,3,3
FOODS_1_156,FOODS_1,0,4,1,0,3,2,0,2,2,1,7,0,1,4,2,1,12,1,0,0,1,2,4,1,1,2,1,2,0,2,2,2,0,4,1,2,1,2,1,2,0,0,2,2,3,0,1,1,0,2,1,3,1,0,0,0,4,2,2,2,3,2,0,1,2,0,5,2,0,2,0,1,1,4,1,0,2,4,3,3,3,1,0,5,1,1,1,1,0,0,2,0,1,4,3,0,1,3,2,0
FOODS_1_105,FOODS_1,0,0,0,0,0,0,0,0,0,0,0,0,0,0,0,0,0,0,0,0,0,0,0,0,0,0,0,0,0,0,0,0,0,0,0,0,0,0,0,1,2,0,0,5,0,1,5,0,1,2,0,2,0,0,2,1,1,1,0,0,0,0,1,2,1,1,1,3,0,1,2,5,0,1,1,1,0,4,2,1,2,3,3,0,0,0,4,2,1,1,1,2,4,1,0,2,2,1,1,1
FOODS_2_286,FOODS_2,1,5,0,5,1,2,1,2,2,1,2,1,0,1,0,2,2,2,1,2,2,3,3,4,1,2,4,0,8,0,0,1,1,0,0,1,3,0,0,2,3,7,0,0,1,1,1,0,3,0,0,2,1,5,1,2,3,3,0,3,2,0,1,3,2,0,1,0,0,2,4,3,1,1,0,4,1,3,5,1,0,2,3,0,5,0,1,0,4,2,0,1,4,2,0,0,0,0,0,2
FOODS_1_167,FOODS_1,1,0,1,1,0,0,1,0,3,0,2,2,0,2,1,0,0,0,0,1,1,0,1,0,1,1,1,1,0,1,0,1,0,0,0,2,0,0,0,0,2,0,0,1,0,3,1,0,0,0,1,0,0,2,0,1,1,0,3,1,0,0,1,2,4,0,0,0,0,1,1,2,2,2,2,0,1,1,1,0,0,0,0,0,5,0,0,0,1,0,1,0,0,0,0,2,0,1,1,2
FOODS_3_486,FOODS_3,2,1,2,0,3,0,0,0,0,0,1,0,1,0,2,0,0,0,3,3,1,1,1,5,2,2,0,1,0,2,0,2,2,1,0,2,5,2,1,1,0,1,1,0,1,1,1,0,1,0,2,0,1,1,2,1,0,0,0,0,0,0,0,0,0,0,0,0,0,0,0,0,0,0,0,0,0,0,0,0,0,0,0,0,0,0,0,0,0,0,0,1,3,3,0,0,1,0,0,3
FOODS_2_279,FOODS_2,0,1,0,1,0,0,0,0,0,0,1,0,0,0,0,5,0,2,0,0,0,0,0,6,2,0,2,0,1,1,1,0,0,0,4,1,0,3,3,0,1,1,2,2,2,2,0,2,1,0,4,1,2,1,2,4,0,0,0,0,2,2,4,0,2,1,2,0,1,0,1,4,0,2,0,1,1,2,5,0,4,0,1,0,0,0,0,1,3,2,2,2,1,1,2,3,2,0,0,3
FOODS_1_147,FOODS_1,2,1,1,3,0,3,1,0,0,0,1,1,0,1,1,1,2,0,6,1,0,1,2,3,2,2,0,7,0,4,3,0,2,3,2,1,0,0,0,0,1,0,1,1,1,1,2,5,2,2,1,0,0,0,1,0,1,0,0,1,1,0,2,0,1,3,0,3,2,5,0,2,0,6,0,2,0,2,0,0,0,0,0,0,0,0,0,1,1,1,1,2,1,1,0,1,1,0,1,0
FOODS_3_440,FOODS_3,0,1,1,3,2,2,5,2,4,1,1,4,0,0,1,6,7,1,5,2,1,4,2,1,5,2,3,0,3,3,0,1,1,0,3,2,4,3,2,0,3,4,6,0,2,2,0,0,0,0,0,3,1,0,2,0,1,4,1,2,2,0,1,0,8,6,1,2,2,0,1,2,1,0,0,0,1,6,0,0,1,2,3,3,6,1,6,0,0,0,0,8,0,3,0,1,2,4,3,3
FOODS_3_716,FOODS_3,0,0,0,0,0,0,4,4,1,1,2,2,2,2,3,1,0,3,0,0,1,3,4,0,1,0,0,0,2,2,0,1,0,0,1,3,3,4,4,0,1,1,1,0,0,3,3,1,4,3,2,0,1,1,1,2,1,2,1,0,0,0,0,0,1,1,0,0,0,0,1,3,0,2,0,0,3,2,2,1,4,1,1,1,0,5,2,3,0,0,1,2,0,1,2,0,1,2,1,4
FOODS_3_490,FOODS_3,0,2,1,1,1,1,0,0,5,3,2,0,3,0,2,1,1,1,0,0,0,5,0,3,2,0,2,2,2,4,1,1,0,1,1,0,2,0,0,0,1,0,0,1,2,0,2,1,0,0,0,2,1,0,0,2,0,0,1,0,1,0,0,0,1,0,0,0,2,0,2,0,1,0,1,0,1,0,1,0,0,0,1,0,0,1,1,1,0,0,0,1,0,0,0,0,1,1,0,2
FOODS_1_102,FOODS_1,0,0,0,0,0,0,0,0,0,0,0,0,0,0,0,0,0,1,1,0,0,0,0,1,1,0,0,1,0,1,1,1,0,0,0,0,1,2,1,0,0,1,2,6,1,2,1,0,1,2,1,0,0,1,0,1,1,0,0,0,0,2,1,1,3,0,1,1,1,1,1,2,1,0,0,0,3,2,2,1,3,1,0,0,0,0,1,3,4,2,1,1,0,0,0,1,2,0,2,3
FOODS_3_149,FOODS_3,2,0,1,0,2,1,1,1,0,2,0,0,0,0,1,1,2,1,0,0,1,1,1,5,1,0,3,3,1,0,2,0,1,1,0,3,0,1,2,0,0,1,1,0,1,1,0,0,0,2,1,2,0,0,1,0,3,1,3,0,4,1,0,1,1,3,1,1,0,0,0,2,0,1,1,1,1,3,3,4,3,2,1,1,0,2,8,1,1,4,1,4,0,1,2,0,0,0,0,0
FOODS_3_582,FOODS_3,1,0,1,7,0,2,4,0,1,0,1,0,4,1,0,0,0,0,0,4,0,1,2,1,0,0,0,2,4,0,2,0,1,1,1,4,0,0,1,1,2,0,0,1,1,0,5,0,0,2,0,1,1,0,0,4,1,3,0,0,2,3,3,7,1,0,0,0,1,2,4,3,5,2,1,3,1,2,1,3,1,2,4,2,5,2,7,2,0,2,8,1,2,2,0,1,3,0,2,1
FOODS_2_088,FOODS_2,1,1,2,0,0,0,3,1,3,2,2,1,1,2,1,1,2,0,0,2,1,1,1,0,0,2,0,1,0,0,0,2,0,1,1,3,0,2,1,0,0,2,2,0,0,0,1,1,2,0,0,2,2,2,2,2,0,0,2,0,0,1,0,2,3,0,0,0,1,1,2,1,1,0,3,0,3,1,1,1,0,1,1,3,1,1,0,0,1,2,2,2,2,0,0,0,1,1,0,4
FOODS_3_084,FOODS_3,1,1,1,1,0,1,0,0,0,1,3,0,1,1,2,0,0,0,0,2,1,1,2,2,1,2,2,1,0,0,0,0,1,0,1,1,1,0,2,0,0,0,3,1,0,1,1,1,0,1,0,1,0,2,1,1,1,1,1,1,1,1,0,1,2,0,0,0,1,1,0,2,0,1,0,1,0,2,0,2,0,0,0,0,0,0,1,0,0,2,1,0,0,1,0,1,1,1,0,0
FOODS_3_686,FOODS_3,0,1,1,0,1,0,1,1,0,0,1,0,0,0,1,2,0,3,0,1,2,0,1,1,1,1,0,0,3,1,0,0,0,1,0,0,0,0,0,0,0,0,2,0,2,0,3,0,0,1,2,1,1,1,0,1,1,2,0,0,1,0,0,0,1,1,0,1,0,1,0,2,0,1,0,1,0,1,3,2,1,1,0,2,0,3,0,0,0,0,0,0,0,0,0,0,1,1,3,0
FOODS_3_544,FOODS_3,4,1,1,2,2,0,1,1,0,0,1,2,2,1,3,1,0,1,0,3,1,0,1,0,1,2,2,1,0,4,1,1,2,4,1,2,0,2,3,2,3,0,2,2,0,3,0,1,2,1,0,0,4,0,0,2,1,3,1,0,1,0,0,2,5,2,2,1,3,0,3,1,1,3,0,0,2,1,1,1,1,3,1,1,4,1,4,2,0,1,1,0,0,4,0,2,0,3,2,1
FOODS_1_203,FOODS_1,1,0,1,1,1,1,0,0,0,0,2,1,0,2,0,0,1,1,0,0,0,1,0,0,0,0,3,0,0,1,1,0,0,0,0,0,0,0,0,1,1,1,0,0,0,1,0,0,1,8,0,0,0,0,0,0,0,0,3,0,0,1,0,1,2,0,0,1,0,0,0,1,1,0,0,1,0,1,0,0,0,1,0,1,0,0,0,0,0,0,0,1,0,1,0,1,0,0,0,0
FOODS_3_206,FOODS_3,0,0,0,0,0,0,0,0,0,0,0,0,0,0,0,0,0,1,0,0,0,0,0,0,0,0,0,0,0,0,0,0,0,0,0,0,0,0,0,0,0,0,0,0,0,0,0,0,0,0,0,0,0,0,1,1,5,2,0,3,2,0,1,3,2,3,2,3,0,0,1,1,2,1,1,4,3,3,5,3,5,4,2,1,4,2,8,2,0,3,1,0,2,2,0,4,0,0,1,4
FOODS_3_196,FOODS_3,0,0,1,2,1,2,0,1,0,1,0,1,0,0,0,2,1,2,0,1,0,2,1,1,0,0,0,0,0,1,0,2,1,1,0,1,1,1,0,2,3,1,0,3,1,1,0,0,0,0,1,3,0,0,1,0,0,4,1,0,1,0,0,0,3,2,0,0,0,0,2,1,0,0,1,1,0,0,2,3,0,0,0,0,0,1,0,1,1,1,0,1,0,0,1,0,0,1,0,1
FOODS_3_145,FOODS_3,0,1,1,0,0,1,0,0,2,0,0,0,0,0,0,1,0,0,1,1,1,2,2,1,1,2,0,0,1,0,1,0,1,1,0,2,0,2,1,1,0,0,0,0,1,1,0,0,1,1,0,0,1,2,1,1,0,1,0,0,0,1,1,0,0,0,0,1,0,0,0,0,0,0,0,0,0,0,0,1,0,0,0,0,0,2,0,0,1,1,0,0,3,0,1,0,0,0,1,1
FOODS_3_426,FOODS_3,0,0,1,2,0,0,1,1,1,1,2,1,1,1,2,1,2,4,0,3,1,0,4,2,2,1,1,1,3,3,2,0,1,2,1,4,2,0,1,2,0,0,0,2,4,1,0,2,0,1,0,2,2,0,0,1,1,0,1,0,1,1,0,0,5,1,1,1,0,1,2,2,2,1,0,3,2,0,1,4,1,1,2,0,5,1,0,1,0,2,2,1,5,0,0,2,1,0,2,4
FOODS_3_669,FOODS_3,7,4,12,3,5,2,0,1,0,1,0,5,4,7,2,2,3,2,4,7,1,1,0,2,0,1,0,8,0,2,5,0,1,1,0,0,0,0,0,2,2,3,4,2,1,0,3,2,8,1,3,1,1,0,1,0,0,2,1,0,4,5,7,5,2,5,3,2,1,2,4,2,0,2,0,1,0,1,4,3,3,3,2,5,5,5,2,1,0,0,1,12,5,2,5,2,2,0,1,2
FOODS_3_528,FOODS_3,1,0,0,6,2,0,0,0,2,2,1,1,1,0,0,7,1,1,0,1,1,2,1,5,0,1,0,1,2,0,1,0,0,1,0,0,1,0,1,0,1,0,0,0,1,0,1,0,0,2,0,0,0,0,1,2,0,2,1,0,2,0,5,0,1,5,0,0,0,0,0,1,0,0,0,0,1,1,1,1,0,0,0,0,0,0,2,0,2,0,0,0,1,1,0,1,0,0,1,0
FOODS_2_103,FOODS_2,1,2,0,0,1,0,2,3,1,0,0,2,0,1,1,0,0,1,0,0,0,1,0,1,0,1,0,0,1,0,0,2,1,0,0,1,0,0,0,0,0,1,1,1,1,0,0,0,0,2,0,1,1,0,0,0,3,0,0,1,1,1,0,0,0,0,0,0,1,2,1,0,0,1,1,2,0,0,0,0,0,0,0,0,0,0,0,2,0,1,1,2,1,0,0,0,0,0,0,0
FOODS_3_660,FOODS_3,0,1,0,0,3,1,0,1,2,1,0,0,0,1,2,2,0,0,0,0,0,2,0,1,1,0,0,0,0,0,4,0,1,0,0,0,0,2,0,1,0,1,0,0,1,0,2,1,0,0,1,1,0,11,0,1,0,0,3,2,4,3,0,9,3,0,0,2,2,1,1,0,0,0,0,0,2,2,1,2,1,3,0,2,1,4,0,0,0,0,2,2,1,2,1,0,1,0,1,1
FOODS_3_622,FOODS_3,0,0,0,1,0,0,1,0,0,0,1,1,0,1,0,0,1,0,1,0,1,1,0,1,0,0,1,0,0,2,1,0,0,0,0,1,1,0,0,0,1,1,1,0,1,0,0,0,0,1,2,0,1,0,0,1,0,1,1,1,0,1,0,0,1,2,0,0,1,0,0,2,1,0,0,1,1,1,0,1,0,1,0,0,0,1,0,0,0,1,0,1,0,1,0,2,1,0,0,0
FOODS_3_608,FOODS_3,0,0,0,0,0,0,0,0,0,0,0,0,2,5,0,1,0,2,0,0,3,4,2,0,0,0,1,0,0,0,0,0,1,0,0,1,3,0,0,2,1,1,2,1,0,0,0,0,0,0,2,0,2,1,0,0,5,2,3,0,0,0,0,1,2,1,0,4,0,0,0,1,0,0,1,0,1,0,3,1,3,0,0,2,1,0,1,1,0,0,1,6,1,1,1,1,4,1,1,2
FOODS_3_680,FOODS_3,0,0,0,0,0,0,0,0,0,0,0,1,0,0,0,0,0,1,0,0,0,1,1,1,1,0,1,1,1,1,0,0,1,0,0,2,0,0,3,0,3,0,1,1,2,0,1,3,1,0,2,0,1,1,0,0,3,2,0,0,1,1,2,0,2,0,1,0,0,2,1,1,1,2,1,2,0,1,2,0,1,1,1,4,0,2,1,0,1,3,2,0,0,0,0,1,0,1,2,0
FOODS_2_319,FOODS_2,0,0,0,0,0,3,1,2,0,0,0,0,0,0,2,3,0,0,0,0,1,0,1,0,0,3,0,0,1,0,0,1,0,0,0,1,1,0,0,0,0,1,0,0,0,0,0,0,0,0,0,2,2,2,0,0,2,1,0,0,0,0,0,0,0,0,0,0,0,0,1,0,0,0,0,1,0,1,2,1,1,1,0,1,0,2,1,0,2,0,0,0,0,0,1,0,0,1,0,0
FOODS_2_272,FOODS_2,0,1,2,1,2,0,5,2,3,4,1,0,2,0,3,1,2,3,0,0,0,4,2,0,0,2,1,0,0,0,4,2,3,0,0,2,3,2,0,0,0,0,1,5,0,0,0,0,0,0,0,2,6,0,0,0,4,11,0,1,0,0,0,1,2,0,0,0,1,0,0,1,0,3,4,3,0,0,1,3,0,0,2,4,1,0,0,0,4,3,2,3,1,1,2,5,0,0,0,2
FOODS_1_052,FOODS_1,6,2,1,3,0,0,2,0,0,0,0,0,0,0,2,8,0,0,2,3,0,2,0,0,0,0,0,0,0,0,0,0,4,0,0,0,0,0,9,1,0,4,2,0,1,0,0,3,3,2,0,0,2,0,1,4,2,1,1,0,3,1,0,1,2,0,0,3,4,0,6,2,0,0,0,3,0,2,3,0,0,2,4,0,0,1,0,1,0,0,0,0,1,4,0,0,0,2,2,0
FOODS_3_045,FOODS_3,1,4,0,0,0,0,1,0,0,0,0,0,0,0,0,0,0,0,1,2,0,0,1,0,1,0,0,0,1,3,0,0,1,1,0,0,2,1,0,2,1,0,0,1,2,0,0,1,0,1,1,1,0,0,0,0,0,1,0,5,0,0,0,1,0,1,0,2,1,0,0,4,0,0,0,2,0,0,3,0,0,2,2,0,1,3,2,0,0,0,0,2,0,0,0,1,0,0,0,1
FOODS_3_170,FOODS_3,1,1,2,2,0,2,2,5,3,1,1,3,0,11,5,3,1,1,0,0,0,1,3,0,2,1,2,0,2,2,2,0,4,0,1,0,0,1,1,3,4,2,0,0,1,1,0,0,0,0,1,3,1,2,2,0,0,1,0,0,0,3,0,1,0,2,2,2,0,0,0,4,2,0,2,0,0,2,2,0,0,0,0,2,1,0,0,2,3,2,2,0,0,0,2,1,0,2,1,0
FOODS_1_133,FOODS_1,1,0,0,0,3,0,1,0,0,0,2,0,1,1,3,2,0,1,1,1,0,0,0,0,1,0,1,0,1,1,1,0,1,0,0,2,0,0,1,0,0,2,3,2,1,2,0,1,0,0,0,0,2,1,0,0,0,2,1,1,0,1,1,1,0,0,0,0,0,0,0,5,1,1,0,0,1,0,1,0,1,0,0,1,1,0,4,2,0,1,0,4,0,2,1,1,2,2,3,4
FOODS_2_190,FOODS_2,0,0,0,0,0,0,0,0,0,0,0,0,0,0,1,0,0,2,4,0,0,0,9,0,1,0,2,0,1,0,0,1,0,2,0,2,1,4,0,1,2,7,0,0,2,0,0,0,6,0,0,2,2,0,0,1,1,0,4,2,0,0,3,2,1,1,0,0,2,0,0,1,2,0,2,1,0,1,0,4,1,0,3,0,0,0,0,1,0,0,2,0,0,0,2,1,0,0,0,0
FOODS_3_075,FOODS_3,0,3,1,3,1,3,2,1,2,1,2,2,1,1,4,1,2,1,2,2,2,2,3,4,1,0,0,2,2,2,4,0,1,0,0,1,0,0,2,1,1,0,1,0,0,3,0,1,1,2,3,0,1,1,1,1,3,3,2,1,0,2,1,4,2,1,2,1,0,2,1,1,0,0,1,1,2,1,3,2,0,3,0,0,0,0,0,1,0,0,0,1,4,1,1,1,2,2,1,1
FOODS_3_531,FOODS_3,0,1,1,0,0,1,0,1,0,0,0,1,1,0,0,1,2,3,2,0,0,1,1,1,0,1,1,2,1,2,0,0,0,1,0,0,2,0,1,0,0,0,0,1,1,1,1,1,1,1,0,0,1,3,0,2,1,0,0,0,1,1,0,0,2,4,1,1,0,0,1,2,0,1,0,3,1,0,2,2,1,2,3,0,1,0,0,0,0,2,0,0,0,3,2,3,0,0,0,0
FOODS_3_776,FOODS_3,2,5,1,0,2,1,4,3,3,0,3,2,1,0,3,5,2,1,0,0,1,0,5,2,0,1,5,0,5,1,1,0,1,1,0,0,0,1,3,1,2,0,1,1,0,3,3,1,3,0,2,3,0,0,0,1,1,2,3,2,0,6,0,1,2,2,1,0,0,0,2,0,3,0,1,2,1,0,0,3,6,1,0,0,2,0,2,1,0,1,1,1,3,0,0,0,1,1,0,3
FOODS_2_027,FOODS_2,0,3,0,0,0,0,4,0,0,5,0,0,2,1,0,0,0,1,3,0,2,4,1,0,0,0,2,4,0,0,2,0,0,0,0,0,0,2,0,0,4,2,0,0,0,0,0,0,2,0,0,0,0,0,0,0,4,0,4,0,0,0,0,2,0,0,0,2,0,0,0,0,0,1,0,0,0,1,0,1,1,0,0,0,0,0,0,0,0,5,0,3,0,2,0,0,2,0,0,0
FOODS_2_043,FOODS_2,2,0,4,0,0,8,1,0,0,0,0,1,0,4,1,1,1,0,2,0,0,0,0,3,0,0,0,0,0,2,0,0,0,0,0,2,2,1,0,1,0,0,1,0,0,0,0,1,1,0,3,0,2,1,0,0,1,0,2,0,2,0,1,5,0,1,1,0,0,1,0,0,0,0,0,0,0,0,0,0,0,0,0,0,3,1,1,0,0,2,3,0,1,4,1,1,0,0,0,0
FOODS_1_109,FOODS_1,6,3,1,3,1,0,0,0,0,1,1,0,1,1,1,1,0,0,0,0,2,0,1,2,0,0,1,1,4,3,1,0,1,0,0,2,3,2,3,0,3,1,0,5,1,4,1,1,1,0,2,1,0,1,1,3,1,4,4,1,1,0,1,0,6,0,1,0,0,2,1,4,2,1,0,0,0,0,6,2,1,0,0,3,1,2,0,1,2,1,0,4,2,3,1,2,1,2,1,8
FOODS_1_135,FOODS_1,1,1,1,0,2,1,1,0,2,1,3,0,0,3,3,0,3,1,0,2,0,2,0,0,2,0,1,6,3,2,0,14,1,1,1,1,1,0,1,0,0,1,1,2,0,0,2,1,0,2,3,0,1,1,0,1,6,1,1,0,3,0,6,3,3,1,3,0,1,0,0,7,0,1,0,0,0,7,2,2,1,4,3,0,1,1,2,0,0,3,3,1,0,0,0,0,3,1,0,2
FOODS_1_062,FOODS_1,0,2,1,1,6,1,0,2,1,0,0,0,0,0,1,2,0,0,0,0,1,0,2,0,0,2,0,0,0,0,0,2,0,1,1,1,0,0,1,2,2,0,0,1,1,0,0,0,0,1,0,0,0,0,1,0,0,0,0,1,1,0,0,2,1,1,2,0,0,0,0,1,0,1,0,2,3,2,2,3,3,2,1,0,2,1,2,1,1,2,0,0,0,0,0,0,0,2,0,1
FOODS_3_027,FOODS_3,1,0,0,0,0,0,0,0,0,0,1,1,2,0,1,0,2,0,1,2,2,0,4,0,5,2,1,0,1,2,1,3,1,2,0,2,4,1,0,0,1,0,4,0,1,1,1,1,0,0,0,0,0,0,0,0,0,0,0,0,0,0,0,0,0,0,0,0,0,0,1,2,1,0,0,0,0,0,2,0,0,0,0,0,0,0,0,0,0,0,2,0,1,0,0,0,0,0,0,0
FOODS_2_124,FOODS_2,1,0,0,0,0,0,0,1,0,0,0,0,0,0,0,0,0,0,1,0,0,0,0,0,0,2,0,0,0,0,0,0,1,0,0,1,0,3,1,1,2,0,0,0,0,0,0,0,0,0,0,0,0,0,0,1,2,0,2,1,1,0,0,1,0,1,0,0,0,0,0,0,0,0,1,0,0,0,0,5,1,2,0,0,1,0,0,0,3,0,0,1,0,0,3,1,0,0,0,2
FOODS_2_210,FOODS_2,0,4,3,1,0,3,3,3,1,0,3,0,1,0,3,1,1,1,2,0,2,0,1,1,1,1,1,1,2,0,0,0,0,0,2,1,1,0,3,0,2,0,1,0,1,2,0,0,1,2,3,0,2,1,1,0,3,3,4,2,1,0,1,4,1,1,3,0,0,1,1,0,0,3,1,0,1,2,0,1,0,1,2,1,1,2,3,3,1,1,1,3,2,0,1,0,0,2,3,0
FOODS_1_176,FOODS_1,0,0,0,0,0,0,0,2,2,0,0,1,0,2,0,0,2,0,1,0,0,1,2,0,0,0,3,1,0,0,0,0,0,0,0,0,0,1,0,0,1,0,0,1,0,0,3,1,2,0,1,0,0,0,2,0,0,0,0,0,8,0,0,0,2,0,1,1,0,0,2,0,0,0,0,0,0,0,0,1,1,0,1,0,0,0,0,1,2,4,0,0,0,0,0,0,0,0,0,4
FOODS_1_017,FOODS_1,1,1,1,1,1,1,3,0,3,2,1,0,2,1,1,7,2,3,0,1,0,3,1,2,2,0,0,1,8,1,4,1,0,1,1,7,4,3,0,1,0,0,3,3,0,0,3,1,1,0,2,0,1,0,2,3,0,7,4,0,2,3,3,0,9,0,1,0,0,0,5,2,2,0,4,1,0,2,5,0,0,1,0,0,2,4,2,1,2,2,0,0,6,0,0,0,1,5,1,3
FOODS_2_050,FOODS_2,3,0,0,0,0,0,0,4,2,0,0,0,1,0,3,1,0,0,0,2,5,0,3,1,0,0,0,0,0,0,0,0,6,3,4,2,2,1,0,0,0,0,1,0,0,0,1,1,4,1,2,4,3,1,2,0,2,2,4,0,0,5,0,0,3,1,0,2,1,0,0,4,0,1,0,2,3,0,0,0,0,1,3,0,0,0,0,0,1,3,0,0,5,0,0,1,2,0,0,1
FOODS_3_068,FOODS_3,1,0,0,0,0,0,0,0,0,0,0,0,0,0,0,0,0,1,0,0,0,0,0,0,0,0,0,0,0,0,0,0,0,0,0,0,0,0,2,0,3,0,2,0,3,3,1,2,0,2,2,2,2,1,4,1,0,0,0,1,3,0,0,1,3,2,0,1,2,2,1,0,1,3,0,0,0,0,0,0,3,0,0,1,2,2,0,1,2,0,0,2,1,2,0,0,1,0,2,0
FOODS_2_177,FOODS_2,1,1,1,1,7,0,1,2,2,0,0,4,0,0,0,1,0,1,0,1,3,0,2,1,2,1,2,0,0,1,0,0,2,1,0,3,0,1,1,0,0,0,0,1,0,5,0,0,0,0,0,1,2,1,0,3,2,2,0,0,2,2,0,0,0,4,0,0,0,2,0,0,1,0,0,0,0,0,4,1,0,0,0,0,3,0,0,3,0,5,0,0,0,0,3,0,2,0,0,2
FOODS_3_553,FOODS_3,1,1,0,2,0,0,3,1,2,1,0,3,0,2,3,0,3,1,0,0,0,4,0,1,0,0,0,1,1,1,0,1,1,0,0,1,1,1,1,1,1,0,3,0,4,0,2,0,1,1,1,2,1,1,0,3,1,2,0,0,1,0,3,6,0,0,1,1,0,0,1,1,1,2,2,5,0,1,8,1,1,0,0,0,9,0,2,1,0,2,0,0,0,1,1,1,0,0,2,1
FOODS_2_284,FOODS_2,0,0,5,0,0,0,0,1,0,2,3,1,0,0,1,0,0,1,1,0,1,0,0,0,1,3,0,2,2,0,0,0,0,0,0,1,0,0,0,0,0,0,4,1,0,2,1,1,0,0,2,2,2,0,0,1,1,1,5,0,0,0,0,2,1,3,2,0,0,2,0,0,1,0,1,0,1,3,1,0,3,1,0,0,0,2,0,1,3,0,3,3,1,0,0,0,2,1,0,1
FOODS_3_095,FOODS_3,0,2,1,0,1,0,2,1,0,1,0,1,0,1,0,0,0,0,1,0,0,0,2,0,0,1,2,0,1,1,1,1,0,1,1,1,1,1,0,0,3,0,1,1,0,0,0,0,0,0,1,0,0,0,0,0,2,2,1,0,1,0,1,0,1,1,0,1,2,0,2,0,1,0,0,1,1,2,0,0,2,1,2,1,0,0,0,0,1,4,0,3,0,0,1,0,0,2,1,0
FOODS_2_301,FOODS_2,9,1,2,2,4,2,3,0,0,0,1,0,0,0,0,0,5,0,0,1,2,0,0,0,0,0,0,0,0,0,0,0,0,0,0,0,0,0,0,2,4,1,2,1,0,1,1,6,1,0,2,3,1,6,2,1,4,1,0,2,3,5,0,1,0,7,1,2,1,0,2,3,2,0,1,2,0,0,3,4,0,2,4,0,3,5,1,2,2,3,1,0,4,0,0,0,2,1,4,0
FOODS_3_620,FOODS_3,1,5,1,0,1,0,1,0,2,0,1,1,4,0,1,2,4,1,0,2,0,0,2,2,1,2,1,2,0,0,2,0,1,4,0,2,0,0,0,1,0,1,1,0,0,0,1,2,0,1,2,0,2,1,2,0,0,1,0,1,0,3,0,1,4,2,1,1,0,1,2,4,1,1,1,0,0,1,1,0,0,0,2,0,1,2,0,1,2,0,2,2,3,1,0,1,0,1,1,3
FOODS_3_658,FOODS_3,0,1,0,1,0,0,0,0,0,3,0,0,1,2,2,2,0,1,0,1,0,1,1,1,0,0,3,0,0,0,1,2,2,0,1,1,2,0,1,0,1,1,0,0,0,0,0,0,1,0,2,0,0,1,0,0,2,1,0,1,0,2,0,2,2,1,0,0,0,0,2,1,1,0,0,3,3,0,1,4,0,0,1,0,4,2,0,2,0,0,1,6,0,0,0,1,2,0,2,0
FOODS_1_014,FOODS_1,1,1,1,4,0,3,0,0,4,1,0,7,0,1,1,0,0,0,0,0,0,1,1,1,3,2,1,1,0,0,0,1,0,0,0,1,4,0,2,0,0,0,0,0,0,2,0,0,2,2,9,0,2,0,1,2,1,2,0,2,1,0,3,2,2,2,3,0,1,0,1,1,1,0,0,1,0,1,0,2,2,0,6,0,1,0,2,1,1,1,3,4,1,1,1,2,3,3,2,0
FOODS_3_345,FOODS_3,0,0,0,0,0,0,0,1,0,0,0,0,0,0,0,0,0,0,0,0,0,0,0,1,0,0,0,0,0,0,0,0,0,0,0,0,0,0,0,0,0,0,0,0,0,0,0,0,0,0,0,1,0,0,0,1,0,0,0,6,0,0,0,0,0,3,0,1,0,0,0,0,0,0,0,0,0,0,0,0,0,2,2,0,0,0,0,0,1,0,0,0,1,0,0,0,0,0,2,0
FOODS_3_639,FOODS_3,4,2,3,1,2,3,1,4,5,2,0,1,3,1,4,5,1,0,5,3,4,1,4,2,4,6,0,2,0,4,5,1,0,1,3,3,3,0,4,1,6,2,5,2,2,1,1,0,3,3,3,1,3,4,1,3,2,2,1,7,1,0,2,5,5,0,0,0,0,0,2,0,2,3,1,1,1,1,2,0,1,3,0,4,3,0,2,6,3,3,0,4,4,1,3,2,4,2,1,6
FOODS_3_060,FOODS_3,1,0,1,0,0,4,0,0,6,1,2,1,1,1,1,4,2,3,0,1,0,2,3,2,1,1,0,0,1,0,3,2,0,0,2,2,2,2,0,0,2,1,2,2,1,3,2,1,0,2,1,3,1,1,1,4,3,6,4,1,3,1,1,5,0,0,1,1,1,3,1,3,1,2,3,2,1,2,1,1,1,4,0,0,3,3,5,1,0,2,0,0,1,2,0,1,0,1,2,5
FOODS_3_650,FOODS_3,0,1,1,1,0,2,0,0,0,0,2,1,0,0,2,2,0,2,0,0,1,1,2,1,3,1,2,0,1,2,1,3,0,1,2,0,3,3,2,0,1,0,1,4,5,2,1,3,2,1,4,2,3,3,4,2,3,6,3,3,3,1,1,1,2,0,0,3,0,0,1,5,1,1,0,1,2,1,2,0,2,0,1,2,3,2,2,1,2,1,6,3,1,2,3,0,0,0,0,2
FOODS_3_073,FOODS_3,0,0,0,0,0,0,0,0,0,0,0,0,0,0,0,0,0,0,0,0,0,0,0,0,0,0,0,0,0,0,0,0,0,0,0,0,0,0,0,0,0,0,0,0,0,0,0,0,0,0,0,0,0,0,0,0,0,0,0,0,0,0,0,0,0,0,0,0,0,0,0,0,0,0,0,0,0,0,0,0,0,0,0,0,0,0,0,0,0,0,0,0,0,0,0,0,0,0,0,0
FOODS_2_277,FOODS_2,2,0,2,0,2,2,3,1,0,1,1,2,0,0,0,4,0,4,2,0,2,8,3,0,0,0,1,0,2,0,1,0,1,0,0,1,0,0,0,0,0,0,0,0,0,0,4,0,3,1,2,0,0,1,0,1,4,0,0,0,0,4,4,5,0,0,1,1,2,2,0,0,1,1,1,2,2,2,1,0,0,1,0,0,2,0,2,4,2,0,2,1,0,1,0,2,0,2,4,2
FOODS_2_224,FOODS_2,0,2,1,0,0,1,2,3,1,0,0,3,1,2,1,0,1,0,0,0,0,2,1,6,0,1,0,3,0,2,1,0,1,0,0,2,0,1,0,0,0,1,1,0,1,2,1,0,0,1,3,1,2,0,2,1,2,0,5,0,0,0,1,0,0,1,0,0,0,1,0,0,0,0,0,0,1,2,2,0,0,1,1,5,0,1,3,1,0,0,1,0,2,0,1,0,0,0,1,2
FOODS_3_649,FOODS_3,0,0,0,0,0,0,0,0,0,0,0,0,0,0,0,0,0,0,0,0,0,0,0,0,0,0,0,0,0,0,0,0,0,2,0,0,0,0,0,0,0,0,0,0,0,0,0,0,0,0,0,0,0,0,0,0,0,0,2,0,0,0,0,0,2,1,1,0,0,0,1,0,0,3,1,0,0,0,0,1,0,1,5,0,1,1,0,0,0,1,0,0,0,1,0,2,0,0,0,1
FOODS_3_543,FOODS_3,0,0,0,1,0,0,1,0,1,0,0,0,0,0,1,1,1,1,0,1,1,1,0,0,0,2,0,0,0,0,0,1,0,0,0,0,0,0,0,0,0,0,0,0,0,1,0,0,2,1,0,1,0,1,0,1,1,0,0,0,0,0,0,0,0,0,2,1,0,0,0,1,0,0,0,0,1,1,1,0,0,0,0,1,0,0,3,2,1,0,0,0,2,0,0,0,0,0,0,2
FOODS_2_373,FOODS_2,0,0,2,1,0,1,0,1,4,2,0,1,2,2,2,3,2,0,1,1,0,2,3,2,0,3,3,4,0,1,2,1,0,0,0,0,3,1,0,0,1,6,0,2,1,1,0,0,0,2,2,1,4,0,0,0,2,2,3,0,0,0,0,2,0,0,0,0,0,2,2,6,1,2,0,1,0,1,6,0,1,0,3,1,0,3,3,2,1,0,0,0,1,0,0,0,1,3,2,2
FOODS_2_163,FOODS_2,0,3,0,1,0,0,0,1,0,1,1,0,0,0,1,0,0,0,0,0,2,0,2,2,2,1,0,0,2,0,0,0,1,2,0,0,2,1,0,0,0,4,0,0,2,0,0,0,0,0,4,1,1,0,0,0,2,1,0,0,1,0,0,1,0,1,1,0,0,0,0,0,0,2,0,0,0,0,2,2,0,0,0,0,0,3,2,0,1,0,0,1,3,0,2,0,0,0,0,2
FOODS_3_365,FOODS_3,3,0,0,0,0,4,0,0,2,2,1,2,1,3,0,1,1,2,0,1,0,0,0,1,1,0,2,1,0,1,1,1,0,2,1,1,0,0,0,0,0,0,1,1,3,0,1,2,0,0,0,0,0,0,0,1,0,0,0,0,0,0,0,0,0,0,0,0,0,0,0,0,0,1,0,0,0,0,0,1,1,2,0,0,1,0,0,0,0,2,1,3,0,0,0,0,0,4,0,2
FOODS_1_101,FOODS_1,12,1,1,4,4,3,0,0,3,2,0,1,0,5,0,1,0,5,3,2,0,0,0,0,1,5,1,2,16,0,1,1,0,0,1,2,0,2,3,2,1,0,0,0,0,0,1,2,1,0,1,0,0,0,0,4,0,1,0,0,0,0,1,0,0,0,0,0,0,2,3,1,0,0,0,0,0,1,0,0,0,0,0,0,1,0,1,0,2,1,0,0,5,1,0,0,0,0,0,0
FOODS_3_429,FOODS_3,2,0,1,1,1,2,2,1,1,0,2,1,1,1,2,1,2,4,0,2,1,2,3,1,4,1,0,2,2,6,1,0,0,0,0,1,1,1,0,4,4,1,1,1,0,1,5,0,1,2,2,1,1,1,0,1,1,1,3,2,0,1,1,1,1,2,1,0,1,1,1,3,1,0,1,1,0,2,3,2,1,2,1,2,1,1,2,1,0,1,1,1,2,0,0,1,2,1,2,1
FOODS_2_186,FOODS_2,3,0,1,0,0,0,1,1,1,0,0,0,0,0,1,2,1,1,2,0,1,2,1,0,1,0,2,1,0,2,0,1,2,1,1,3,0,0,0,1,1,1,1,0,0,1,1,0,1,0,0,0,2,0,2,1,0,0,3,0,2,2,0,1,0,0,0,0,1,4,0,1,2,2,0,2,0,0,0,0,1,0,0,1,0,3,0,0,0,0,4,0,1,0,0,3,0,0,1,2
FOODS_2_001,FOODS_2,0,4,3,0,1,0,0,2,2,2,0,0,0,3,0,1,1,0,2,4,2,0,1,0,9,5,0,0,2,0,2,4,1,0,1,2,0,2,0,1,0,2,3,0,1,2,0,0,1,1,5,2,0,0,1,1,0,2,0,3,0,1,1,5,0,1,0,1,0,3,0,0,0,0,0,0,1,1,0,0,0,1,1,1,3,1,0,0,1,0,0,2,1,0,0,0,1,1,0,0
FOODS_2_234,FOODS_2,0,1,1,0,0,1,0,2,4,0,2,2,0,0,1,0,4,1,0,0,0,0,2,1,0,2,1,0,2,2,2,0,1,0,0,2,4,3,2,0,0,0,0,0,3,0,0,0,0,1,1,1,0,2,0,1,1,3,0,1,0,0,0,6,5,1,1,0,0,0,1,4,0,1,4,1,0,0,3,1,2,0,1,0,2,0,0,0,2,1,0,2,1,2,5,0,0,0,0,1
FOODS_3_724,FOODS_3,0,3,2,0,2,1,0,2,1,1,1,2,1,2,3,2,0,0,1,1,2,0,0,2,1,1,1,0,0,0,0,0,1,1,0,0,1,0,2,0,0,1,0,0,0,0,0,0,0,0,0,0,0,0,0,0,0,0,0,0,1,0,0,1,1,2,0,1,0,0,0,0,0,4,3,0,0,2,0,1,0,0,0,5,1,0,1,1,0,1,1,0,1,1,3,1,0,0,0,1
FOODS_3_733,FOODS_3,4,0,4,2,0,1,0,1,1,1,0,1,2,1,1,2,3,2,0,0,1,3,1,0,1,0,2,1,3,1,0,1,1,0,0,0,2,0,0,1,0,0,3,1,0,0,0,0,2,2,1,1,0,1,1,1,2,2,2,0,3,1,0,0,3,0,1,0,0,1,0,2,3,0,2,1,0,2,0,1,0,0,0,0,0,0,1,0,0,1,3,0,1,1,0,1,2,1,2,0
FOODS_3_457,FOODS_3,1,1,0,1,1,1,1,1,0,2,1,2,0,0,1,0,3,2,0,0,0,0,2,3,2,0,2,0,2,0,2,0,1,1,1,1,0,3,2,0,0,1,2,1,1,0,1,1,2,1,1,2,1,5,0,0,0,9,3,0,2,0,1,0,2,0,1,2,1,3,0,1,1,0,0,0,0,2,1,3,1,0,5,3,2,1,1,0,1,2,1,6,0,1,2,0,0,1,2,2
FOODS_3_456,FOODS_3,1,0,0,0,1,0,0,1,2,0,0,1,0,1,0,3,1,1,4,1,1,1,0,2,1,1,1,0,1,3,0,1,1,2,0,1,1,0,0,0,0,1,0,0,0,1,0,1,0,1,0,2,1,1,0,2,1,0,0,1,1,2,0,1,1,1,0,0,1,1,0,2,1,0,0,0,1,0,0,1,0,0,1,0,0,2,1,0,0,1,0,0,1,0,0,2,1,0,0,1
FOODS_3_701,FOODS_3,5,2,0,0,1,0,1,1,4,3,0,2,4,4,3,1,1,1,2,3,1,3,5,0,2,3,2,2,2,2,4,2,2,1,1,5,2,1,1,3,1,0,0,0,2,3,0,2,2,5,1,6,2,2,2,1,0,1,5,1,0,1,2,3,3,1,3,1,2,0,2,0,1,0,0,1,3,2,3,0,0,6,0,0,1,3,2,0,1,1,0,0,3,0,1,1,1,3,0,3
FOODS_2_264,FOODS_2,4,1,0,0,4,2,1,1,0,1,1,1,3,1,0,1,0,0,0,0,0,0,0,0,0,5,3,0,3,1,1,1,0,2,0,0,0,0,0,0,0,0,0,0,0,0,0,1,2,2,1,1,2,2,0,9,3,0,0,0,0,0,0,1,2,0,2,1,1,1,0,0,0,4,1,2,0,1,0,4,2,1,2,1,1,3,0,2,0,0,1,1,5,2,1,0,0,0,0,1
FOODS_2_320,FOODS_2,2,2,3,0,0,2,3,0,2,1,0,0,0,0,0,0,0,5,0,0,0,0,1,1,0,7,2,1,1,1,2,4,0,1,0,0,1,0,0,1,1,1,0,0,0,2,1,0,1,0,0,5,0,4,0,0,0,4,2,0,0,0,0,1,0,2,1,0,0,1,3,0,0,1,0,1,0,0,0,2,1,2,0,0,1,5,0,2,0,1,0,2,0,0,0,1,0,0,0,0
FOODS_1_144,FOODS_1,2,1,5,0,0,1,2,3,1,1,2,2,1,1,3,0,1,0,0,2,1,0,0,0,0,1,0,0,1,1,0,1,0,2,0,1,1,1,1,0,1,1,0,1,0,0,0,1,1,0,1,0,1,2,3,0,3,0,0,0,0,0,0,2,3,1,1,2,0,0,0,3,3,0,0,0,0,4,3,0,1,2,0,4,1,2,1,2,1,0,1,0,4,0,0,0,0,1,0,0
FOODS_3_312,FOODS_3,0,0,0,2,0,1,1,0,0,0,2,0,2,0,1,4,0,7,0,3,1,3,3,2,0,2,1,1,1,1,4,1,0,1,1,2,2,1,1,0,2,4,2,1,0,1,0,0,2,2,0,1,2,2,1,1,0,0,0,0,4,0,0,0,0,0,1,2,2,4,0,0,0,2,0,0,0,1,0,0,2,1,1,2,1,1,3,0,0,0,2,1,2,1,1,3,2,0,0,1
FOODS_1_073,FOODS_1,0,0,0,0,0,1,1,0,1,1,1,1,2,1,1,0,0,0,1,0,0,2,0,0,1,2,1,0,2,0,0,0,1,0,1,0,2,0,0,1,0,2,1,0,0,0,0,0,1,0,0,0,0,0,2,0,0,0,0,1,2,0,6,0,0,1,2,0,0,2,2,0,0,0,2,0,1,0,1,0,1,0,0,0,0,1,0,0,1,0,1,0,0,0,0,3,1,0,0,0
FOODS_3_492,FOODS_3,2,1,2,0,0,2,0,3,1,2,1,0,0,0,1,3,0,2,1,1,1,1,4,1,1,0,2,3,4,0,6,2,0,1,2,2,1,1,0,1,1,0,1,0,0,0,1,1,0,1,1,1,0,0,1,0,0,1,2,0,0,1,1,0,0,4,2,2,2,2,1,1,0,1,0,0,0,2,2,0,0,2,1,1,2,0,6,2,0,2,2,2,1,0,0,0,1,1,0,4
FOODS_3_677,FOODS_3,1,0,0,0,3,1,0,1,2,1,0,1,0,1,2,1,0,1,0,0,4,0,0,1,0,1,1,1,0,0,2,0,0,0,1,0,1,0,0,1,0,0,0,1,0,1,0,0,1,0,1,5,0,0,0,1,0,0,0,1,0,2,0,1,1,0,3,0,0,0,0,2,2,0,0,0,1,0,1,1,0,1,0,1,2,0,1,0,1,0,1,0,0,0,0,0,1,0,0,2
FOODS_2_105,FOODS_2,2,0,1,7,1,0,2,0,2,0,3,0,0,0,0,1,0,1,2,1,1,0,3,0,1,1,0,0,0,2,0,0,0,0,0,1,0,6,0,1,0,0,4,0,0,0,0,1,0,0,1,1,1,0,1,0,1,1,1,1,0,2,1,0,0,0,0,5,1,0,2,2,0,1,1,0,0,0,1,0,1,0,0,0,0,0,5,1,2,0,0,0,0,2,0,0,2,0,0,0
FOODS_2_018,FOODS_2,0,0,0,1,0,1,2,0,3,0,1,2,0,0,0,0,0,1,3,0,0,2,2,0,1,1,2,0,1,4,2,0,1,0,0,0,0,0,1,0,2,0,0,0,1,1,0,0,0,4,0,1,0,2,0,4,1,6,1,1,2,1,3,3,1,0,0,0,1,4,0,0,0,0,0,0,0,0,2,0,1,2,0,2,1,1,1,1,0,0,0,0,1,0,0,2,0,0,2,1
FOODS_3_554,FOODS_3,0,3,1,0,2,0,1,0,0,0,0,1,0,0,0,1,1,1,1,0,0,0,0,1,1,1,1,2,0,0,0,0,1,2,0,0,0,0,0,0,0,0,0,0,0,0,0,0,0,0,0,2,0,2,0,0,0,0,1,1,0,0,1,1,0,0,0,1,1,0,0,0,1,0,0,0,0,0,1,2,0,0,0,2,0,0,0,0,0,0,3,1,0,0,0,0,0,0,1,0
FOODS_1_191,FOODS_1,5,0,0,1,1,2,4,0,1,0,1,1,7,1,2,0,0,0,3,1,0,1,0,2,0,1,8,0,3,0,0,2,1,3,2,1,0,0,2,2,5,0,5,0,0,4,0,0,1,0,5,0,2,3,2,1,2,0,2,1,2,2,0,0,2,1,0,0,4,0,0,1,1,2,1,0,0,1,1,2,0,0,0,0,0,2,0,0,0,0,0,0,0,4,0,1,3,0,1,2
FOODS_3_815,FOODS_3,0,0,0,0,1,1,0,0,0,0,0,0,17,1,0,2,1,8,0,0,0,0,0,0,0,0,0,2,0,0,1,0,0,0,0,1,0,2,0,0,0,1,1,1,1,1,1,0,1,0,0,0,2,0,0,3,1,0,2,1,0,1,1,0,4,0,1,0,0,0,2,2,6,1,23,0,0,0,1,0,7,0,0,0,0,1,0,22,0,0,0,1,0,0,12,0,0,0,0,0
FOODS_1_169,FOODS_1,9,0,5,0,0,1,1,1,2,5,1,2,1,0,0,0,0,1,0,0,1,0,0,0,5,1,2,0,0,1,0,0,2,0,0,0,0,6,2,0,1,0,2,0,0,1,1,2,2,0,0,0,0,0,1,4,0,0,0,1,0,2,2,0,2,0,1,1,1,2,1,0,0,0,0,0,1,1,0,1,3,0,1,0,2,0,1,6,0,0,0,0,0,0,0,0,1,1,1,0
FOODS_3_709,FOODS_3,0,4,2,4,4,1,3,0,14,0,0,6,1,0,2,1,1,2,0,4,1,4,1,1,3,4,1,0,7,0,2,5,2,2,1,3,2,6,2,2,1,2,3,2,3,1,2,2,2,1,4,2,0,3,2,2,3,2,1,0,0,0,3,5,3,2,3,3,0,1,2,2,1,4,2,0,0,0,0,0,0,0,0,0,0,0,0,0,0,0,0,0,0,0,0,0,0,0,0,0
FOODS_3_114,FOODS_3,1,2,0,0,0,0,0,0,0,0,0,0,0,0,1,0,0,2,0,0,0,0,0,0,0,0,1,1,0,0,0,0,0,0,2,1,3,2,1,1,0,0,1,3,1,1,3,0,0,4,1,2,0,1,3,1,3,0,0,2,5,1,6,3,6,2,2,2,2,0,2,4,1,2,0,4,4,0,0,4,1,2,2,1,0,5,3,3,3,0,2,2,2,3,1,7,1,0,0,4
FOODS_3_240,FOODS_3,1,3,0,0,1,0,0,0,0,0,0,0,0,0,5,3,0,1,2,0,1,1,1,3,0,0,1,0,2,2,0,2,1,1,1,2,3,0,0,3,0,0,3,2,1,0,1,0,0,2,6,2,2,4,0,0,2,3,0,0,0,0,0,0,0,2,1,5,0,0,0,1,0,0,1,0,0,0,3,1,0,0,0,0,0,0,0,0,0,7,0,5,0,0,0,0,0,5,3,0
FOODS_3_157,FOODS_3,0,0,4,1,1,1,1,0,1,1,1,1,0,0,2,0,0,1,1,0,1,0,0,0,1,0,0,0,2,1,1,0,0,1,1,1,2,1,0,1,1,1,0,0,1,0,1,1,0,0,4,13,0,0,0,2,0,1,0,1,1,1,1,3,3,1,0,1,3,2,2,1,3,2,1,1,3,0,5,6,0,0,1,1,0,0,2,1,0,3,5,3,0,0,0,0,0,3,0,1
FOODS_2_335,FOODS_2,3,3,2,1,3,2,0,0,2,1,0,2,0,0,1,2,2,0,3,0,1,0,0,1,1,0,2,1,0,1,1,1,0,1,0,1,2,0,2,1,1,1,0,0,1,0,0,1,1,0,1,1,1,1,1,1,0,0,0,0,4,0,0,2,0,3,1,0,0,0,1,0,1,0,0,2,1,0,0,0,5,1,0,2,1,0,2,1,0,0,0,1,0,0,2,3,1,1,0,1
FOODS_2_004,FOODS_2,3,1,2,1,2,1,1,1,0,2,2,2,0,0,2,0,1,1,0,1,1,1,2,1,1,3,0,1,1,0,1,1,1,0,0,2,1,2,0,0,1,0,0,0,1,0,0,1,0,0,2,1,4,0,1,0,2,1,2,1,0,3,0,0,2,0,3,8,3,2,0,3,3,0,0,0,0,2,2,1,0,2,1,0,3,7,3,3,1,0,3,0,1,1,0,2,2,1,2,1
FOODS_3_826,FOODS_3,0,3,0,1,2,0,2,0,3,3,0,2,2,1,1,4,0,2,1,1,2,3,1,2,3,3,3,2,0,4,4,3,2,2,2,3,2,1,4,2,3,3,1,5,1,0,4,1,1,2,2,0,1,2,3,2,0,4,5,0,0,2,5,2,2,0,1,1,3,0,1,3,1,1,1,0,2,0,0,0,0,0,0,0,0,0,0,0,0,0,0,0,0,0,0,0,0,0,0,0
FOODS_2_308,FOODS_2,0,0,0,0,0,0,0,0,0,0,0,0,0,0,0,0,0,0,0,0,0,0,1,1,0,0,1,0,1,0,0,0,0,0,0,0,0,0,1,0,3,0,0,0,0,0,0,1,0,0,1,0,0,0,0,0,0,0,0,1,0,0,0,0,0,1,0,0,0,0,0,0,0,0,0,0,0,0,0,0,0,1,1,1,1,0,2,1,0,0,2,1,1,0,0,0,1,0,0,1
FOODS_2_132,FOODS_2,1,1,1,0,0,0,0,0,3,1,0,0,0,1,0,0,0,0,0,0,1,5,0,2,3,0,2,0,0,0,0,0,0,0,0,0,0,0,0,0,0,0,0,0,0,0,0,0,0,0,0,0,0,0,0,0,0,0,0,0,0,0,0,3,1,0,2,0,2,0,0,0,3,2,0,1,5,1,4,0,0,3,3,0,0,0,1,2,0,0,0,2,2,1,0,3,2,0,0,1
FOODS_2_370,FOODS_2,1,1,0,0,0,0,0,0,0,0,0,0,0,0,1,0,0,0,0,0,0,0,0,0,0,0,0,0,0,0,0,0,0,0,1,0,0,1,0,1,1,0,0,0,2,0,0,0,1,5,0,0,0,0,2,0,0,0,0,3,1,2,0,0,0,0,0,0,0,0,3,0,1,0,0,0,2,0,1,2,0,0,1,5,0,1,2,0,0,0,0,0,4,1,0,0,2,0,0,0
FOODS_3_420,FOODS_3,0,0,2,1,0,0,0,1,0,0,1,0,1,0,1,1,0,0,1,0,0,0,2,0,0,0,1,0,1,1,1,0,0,0,3,0,0,1,0,0,1,1,0,0,0,0,1,0,0,0,2,0,0,0,3,0,0,0,0,0,0,0,1,1,0,0,1,0,0,0,0,0,0,0,0,0,0,0,0,0,0,0,0,0,0,0,0,0,0,1,0,1,2,0,1,0,3,1,0,3
FOODS_3_445,FOODS_3,0,1,2,2,0,1,1,1,1,0,3,1,0,0,1,1,3,28,0,0,6,2,0,1,1,2,0,1,3,0,6,0,1,2,1,1,0,0,1,0,0,0,2,2,1,0,0,0,0,0,0,0,2,1,1,20,2,0,2,0,0,6,0,2,1,2,1,0,0,1,2,1,0,0,12,0,2,2,0,1,2,0,2,1,0,0,0,1,2,1,0,0,2,0,0,0,2,1,1,1
FOODS_1_188,FOODS_1,6,4,17,0,0,8,3,4,0,4,1,4,1,0,5,0,2,1,1,2,1,1,10,3,3,6,1,3,2,5,1,2,2,2,2,4,3,4,1,0,0,1,3,2,1,0,0,2,3,3,2,2,1,0,0,0,0,6,4,4,0,0,0,0,4,3,1,0,2,0,3,2,1,1,0,1,0,3,7,0,4,0,0,2,0,1,1,6,0,1,0,0,2,2,0,3,3,2,4,0
FOODS_3_056,FOODS_3,1,0,0,1,0,0,1,1,2,0,0,0,0,0,1,2,0,0,2,0,1,1,2,3,0,0,0,1,1,0,0,0,0,0,0,0,0,1,0,0,0,2,0,0,1,0,0,0,0,1,3,0,0,0,1,0,0,0,0,0,1,0,0,0,4,0,0,0,1,0,0,0,0,0,0,1,0,0,1,0,0,0,0,0,0,0,0,1,0,4,0,0,0,0,0,1,1,0,1,0
FOODS_2_236,FOODS_2,1,0,0,0,0,0,2,1,0,0,0,0,0,0,0,0,0,5,1,0,0,0,2,0,0,0,0,0,0,0,0,0,0,0,0,0,1,1,0,2,0,1,1,0,2,0,0,0,0,0,2,1,0,1,0,0,1,3,0,0,0,0,0,0,0,0,0,0,0,0,0,0,0,1,0,0,3,1,2,1,0,0,0,1,3,3,0,4,1,0,1,2,2,0,0,1,0,1,4,0
FOODS_2_188,FOODS_2,2,0,0,0,0,0,0,0,1,1,0,0,1,0,3,0,0,0,5,2,0,0,0,0,0,0,0,0,0,0,0,3,0,0,0,0,1,0,0,0,0,3,1,0,4,0,0,2,0,0,0,0,0,0,0,0,0,1,0,0,0,0,0,0,0,0,0,1,0,1,1,0,1,0,0,0,1,0,0,0,0,0,0,0,0,3,1,0,0,0,0,0,1,0,1,0,0,0,0,0
FOODS_2_202,FOODS_2,0,1,0,2,1,2,1,4,1,0,1,0,0,0,1,3,0,0,2,0,0,2,1,2,0,0,0,0,0,1,0,1,1,2,1,0,0,0,1,1,2,3,0,4,0,1,0,1,0,0,2,2,2,0,0,4,1,1,0,0,2,0,1,0,2,0,0,0,1,2,1,0,0,0,1,1,2,2,6,1,0,0,3,1,0,5,0,3,1,1,3,2,2,1,3,1,0,0,2,2
FOODS_3_773,FOODS_3,0,1,0,0,0,4,0,1,4,0,0,1,3,1,0,3,1,1,4,2,0,1,1,2,0,1,1,1,3,2,0,2,0,1,1,1,2,1,0,1,0,1,2,1,1,1,0,0,0,2,4,2,0,1,0,1,0,0,2,0,1,0,0,3,2,1,1,2,1,1,1,0,1,0,3,0,1,2,4,0,2,0,2,0,2,0,1,1,2,2,1,0,2,1,0,0,5,0,0,3
FOODS_3_375,FOODS_3,0,2,0,0,0,1,0,0,0,1,1,0,0,1,0,0,0,1,0,0,0,0,2,0,0,1,0,1,0,0,1,1,0,0,0,2,0,0,1,0,1,0,1,1,0,0,2,0,0,2,1,1,0,0,1,0,0,1,0,0,1,0,0,3,0,0,0,0,0,0,0,0,0,2,1,0,2,2,0,0,0,0,1,0,0,0,1,0,1,1,0,0,0,1,0,0,1,0,0,0
FOODS_2_133,FOODS_2,0,0,1,0,1,0,0,1,1,0,0,2,0,0,0,0,0,0,0,3,1,1,2,1,0,0,0,0,0,1,0,1,0,1,1,0,2,1,2,2,0,2,1,1,1,2,1,0,0,1,2,3,1,0,1,0,0,1,1,0,3,1,0,0,1,0,2,1,0,0,1,4,1,0,2,2,1,1,0,0,0,3,2,1,1,1,0,3,0,1,4,0,0,1,0,0,0,1,1,0
FOODS_3_105,FOODS_3,0,1,2,2,2,1,3,3,1,1,2,3,0,1,2,1,4,2,0,0,2,2,2,2,0,2,0,0,1,5,2,1,1,0,0,2,0,0,0,1,4,1,0,0,0,1,0,1,1,2,1,1,0,1,2,1,2,2,3,1,0,0,2,0,3,0,1,1,0,1,1,3,1,1,0,1,1,0,0,1,2,0,2,0,3,0,1,1,4,3,1,1,1,0,0,2,0,0,5,3
FOODS_3_484,FOODS_3,0,0,0,0,0,1,0,0,1,1,0,0,0,0,1,0,1,1,0,0,0,0,0,0,0,0,2,0,1,0,0,1,0,0,0,0,0,1,1,0,1,0,0,0,1,0,1,0,0,0,0,0,1,0,1,0,0,1,0,0,0,0,0,1,1,1,1,0,0,0,0,0,0,1,0,0,0,0,0,0,0,0,1,0,1,1,1,1,1,1,0,1,0,1,0,2,0,0,1,0
FOODS_2_120,FOODS_2,0,3,2,0,0,0,0,0,2,0,1,1,4,0,1,2,1,0,2,2,1,4,1,2,3,1,0,0,0,0,2,3,1,1,0,0,4,1,0,2,0,0,1,0,1,0,1,0,0,3,1,1,0,0,0,0,0,1,0,1,0,2,0,0,1,0,0,0,0,0,0,0,0,0,0,2,0,2,3,0,0,1,1,0,0,0,2,0,1,1,0,4,0,0,0,3,0,0,0,0
FOODS_2_011,FOODS_2,2,0,0,0,1,1,2,1,0,0,1,0,0,4,0,0,0,0,0,0,0,0,0,0,0,0,3,2,0,1,0,2,2,0,2,0,0,0,0,0,0,2,0,1,1,0,0,0,3,3,0,1,0,2,0,4,3,0,3,3,0,0,3,1,2,1,0,0,0,0,1,0,0,0,0,1,4,1,4,0,0,2,1,0,0,0,0,0,0,0,2,1,1,0,1,2,0,2,0,0
FOODS_1_064,FOODS_1,0,0,0,0,1,0,0,0,0,0,0,0,0,0,0,0,0,0,0,0,0,0,2,1,0,2,1,0,0,0,0,0,0,0,0,2,1,0,1,3,1,0,0,3,0,1,1,0,2,1,1,1,0,1,1,0,2,1,1,0,0,1,4,0,0,0,0,0,0,0,2,0,1,0,4,0,0,1,1,1,0,1,2,0,0,0,0,0,2,0,0,0,0,1,1,0,0,1,0,0
FOODS_3_778,FOODS_3,1,0,1,0,0,0,0,1,0,1,0,0,0,1,0,0,0,2,0,0,0,0,1,0,0,0,0,0,1,2,0,0,0,0,1,0,0,2,0,0,0,1,2,0,2,0,0,0,0,1,1,1,0,1,0,1,0,1,1,0,1,1,0,1,1,0,1,1,0,1,1,0,0,1,1,0,0,2,0,0,2,0,0,0,0,1,1,0,0,0,0,2,0,0,0,3,2,1,0,4
FOODS_3_125,FOODS_3,1,1,1,1,2,0,1,4,1,2,0,1,0,0,3,1,5,1,0,0,0,1,7,5,2,2,1,1,4,4,2,4,1,1,3,2,3,6,1,0,1,2,2,2,6,6,1,3,0,2,1,2,1,2,1,0,1,2,0,2,4,0,0,0,1,3,2,0,0,0,14,11,9,11,1,1,1,3,1,20,1,0,3,1,5,4,4,3,2,0,1,8,13,3,4,2,3,0,1,0
FOODS_3_735,FOODS_3,2,7,2,1,2,1,4,2,2,3,0,2,2,0,6,4,1,2,4,6,0,0,5,4,2,3,2,6,2,1,1,2,3,0,3,4,2,2,5,0,2,3,5,2,1,2,2,1,1,7,0,0,4,1,3,1,1,6,2,2,4,3,0,4,2,5,3,2,4,7,0,3,1,2,1,6,3,8,4,4,2,2,1,3,6,1,3,0,5,4,2,0,6,4,2,0,1,1,2,2
FOODS_3_780,FOODS_3,4,2,3,1,1,3,2,2,1,4,1,3,2,0,0,0,0,0,0,0,2,0,2,0,0,0,0,0,0,2,2,1,1,0,2,3,1,5,1,1,1,2,4,2,1,3,1,4,1,2,5,2,1,2,3,1,2,1,2,2,2,1,1,0,2,0,4,2,1,3,2,2,2,1,2,0,0,5,3,3,0,3,3,0,4,2,2,5,1,0,1,4,2,4,3,3,0,2,6,4
FOODS_3_641,FOODS_3,3,1,6,3,3,3,3,2,4,3,2,2,0,1,0,2,1,0,1,0,5,1,0,0,1,4,0,0,2,0,0,1,2,0,1,2,3,1,3,4,5,1,2,2,0,1,0,2,1,0,2,0,0,2,0,3,0,6,2,0,3,0,0,0,4,3,1,1,0,0,0,2,5,0,0,0,2,4,1,2,2,2,0,0,0,2,2,2,0,2,0,3,5,1,0,1,4,3,2,1
FOODS_2_314,FOODS_2,0,0,2,2,0,0,0,0,0,2,1,0,0,1,0,0,0,3,0,0,1,2,0,0,1,0,1,2,2,1,1,1,1,1,1,2,0,0,0,3,0,0,0,0,0,1,0,0,0,2,2,1,2,1,0,0,0,3,0,1,1,1,0,1,1,1,0,0,0,0,1,1,0,0,0,0,0,0,0,0,1,2,0,1,0,2,2,0,2,0,2,1,1,0,0,1,1,0,2,4
FOODS_3_813,FOODS_3,2,3,2,0,0,1,2,4,6,3,2,1,0,1,3,2,2,3,0,0,2,0,4,5,0,1,4,3,1,3,7,2,2,0,0,1,3,4,3,2,2,1,5,4,3,1,1,0,2,2,2,6,2,1,5,1,3,7,5,0,2,1,3,4,8,2,2,2,1,0,5,5,5,1,2,2,3,3,8,3,2,0,3,6,2,2,6,1,3,4,2,3,5,1,0,0,1,2,2,3
FOODS_2_206,FOODS_2,6,6,2,0,1,0,0,0,6,6,5,2,1,2,2,5,3,3,3,0,1,0,6,4,6,1,4,1,1,5,1,5,2,2,0,2,3,0,1,2,1,0,3,2,0,2,1,3,2,3,3,2,0,2,0,3,3,2,1,4,3,0,2,1,2,0,3,2,0,1,0,2,2,1,0,1,2,0,2,4,0,0,2,2,0,0,1,3,2,2,0,0,3,0,0,1,0,0,0,2
FOODS_2_208,FOODS_2,1,1,2,0,0,1,1,4,0,0,1,0,0,2,2,2,1,1,1,1,1,1,3,0,5,1,4,0,2,2,3,2,0,0,2,2,0,1,0,0,0,1,2,2,0,0,0,0,0,3,2,1,3,0,1,2,1,2,0,0,0,0,0,0,0,0,0,0,0,0,4,0,0,1,0,1,5,0,3,0,1,0,1,1,4,1,2,0,0,2,1,1,2,1,3,1,0,5,0,2
FOODS_3_762,FOODS_3,0,0,0,0,1,1,1,0,8,0,0,0,0,0,0,1,0,1,0,1,0,0,1,0,1,1,1,0,0,3,0,0,1,0,0,1,0,1,0,1,2,2,0,0,2,3,1,0,5,2,1,2,1,1,2,1,0,0,1,1,2,2,2,1,3,2,2,2,1,0,1,2,3,1,0,1,0,1,0,1,1,1,1,1,1,0,0,0,1,0,2,0,3,0,2,0,0,2,2,1
FOODS_3_193,FOODS_3,0,0,1,0,0,0,0,0,1,0,0,0,0,0,0,0,0,0,0,0,0,1,0,0,0,0,0,0,0,0,0,0,0,1,0,2,0,0,0,0,0,0,0,2,0,1,0,0,0,0,0,0,1,0,0,0,1,1,0,0,0,0,0,0,2,0,0,0,0,0,0,0,0,0,0,0,0,1,2,0,0,0,0,0,0,1,0,0,0,0,0,0,0,0,0,0,1,0,0,0
FOODS_3_416,FOODS_3,3,1,2,1,0,0,3,1,0,1,0,0,0,1,4,1,0,0,4,1,2,1,0,2,1,0,0,1,1,2,0,0,2,1,1,0,1,0,1,0,0,2,1,0,1,1,0,1,2,2,0,0,0,0,1,0,0,0,3,1,0,0,2,1,2,0,1,2,2,0,0,1,2,0,1,2,1,1,4,1,1,1,2,1,0,0,1,2,1,1,0,0,3,0,1,2,0,2,2,2
FOODS_2_235,FOODS_2,0,1,2,4,3,1,0,0,3,0,1,0,0,2,0,0,1,0,3,5,3,1,3,0,0,1,0,1,1,4,1,0,1,0,0,2,3,2,0,2,0,1,1,0,2,0,3,0,1,1,0,0,3,0,0,0,3,0,0,1,1,2,0,0,2,2,2,0,0,3,0,1,1,5,0,0,3,0,3,1,1,0,3,1,3,0,1,1,3,1,1,1,2,1,0,2,0,3,0,0
FOODS_3_621,FOODS_3,6,4,7,4,0,2,4,0,3,2,2,0,3,3,3,7,2,3,2,3,7,1,0,0,3,0,1,3,2,1,2,0,2,2,1,2,5,2,4,6,4,1,1,3,1,5,1,4,4,5,2,5,6,4,3,3,1,5,2,2,3,0,2,1,2,3,0,4,4,2,1,2,1,2,1,0,0,1,4,4,2,1,0,0,2,1,3,4,0,2,2,6,0,1,4,1,7,0,2,1
FOODS_2_058,FOODS_2,0,0,0,0,0,1,0,0,0,1,1,0,0,2,0,1,0,1,1,0,0,0,0,0,0,0,0,0,0,0,0,0,0,1,0,0,1,0,0,0,0,2,0,0,0,0,0,0,1,1,3,0,1,0,0,1,0,0,0,0,0,1,1,0,0,0,0,1,0,3,1,1,0,0,0,1,1,0,0,0,0,0,2,0,2,0,0,2,1,0,1,0,2,0,0,2,2,0,1,0
FOODS_3_437,FOODS_3,0,0,2,1,4,0,0,0,0,0,1,2,1,2,0,1,1,0,0,2,0,1,1,1,1,4,2,0,0,1,0,0,2,0,0,0,2,3,0,0,0,1,1,1,0,0,0,0,0,0,0,3,3,2,0,1,3,0,1,1,0,1,7,0,0,2,5,2,1,4,1,3,0,1,0,0,1,2,1,0,0,1,4,4,0,0,3,1,0,1,1,0,0,1,1,3,0,0,2,0
FOODS_3_268,FOODS_3,2,0,1,0,1,2,0,0,1,0,0,0,0,0,0,1,0,0,0,1,2,0,1,0,0,1,0,3,0,0,0,1,0,0,1,0,0,1,0,0,3,1,0,1,0,0,0,2,0,1,1,1,0,0,0,1,0,0,0,0,0,2,0,1,0,0,0,0,0,0,1,0,3,0,0,0,0,0,3,0,0,0,0,2,0,0,2,1,0,1,0,0,1,0,1,0,0,0,0,0
FOODS_1_039,FOODS_1,2,0,24,0,0,0,1,3,0,0,0,0,0,0,0,0,0,0,0,0,0,0,0,0,0,0,0,0,8,2,0,1,0,0,1,0,3,2,0,1,2,0,1,1,2,0,0,0,0,2,0,1,2,1,0,0,2,1,2,2,0,0,0,0,4,0,0,3,1,0,1,2,0,0,0,0,0,3,2,1,0,1,0,0,1,0,0,1,1,0,1,0,2,1,0,0,1,1,0,1
FOODS_1_186,FOODS_1,3,0,0,0,0,0,0,3,2,0,1,0,3,0,4,2,2,0,1,1,1,2,1,1,0,0,0,3,4,1,0,0,0,2,2,2,4,2,2,0,1,0,0,0,0,2,1,0,0,0,5,1,2,1,1,2,1,3,1,0,2,2,0,2,1,0,1,0,0,0,0,0,2,1,0,1,1,2,0,2,3,0,0,2,2,1,0,0,0,0,0,3,1,0,0,2,0,0,3,1
FOODS_3_297,FOODS_3,1,2,1,1,1,0,0,4,0,0,0,0,0,3,1,2,1,2,1,2,4,0,0,0,0,0,0,0,1,3,2,1,1,0,0,2,2,4,0,2,2,2,0,0,2,2,0,3,0,0,0,2,0,1,0,0,4,0,0,0,0,0,0,0,0,0,0,0,0,0,0,0,0,0,0,0,0,0,0,0,0,2,1,0,0,1,1,2,2,2,1,0,3,3,1,1,0,1,2,1
FOODS_1_068,FOODS_1,0,0,0,0,0,0,0,0,0,0,0,0,0,0,0,0,1,0,0,0,0,0,0,0,0,0,0,2,0,0,2,2,0,0,2,2,0,1,1,0,0,0,0,2,0,2,0,1,0,1,1,0,0,1,0,0,1,1,2,0,2,0,0,0,1,0,0,0,0,0,1,0,1,0,1,0,0,0,1,1,1,2,0,2,0,1,0,0,0,0,1,0,2,0,1,0,0,0,0,0
FOODS_3_552,FOODS_3,2,2,2,2,2,3,0,4,1,0,0,1,1,2,1,4,3,1,3,3,2,2,1,0,2,3,3,0,0,4,2,1,0,2,0,0,9,3,3,1,2,3,2,0,6,2,5,0,6,2,3,1,4,0,0,0,0,3,1,0,0,3,0,1,0,0,2,2,0,0,2,0,1,2,1,1,0,0,3,0,1,1,2,0,3,2,4,1,1,0,0,3,3,1,2,0,1,3,1,3
FOODS_3_396,FOODS_3,3,0,2,2,1,5,0,1,3,1,0,3,1,1,2,0,0,2,0,0,1,1,2,2,2,0,0,0,0,0,3,1,3,1,0,0,2,0,1,1,3,0,4,1,0,1,0,2,1,1,1,1,4,1,1,0,0,2,0,0,4,2,0,1,2,2,2,0,0,1,0,1,0,2,0,0,1,1,1,2,0,0,0,1,0,2,0,0,2,0,0,1,1,1,1,0,0,1,2,1
FOODS_2_329,FOODS_2,2,0,0,0,0,1,0,0,2,1,0,1,0,0,0,1,1,0,1,2,0,0,1,0,0,2,1,0,3,1,0,1,0,0,0,2,1,2,0,0,2,0,0,0,2,0,0,0,0,0,2,1,2,0,2,0,1,0,1,1,2,0,0,0,0,2,0,1,0,1,0,0,0,2,1,3,0,0,0,0,0,2,2,1,1,1,0,4,1,1,1,0,4,1,1,1,1,1,0,1
FOODS_2_323,FOODS_2,3,1,1,3,1,1,4,0,1,0,1,1,1,1,1,5,3,3,0,4,1,1,2,0,2,1,1,1,0,3,0,2,0,1,1,0,2,2,1,0,1,4,2,3,1,1,1,1,2,0,2,2,0,1,0,2,1,1,1,0,0,2,1,0,4,1,2,0,0,5,0,5,2,1,0,1,0,0,1,0,0,0,0,2,1,0,2,0,1,1,2,1,0,0,2,0,1,0,1,1
FOODS_2_169,FOODS_2,1,0,0,0,0,0,0,0,0,0,0,0,0,0,0,2,0,0,0,0,0,1,0,1,0,0,0,0,0,0,1,0,1,1,0,0,1,0,0,0,0,1,0,1,0,0,0,0,0,0,0,0,0,0,0,0,0,0,0,0,0,0,0,1,0,0,0,0,0,0,0,0,0,0,0,0,0,0,1,0,0,0,0,0,0,0,0,1,2,1,0,0,0,0,0,0,1,0,0,0
FOODS_3_518,FOODS_3,0,1,2,2,2,0,5,0,0,0,0,0,1,3,2,1,5,0,0,1,3,1,3,4,0,1,0,0,5,2,1,3,1,0,3,0,1,0,2,0,0,2,0,1,0,2,1,0,1,2,2,0,0,1,1,0,0,2,0,2,1,0,2,1,3,3,0,0,2,0,0,0,0,1,0,0,0,0,0,2,1,2,0,0,1,0,1,0,2,0,1,3,2,1,1,1,0,0,0,0
FOODS_2_031,FOODS_2,0,0,0,0,1,0,0,0,0,0,0,0,0,1,1,0,0,0,0,0,0,0,0,0,0,0,0,0,0,0,0,0,0,0,0,0,0,0,0,0,0,0,0,0,0,0,0,0,0,0,0,0,0,0,0,0,0,0,0,0,0,0,0,0,0,0,0,0,0,0,0,0,0,0,0,0,0,0,0,0,0,2,0,0,1,5,7,3,2,2,1,1,1,0,4,2,2,1,1,5
FOODS_3_550,FOODS_3,2,6,1,1,1,1,3,0,0,2,0,1,4,2,2,0,0,4,2,0,0,0,1,0,0,0,0,2,0,0,0,1,2,0,0,0,1,1,6,0,0,1,1,0,1,3,0,2,4,2,3,2,0,1,5,0,2,0,0,1,0,4,0,6,1,1,0,0,4,0,0,0,0,1,1,4,3,0,1,1,1,0,4,0,0,2,1,3,0,0,0,0,1,1,0,0,4,1,0,0
FOODS_2_213,FOODS_2,0,0,0,0,3,0,1,1,0,0,0,0,0,0,0,0,0,0,0,0,1,0,0,0,1,2,1,2,0,0,1,0,0,0,0,0,1,0,0,0,0,0,0,3,1,0,0,0,0,7,2,0,0,0,1,0,0,4,0,0,0,0,0,0,0,0,0,2,0,0,1,0,0,1,0,2,1,0,0,1,0,0,0,1,0,0,0,0,0,0,0,0,2,1,2,2,0,0,0,2
FOODS_3_049,FOODS_3,0,0,2,1,2,2,0,1,3,0,0,0,1,2,1,2,0,0,2,0,0,1,0,1,1,1,1,0,1,2,2,1,1,0,0,1,2,0,0,0,0,4,0,1,2,0,0,1,1,0,1,1,0,3,1,0,2,1,3,1,0,0,0,0,0,0,0,2,0,0,1,3,3,1,1,2,2,0,2,2,0,0,0,0,3,1,3,1,0,2,0,0,1,0,0,0,1,1,0,2
FOODS_3_717,FOODS_3,4,0,0,0,0,0,0,0,0,2,1,0,1,0,0,1,0,0,0,1,0,1,1,0,2,0,0,0,2,0,0,0,1,2,0,1,0,1,1,0,0,4,1,2,0,0,0,1,0,0,1,0,0,0,0,2,0,1,0,2,4,0,1,0,0,0,0,0,0,0,0,1,2,0,0,0,0,0,0,1,4,0,0,1,3,0,0,0,0,2,1,0,0,0,0,0,0,1,0,1
FOODS_3_358,FOODS_3,1,2,0,2,0,2,1,2,7,1,2,0,0,0,0,0,0,1,0,0,0,1,0,3,0,2,1,0,3,5,2,1,0,0,0,0,0,0,0,0,0,0,0,1,1,1,0,2,0,2,3,2,0,0,2,0,2,0,1,0,1,0,0,2,0,0,0,1,0,0,0,3,3,0,0,1,0,1,1,1,0,1,1,0,1,2,0,0,0,0,0,0,2,1,1,1,0,0,1,3
FOODS_3_425,FOODS_3,0,0,2,2,0,0,0,1,0,0,1,0,0,0,1,2,1,24,1,0,0,0,0,0,1,1,1,2,1,2,0,0,0,0,0,0,1,0,1,0,0,0,0,0,1,1,0,0,0,1,0,0,1,0,2,0,0,0,1,0,0,0,0,0,3,1,2,1,1,2,0,1,0,0,0,0,0,2,3,1,0,0,0,6,0,0,0,0,2,0,0,0,0,1,1,0,1,0,0,3
FOODS_2_249,FOODS_2,3,8,4,9,2,5,7,3,1,4,6,9,0,2,5,7,3,7,0,2,5,2,7,2,6,1,7,2,0,9,1,5,4,2,4,1,3,4,4,0,6,3,3,2,7,3,1,1,0,0,11,1,6,6,0,1,0,6,2,1,5,3,4,8,3,1,3,0,0,3,3,5,1,3,1,7,0,0,7,2,3,0,3,6,2,0,3,6,5,0,3,2,5,2,0,0,2,1,0,8
FOODS_3_401,FOODS_3,1,0,3,2,0,0,1,1,2,0,0,0,0,1,1,0,0,0,0,0,0,0,0,0,1,0,1,0,1,0,1,0,0,1,0,0,1,2,0,0,0,0,0,0,0,0,0,0,0,0,0,0,1,0,1,0,1,3,0,1,0,1,0,1,0,0,0,0,2,0,4,0,0,0,0,1,0,0,1,1,1,0,0,0,0,1,0,1,0,0,1,1,0,2,0,0,0,1,0,2
FOODS_1_134,FOODS_1,2,3,1,0,0,0,1,0,0,0,0,1,0,1,1,0,2,1,1,3,0,0,2,0,1,1,0,1,2,0,4,1,1,2,0,1,2,2,2,0,0,2,0,3,2,2,1,1,1,0,1,0,0,0,1,0,0,1,1,0,0,3,1,3,0,0,0,3,0,0,2,2,1,3,1,1,1,0,0,1,0,1,1,0,2,1,1,1,0,0,0,0,3,1,3,0,2,3,0,3
FOODS_3_506,FOODS_3,0,0,0,0,0,0,0,0,0,0,0,0,0,1,1,0,1,0,2,1,0,2,0,0,0,0,0,0,0,0,0,0,0,0,0,0,1,0,0,0,0,0,0,0,0,0,0,0,2,0,2,0,0,1,0,0,1,0,0,0,1,0,0,1,1,1,0,1,0,0,1,1,2,0,0,0,0,0,0,0,0,0,0,0,0,1,2,0,0,1,1,0,2,2,0,0,0,0,0,4
FOODS_2_260,FOODS_2,0,0,0,3,2,3,1,0,2,3,0,0,0,0,0,1,2,0,0,0,0,3,6,2,2,0,2,2,2,1,0,2,1,0,1,0,3,2,1,1,0,2,2,3,0,0,1,0,3,2,1,0,1,0,1,0,0,0,0,0,0,1,2,2,1,2,0,0,1,0,0,0,1,0,0,0,1,0,3,1,3,1,3,0,0,3,2,0,1,1,0,0,1,2,0,1,1,5,1,0
FOODS_3_161,FOODS_3,0,2,1,0,0,0,0,0,0,0,0,1,0,1,0,0,0,0,1,0,1,1,0,2,0,1,0,0,0,0,0,0,0,0,0,0,1,2,0,0,1,0,2,0,0,1,0,0,1,1,0,0,0,2,0,0,3,1,0,1,0,0,0,0,0,2,0,2,0,0,1,0,0,0,2,0,2,0,3,0,0,1,1,0,2,0,1,0,1,0,1,0,2,0,0,1,1,1,0,2
FOODS_2_295,FOODS_2,0,0,2,0,0,0,1,0,0,1,0,1,1,0,1,2,0,0,0,0,0,0,0,0,3,4,0,0,0,0,0,0,0,0,1,0,0,2,0,1,0,0,0,1,0,1,1,1,0,0,0,3,1,0,1,0,4,2,0,1,1,0,0,0,0,0,0,0,1,4,1,0,0,1,0,0,0,0,1,1,1,2,0,2,2,0,1,1,2,1,0,1,1,2,3,2,0,0,1,0
FOODS_3_802,FOODS_3,0,0,0,0,0,1,0,1,0,0,0,1,0,2,0,2,1,0,1,0,1,0,0,2,1,0,0,3,1,0,0,0,1,0,0,2,0,0,0,1,0,0,0,3,0,0,0,3,0,0,1,0,0,0,0,1,1,2,0,0,0,0,0,1,0,1,0,0,1,0,2,0,0,0,0,0,1,2,0,0,0,0,0,1,3,2,0,0,0,0,1,3,1,0,1,0,0,0,0,0
FOODS_3_198,FOODS_3,0,0,0,0,1,0,0,0,0,1,0,0,0,0,0,0,0,0,0,0,0,0,0,0,0,0,0,0,0,0,0,0,0,0,0,0,0,0,0,0,0,0,0,0,0,0,0,1,0,0,0,0,0,0,1,0,0,0,0,0,3,1,1,2,2,2,2,1,1,1,0,0,2,0,1,2,0,0,2,2,0,1,0,2,1,0,0,8,1,0,0,0,0,0,0,0,1,0,2,4
FOODS_2_332,FOODS_2,0,1,0,3,0,1,1,0,0,1,0,1,0,0,0,0,0,2,1,0,2,0,2,0,0,0,0,3,0,2,0,1,0,0,1,0,0,0,0,0,0,0,0,1,0,0,0,0,1,3,2,1,1,1,0,0,0,3,0,0,0,0,0,2,1,0,0,0,0,0,0,0,2,0,1,0,0,0,0,0,7,0,0,0,0,1,2,3,2,0,1,1,0,0,1,0,1,1,0,0
FOODS_2_358,FOODS_2,1,3,1,1,0,0,0,0,0,0,0,0,0,0,0,0,0,0,0,0,0,0,0,0,0,0,0,0,3,0,0,0,0,0,0,0,0,0,0,1,0,0,0,0,0,0,0,0,0,0,0,0,0,0,0,0,0,0,0,0,0,0,0,0,0,2,0,0,3,0,0,0,0,0,0,0,1,0,0,0,2,0,3,0,0,1,2,0,0,2,2,0,0,2,4,2,0,0,2,3
FOODS_2_203,FOODS_2,0,4,0,3,0,2,1,1,2,1,1,0,0,0,2,2,1,5,1,3,2,5,2,0,0,0,1,0,1,0,0,0,0,1,0,0,0,0,0,3,0,0,0,0,2,2,2,0,5,1,0,0,4,0,1,1,0,1,1,1,1,1,0,1,0,0,1,0,1,1,1,1,2,4,1,2,0,0,0,3,6,3,3,1,5,2,3,1,0,0,2,0,0,0,0,0,3,0,1,2
FOODS_2_394,FOODS_2,0,0,1,0,0,1,3,0,2,0,0,0,2,0,0,0,0,0,1,0,3,2,0,1,0,1,2,0,0,0,0,0,0,1,2,3,3,0,1,2,1,1,1,0,0,0,0,1,1,0,0,0,0,0,0,0,1,0,2,0,0,0,0,1,0,1,0,0,1,0,0,0,0,0,1,0,0,3,1,1,0,2,0,0,0,0,1,2,1,1,1,1,1,1,0,0,1,2,0,2
FOODS_3_247,FOODS_3,2,0,2,0,1,4,2,0,2,3,1,0,1,0,1,2,5,0,0,0,1,1,0,0,0,0,0,0,0,0,0,2,1,0,2,1,1,1,2,2,1,0,1,1,1,2,2,2,1,0,4,1,3,1,0,0,0,0,4,6,1,0,0,2,1,3,2,2,3,0,5,3,0,0,2,0,2,1,0,3,0,0,1,0,1,2,0,5,0,0,1,1,1,0,0,1,0,0,0,0
FOODS_2_130,FOODS_2,0,5,1,2,0,8,3,0,1,1,1,0,2,0,2,1,3,5,5,1,4,1,2,2,1,2,2,2,0,0,2,0,2,0,1,2,1,1,0,0,0,0,2,0,2,3,0,1,1,0,3,2,5,1,0,0,3,1,3,3,2,2,1,0,2,0,0,1,0,0,1,4,2,0,0,0,0,0,4,2,3,0,2,0,0,9,2,2,2,0,2,0,2,0,0,1,0,0,4,2
FOODS_3_390,FOODS_3,0,0,3,0,2,1,4,5,4,2,3,3,0,1,1,2,1,3,2,1,5,1,1,6,1,3,0,4,0,3,2,1,0,1,4,0,1,2,1,2,3,1,4,0,0,2,1,0,1,0,1,0,1,0,1,3,2,0,2,4,4,1,2,1,3,1,1,0,2,2,1,2,5,1,2,1,1,2,2,2,2,3,2,2,2,1,2,4,1,0,1,1,0,1,2,1,1,1,0,0
FOODS_2_069,FOODS_2,1,1,0,3,0,4,2,0,2,1,0,1,0,0,4,0,0,0,0,0,0,0,0,0,0,0,0,0,0,0,2,1,1,1,0,1,0,0,1,0,1,0,1,0,0,3,0,4,1,2,1,0,0,0,1,0,1,6,0,0,1,2,0,1,1,1,0,2,0,0,0,2,0,0,0,1,0,2,0,0,0,0,3,0,0,3,0,1,0,0,0,0,1,0,0,1,0,1,0,0
FOODS_3_447,FOODS_3,0,0,0,0,0,0,0,0,0,0,0,0,1,0,0,1,0,0,0,1,0,0,2,2,0,0,1,0,0,1,0,0,2,0,1,1,0,2,0,1,0,0,2,2,0,0,3,0,1,0,1,1,2,0,0,1,4,0,0,0,0,0,0,0,0,0,0,0,0,0,0,0,0,0,0,0,0,0,0,0,0,0,0,0,0,0,0,0,0,0,0,0,0,0,0,0,0,0,0,0
FOODS_2_392,FOODS_2,0,1,0,0,1,0,1,1,0,1,0,1,0,0,0,2,0,0,0,0,0,1,1,3,2,0,0,1,0,0,1,0,1,1,0,2,2,1,1,0,1,0,0,1,1,2,0,0,0,3,1,1,0,1,0,0,2,3,3,0,1,1,0,1,0,0,0,1,1,1,1,2,2,4,1,2,1,2,3,0,2,0,1,2,0,0,1,0,1,1,2,1,2,1,0,1,0,0,0,0
FOODS_1_119,FOODS_1,1,1,0,0,0,0,0,0,0,0,0,0,1,0,0,1,0,0,0,0,0,4,1,1,3,0,2,1,0,0,1,0,0,0,0,0,1,0,0,0,0,2,1,0,2,0,1,0,1,1,2,1,0,1,0,0,1,0,2,1,0,0,0,2,2,2,0,1,0,2,0,2,2,0,1,0,0,0,1,0,0,0,2,0,0,0,0,0,1,0,0,1,0,0,0,0,0,0,0,0
FOODS_2_110,FOODS_2,1,2,3,2,0,0,1,7,5,1,2,1,0,1,1,2,2,0,0,0,0,0,0,0,1,2,0,0,1,1,3,0,0,0,0,2,4,0,2,0,2,1,2,4,4,1,0,2,4,1,3,1,2,0,3,4,2,6,0,4,0,2,3,1,1,2,2,0,3,1,2,4,2,0,3,0,1,3,8,1,2,0,2,1,4,2,3,2,0,0,2,2,0,0,1,0,1,0,0,2
FOODS_3_104,FOODS_3,5,1,2,2,3,2,3,0,4,1,1,2,2,1,7,1,2,2,1,1,1,2,2,3,1,1,2,4,0,4,0,1,0,4,0,2,0,0,0,0,0,0,0,0,0,0,2,0,0,2,7,1,0,2,1,0,1,1,3,4,2,2,2,1,3,0,1,4,3,2,4,0,0,2,3,1,1,5,0,2,2,2,0,0,0,2,2,1,0,1,1,0,2,1,0,1,1,1,2,0
FOODS_2_053,FOODS_2,1,1,2,1,0,2,1,0,1,1,1,0,0,0,0,0,0,0,0,0,0,0,0,0,0,1,0,2,1,0,0,0,1,0,0,1,0,0,1,0,0,0,1,0,1,0,0,0,1,0,0,1,0,1,3,0,0,0,1,1,1,0,0,0,0,0,0,0,1,0,0,0,0,1,0,0,1,0,0,2,0,0,0,0,1,2,0,0,1,0,0,0,0,1,1,1,0,0,0,1
FOODS_3_275,FOODS_3,0,1,0,4,0,0,0,0,0,0,0,0,1,0,0,0,0,0,0,0,0,1,0,0,0,0,0,0,0,0,0,0,0,0,1,0,0,0,0,0,0,0,0,0,0,0,0,0,0,0,0,0,0,0,2,0,0,0,3,0,0,0,2,3,5,2,0,0,0,0,0,0,0,0,0,0,0,0,0,0,0,0,0,3,4,5,0,0,0,0,0,0,0,0,0,0,0,0,0,0
FOODS_3_235,FOODS_3,0,0,0,0,0,0,0,0,0,0,0,0,1,4,0,1,0,6,0,0,1,1,0,0,0,1,0,0,0,1,0,0,0,0,1,1,1,1,0,2,0,0,1,0,0,0,0,0,0,0,4,0,0,0,1,1,1,0,0,3,1,0,0,0,0,1,1,0,0,0,1,0,0,0,0,0,0,0,4,0,2,1,1,0,1,0,1,1,0,0,3,2,0,0,1,1,0,2,0,0
FOODS_3_341,FOODS_3,1,0,0,1,0,0,0,0,0,1,0,0,0,0,0,0,1,0,0,1,1,0,1,0,0,0,0,0,1,0,0,1,0,0,0,0,0,0,0,0,0,0,2,0,0,1,0,0,1,1,0,0,0,0,0,0,1,2,0,0,0,1,0,2,0,0,0,0,0,0,0,1,1,0,0,0,0,0,1,1,0,0,0,0,0,2,0,0,0,0,0,0,0,0,0,0,1,0,0,1
FOODS_3_166,FOODS_3,3,2,2,7,2,0,4,2,0,1,2,1,1,0,4,2,5,1,1,1,1,3,0,4,1,2,2,0,4,1,1,1,1,1,2,3,2,3,5,0,0,0,5,3,4,1,2,2,2,5,0,5,3,3,9,1,2,3,1,2,1,0,2,6,4,3,0,0,1,0,6,3,1,4,1,0,6,3,3,4,4,1,4,1,4,4,4,4,0,3,1,0,3,2,1,0,1,3,5,1
FOODS_3_085,FOODS_3,3,1,1,3,1,2,0,1,3,1,4,0,2,3,1,3,3,1,2,1,2,0,2,4,0,1,2,2,2,4,0,1,1,0,3,4,3,0,1,0,2,3,2,0,0,0,3,3,2,2,0,2,3,0,1,4,2,2,3,1,2,2,3,4,3,0,0,0,0,1,1,2,1,0,0,0,2,1,0,2,0,0,0,0,3,2,0,1,1,2,1,0,1,1,2,2,1,0,1,3
FOODS_2_215,FOODS_2,1,3,1,1,1,1,7,3,0,0,4,2,2,0,1,4,2,0,2,0,1,0,4,2,2,2,1,3,0,0,1,3,3,1,4,1,1,0,2,0,1,2,3,1,1,0,1,0,3,4,3,0,2,1,0,3,3,4,3,0,2,3,0,2,9,4,0,0,0,3,2,5,6,0,2,3,7,9,0,1,3,1,0,0,4,0,0,1,1,0,0,1,10,0,0,0,0,0,2,3
FOODS_3_204,FOODS_3,0,0,0,0,0,1,0,2,4,5,0,1,1,0,1,0,1,0,0,2,1,1,0,2,2,0,0,1,2,0,0,2,0,1,0,1,0,1,0,0,1,0,0,2,1,2,1,0,0,0,1,1,2,2,0,1,0,0,3,0,0,0,0,0,1,0,0,0,0,1,1,1,3,0,0,0,1,0,0,1,0,0,0,0,1,0,0,1,0,0,0,2,0,2,3,0,1,1,0,1
FOODS_3_427,FOODS_3,0,0,1,0,1,1,0,0,2,1,1,3,14,0,0,0,0,4,0,0,0,0,0,0,0,0,0,0,0,1,0,1,2,0,0,0,2,1,1,1,0,0,0,1,0,1,0,0,0,0,0,1,0,1,1,0,1,1,1,0,0,0,1,0,0,4,0,1,1,0,0,0,0,1,2,0,0,1,0,0,1,1,0,0,2,0,1,1,0,2,0,1,0,0,0,0,0,0,0,0
FOODS_2_366,FOODS_2,0,0,2,0,1,0,1,0,1,0,0,1,0,1,1,0,0,0,0,1,0,1,4,0,1,1,0,0,0,0,0,0,0,1,0,1,0,1,1,1,0,3,1,0,0,0,1,1,1,1,2,0,0,0,0,1,2,2,0,0,0,0,0,0,0,0,1,0,0,1,0,0,0,0,0,0,0,0,1,0,0,2,0,0,0,0,0,0,0,0,1,0,0,0,2,0,0,2,0,0
FOODS_2_140,FOODS_2,6,0,5,2,0,0,3,5,9,2,3,6,3,1,1,5,3,2,1,1,1,3,4,4,1,0,4,0,4,8,7,4,0,1,1,0,2,1,1,2,0,1,2,3,0,1,4,2,2,1,5,5,1,0,1,4,1,3,3,3,5,0,1,2,6,1,1,0,1,1,4,3,0,0,3,1,1,1,1,1,3,2,4,0,1,1,5,2,3,1,2,5,2,3,1,1,3,0,0,3
FOODS_3_642,FOODS_3,0,0,1,1,0,0,1,1,1,0,1,1,1,2,2,1,2,2,2,0,2,1,1,3,0,1,1,0,2,1,1,0,0,1,0,3,2,1,0,1,1,2,1,6,0,3,4,2,0,2,1,0,0,1,3,3,2,0,1,1,0,0,2,2,2,1,0,3,2,0,0,1,1,3,1,0,0,2,4,0,1,0,1,1,0,4,1,2,1,0,7,1,0,4,0,2,0,5,1,4
FOODS_3_640,FOODS_3,2,2,1,3,1,1,3,1,2,3,2,3,1,1,0,8,6,2,1,0,3,2,1,1,3,0,2,2,0,5,5,1,0,0,1,2,1,1,3,4,1,1,2,3,2,4,2,2,2,3,1,4,0,3,2,0,3,2,0,6,1,3,1,0,2,2,0,0,2,1,1,2,2,1,3,1,10,1,3,2,0,1,3,0,0,0,0,1,2,0,1,1,0,1,2,4,1,1,0,4
FOODS_3_340,FOODS_3,1,2,2,1,0,0,0,1,0,4,1,0,1,1,3,0,1,2,0,1,2,0,3,0,2,1,1,0,1,0,0,3,1,0,0,6,4,2,0,0,2,1,6,0,3,0,0,0,0,1,3,2,2,0,0,2,2,2,3,4,1,0,0,1,4,1,1,1,0,2,1,2,2,2,1,0,2,1,1,2,0,6,1,0,2,1,3,1,0,0,1,1,2,1,0,1,1,1,2,2
FOODS_2_343,FOODS_2,1,1,0,3,5,1,3,0,0,0,3,0,1,0,1,0,2,0,1,1,0,2,1,0,1,3,2,0,2,1,1,1,3,1,2,2,2,0,1,5,2,2,3,1,3,1,2,4,2,5,1,5,3,0,0,1,0,1,1,1,1,4,2,1,2,2,1,1,2,0,3,1,1,2,1,0,0,0,3,0,2,0,1,1,0,0,2,2,0,0,3,0,1,0,0,0,2,1,2,1
FOODS_1_197,FOODS_1,1,0,0,0,0,0,0,0,0,1,0,1,0,0,1,0,0,0,0,1,0,0,0,0,0,0,0,1,0,0,0,0,1,0,0,0,0,0,0,0,1,0,1,0,1,0,1,0,0,0,0,0,0,0,0,0,0,0,0,0,0,0,2,0,0,0,0,0,0,0,0,0,0,0,0,0,0,1,0,0,0,0,1,0,0,0,0,0,0,0,0,0,0,0,0,0,1,0,1,0
FOODS_3_408,FOODS_3,0,0,0,1,0,0,0,0,0,0,0,0,0,0,6,0,0,0,0,0,0,0,0,0,2,0,0,0,6,0,0,0,0,0,0,0,0,0,0,0,0,1,0,2,0,0,0,0,0,0,1,1,0,0,0,0,0,1,0,0,0,1,0,0,1,1,0,0,0,0,0,2,0,0,0,0,0,0,1,0,0,0,0,0,2,0,0,0,0,0,0,2,0,0,0,0,0,0,1,0
FOODS_3_719,FOODS_3,0,2,2,1,2,1,0,1,0,4,3,1,0,0,1,0,0,4,1,2,1,0,2,1,1,2,3,0,2,1,1,0,2,1,0,1,1,1,0,1,0,2,2,0,0,2,0,3,0,0,4,3,2,1,1,1,3,0,1,1,6,0,0,5,0,0,0,0,0,1,0,1,1,1,0,0,1,1,4,0,0,1,1,0,1,1,0,2,0,0,1,2,0,1,1,0,0,0,0,0
FOODS_1_081,FOODS_1,1,0,0,0,0,0,0,1,0,0,0,0,0,0,0,4,0,2,0,3,0,1,0,1,1,1,0,2,0,1,0,1,2,1,1,1,0,0,0,1,0,2,0,2,1,1,0,0,1,0,0,0,0,1,0,2,0,0,1,1,0,0,2,1,0,4,2,3,1,0,1,1,2,0,0,1,2,2,4,0,0,0,0,1,0,0,0,0,2,0,0,2,0,0,1,3,1,0,0,0
FOODS_3_158,FOODS_3,0,0,0,0,1,2,1,0,0,1,0,1,0,0,0,1,1,0,2,0,0,0,1,0,0,0,0,0,0,0,2,0,0,0,1,0,0,1,0,1,1,0,2,0,0,0,2,0,0,1,1,0,0,0,0,1,2,1,0,1,1,0,0,0,0,0,0,0,0,1,0,1,0,0,1,1,0,0,0,1,0,0,0,0,3,0,1,0,0,0,0,0,1,0,0,1,0,0,0,2
FOODS_3_522,FOODS_3,0,0,0,0,0,0,0,0,0,0,0,0,0,0,0,0,0,0,0,0,0,1,0,0,0,0,0,3,0,0,0,0,0,0,0,0,0,0,0,0,0,0,2,0,0,0,1,0,0,0,1,2,1,0,0,2,0,1,0,1,0,0,0,0,1,0,4,7,0,0,0,0,13,0,6,0,0,0,0,0,0,0,0,2,0,0,0,0,0,0,0,0,0,0,0,0,0,0,6,0
FOODS_3_637,FOODS_3,1,0,2,1,0,0,1,5,0,0,1,2,0,1,1,2,0,0,0,1,0,1,2,0,1,0,0,0,1,0,1,0,0,0,1,3,2,0,1,1,3,1,1,0,2,1,1,0,1,1,0,0,1,0,0,2,0,0,2,2,0,1,0,1,1,3,0,0,0,0,1,0,1,0,1,0,1,0,0,2,0,1,1,0,1,1,1,1,0,2,1,1,0,0,0,3,2,2,2,0
FOODS_3_047,FOODS_3,5,5,0,1,3,4,2,3,2,5,2,1,0,0,4,1,5,1,2,0,1,2,1,8,0,0,0,1,2,2,1,5,0,0,0,3,5,3,1,1,0,0,3,2,2,1,3,0,0,0,4,5,3,0,0,0,0,4,0,5,1,3,0,1,0,0,0,0,0,0,0,0,0,6,0,5,0,0,0,0,0,0,0,0,0,0,0,1,0,0,2,1,0,0,0,0,0,0,0,0
FOODS_3_044,FOODS_3,2,1,0,0,1,1,2,0,3,1,1,0,1,1,1,2,2,1,1,0,1,3,1,1,1,0,1,0,1,0,1,3,2,0,1,1,0,0,0,0,1,1,0,1,0,1,0,0,1,1,2,1,0,1,1,1,1,1,1,0,0,0,1,2,0,2,0,1,0,2,0,3,0,1,0,1,1,1,1,0,0,0,1,1,1,0,0,1,0,0,0,0,3,0,1,2,0,0,1,5
FOODS_3_216,FOODS_3,0,0,0,0,0,0,0,0,0,0,0,0,0,0,1,0,0,0,0,0,0,1,0,3,2,1,0,1,0,3,0,3,0,0,1,0,1,1,1,0,1,1,0,0,1,0,1,0,2,0,1,1,0,1,0,0,0,0,0,0,2,0,0,3,1,0,1,1,1,0,1,0,2,0,2,0,0,1,0,1,0,0,0,1,2,2,1,0,0,0,1,0,0,0,1,0,0,1,0,0
FOODS_3_218,FOODS_3,3,0,0,0,0,0,2,2,0,5,3,0,0,0,3,4,0,0,0,0,0,0,0,0,0,0,0,0,0,0,0,0,0,0,0,0,0,0,0,0,0,0,0,0,0,0,0,0,5,1,0,2,0,2,3,0,1,1,0,2,1,0,0,1,0,0,3,0,0,1,0,2,3,2,1,0,0,2,1,1,1,0,0,1,1,1,0,0,1,1,1,2,2,0,1,0,1,1,1,1
FOODS_3_667,FOODS_3,0,0,1,0,0,0,0,0,1,1,0,0,1,0,1,0,1,1,0,1,1,1,0,1,0,1,0,0,1,0,1,0,0,2,0,0,1,0,0,1,2,1,1,0,0,0,0,2,1,0,1,1,1,1,1,0,0,0,1,0,0,0,0,2,0,0,0,0,1,0,1,0,1,0,0,0,1,2,0,1,0,0,0,1,2,1,0,0,0,0,0,0,1,0,0,0,1,0,2,1
FOODS_1_114,FOODS_1,2,1,0,0,1,0,0,1,2,0,1,0,1,0,0,1,0,3,0,1,1,0,0,1,0,0,0,0,0,1,1,0,0,0,1,0,0,0,2,1,0,0,3,0,0,0,1,0,1,0,0,0,1,1,0,1,1,0,1,0,0,1,0,1,1,1,1,0,0,0,0,0,0,0,1,0,0,0,1,0,3,1,1,0,0,1,0,2,0,0,1,0,1,0,1,1,0,2,0,0
FOODS_3_031,FOODS_3,1,1,0,2,0,2,2,0,4,1,1,0,2,3,2,1,0,1,0,0,1,5,4,0,0,2,0,0,2,1,1,0,0,1,0,2,1,0,1,0,1,1,1,2,0,3,1,1,1,6,3,5,1,0,2,3,1,0,3,1,0,0,2,1,1,0,3,0,3,1,0,1,0,0,0,1,1,4,2,0,1,2,2,1,1,3,0,0,1,9,3,0,1,3,0,1,0,2,2,0
FOODS_1_125,FOODS_1,0,0,0,0,0,0,0,3,0,1,0,2,0,1,1,1,0,0,1,5,3,2,2,5,1,2,0,1,0,0,0,1,1,0,2,1,0,3,2,0,1,5,1,1,1,2,0,0,1,1,2,0,4,1,0,1,2,0,1,2,2,1,0,1,2,0,0,2,2,4,0,0,0,0,3,1,3,2,0,0,2,1,4,1,1,0,2,1,1,0,3,1,2,0,1,0,0,4,1,1
FOODS_3_309,FOODS_3,0,1,1,0,1,1,1,0,0,1,0,0,0,1,1,4,1,0,0,0,1,1,0,0,0,0,2,0,0,0,1,0,1,0,0,0,0,0,0,0,0,0,0,1,0,1,0,0,0,0,0,0,1,0,1,0,0,0,1,1,0,2,0,1,0,0,0,0,1,1,3,1,0,1,0,0,0,1,1,1,1,0,0,0,2,0,0,0,0,0,0,1,1,0,0,1,0,0,0,1
FOODS_3_821,FOODS_3,2,0,1,0,3,0,3,0,1,0,0,0,0,1,2,0,1,0,2,0,0,2,4,0,1,0,0,1,1,1,0,0,1,1,2,2,2,0,2,1,5,0,1,2,0,2,1,1,1,0,3,0,0,0,0,1,3,0,0,1,1,0,6,0,3,1,1,3,0,0,0,3,1,2,1,0,0,2,7,0,0,1,2,2,5,0,2,2,1,0,1,0,0,0,0,1,0,5,0,0
FOODS_1_075,FOODS_1,1,0,0,0,0,0,2,1,0,0,0,0,0,0,0,1,0,0,1,0,0,1,0,0,0,2,0,1,0,1,0,0,1,0,0,1,1,0,0,0,2,0,0,2,1,1,1,0,0,0,0,1,0,0,0,1,0,3,0,0,0,0,1,2,0,1,0,1,0,2,0,0,1,0,1,0,0,0,0,1,0,1,0,0,1,0,0,0,0,0,0,0,0,0,0,1,0,0,1,1
FOODS_3_061,FOODS_3,1,0,2,1,0,2,1,1,0,1,3,1,0,0,0,1,1,0,0,1,3,0,2,0,1,0,0,1,0,2,0,2,1,1,0,1,2,2,1,0,1,0,1,2,2,0,1,0,2,1,1,0,2,2,0,0,1,2,0,2,1,2,1,0,2,2,0,0,0,0,3,1,1,0,0,0,0,1,2,0,1,1,1,1,2,3,1,0,0,0,0,5,0,1,1,2,1,0,1,3
FOODS_2_205,FOODS_2,0,0,0,0,0,0,0,0,0,1,0,0,0,0,0,0,1,0,0,0,0,0,2,0,0,0,0,0,0,0,0,0,0,0,0,0,0,0,1,0,0,0,0,0,0,0,0,0,0,0,0,0,2,0,0,0,0,0,2,0,0,1,0,2,0,1,0,0,0,0,0,1,2,0,2,1,1,0,1,0,0,1,1,0,0,0,0,0,0,0,0,0,0,0,1,0,0,0,0,0
FOODS_3_754,FOODS_3,1,1,0,0,0,0,1,0,0,0,0,2,0,0,1,2,0,0,1,0,0,1,4,0,0,0,0,1,0,0,0,0,0,0,0,1,1,0,0,1,0,0,1,1,1,1,2,1,0,1,1,0,0,2,0,0,0,1,0,0,0,0,0,0,0,1,0,1,0,0,0,0,0,0,0,2,1,1,0,0,2,1,1,2,0,0,0,0,0,0,0,1,1,0,0,1,1,0,1,0
FOODS_2_387,FOODS_2,2,3,5,1,1,4,2,0,2,1,1,1,2,2,3,1,1,2,1,4,1,3,3,4,4,1,0,2,1,1,1,1,2,1,1,3,1,2,0,0,1,2,2,1,2,1,1,2,2,2,1,4,2,2,2,3,6,0,0,3,0,0,4,0,1,1,1,1,4,3,1,2,1,1,2,2,4,2,3,5,1,1,1,1,3,4,1,2,1,1,0,4,4,3,2,5,9,0,4,2
FOODS_3_419,FOODS_3,0,0,1,3,0,3,2,2,2,2,5,3,0,2,2,4,0,0,1,7,2,5,1,0,0,3,0,3,0,2,2,1,1,0,0,0,0,0,0,0,0,0,0,0,0,0,0,0,0,0,0,0,0,0,0,0,0,0,0,0,0,0,0,0,0,0,0,0,0,0,0,0,0,0,0,0,0,0,0,0,0,3,0,8,2,2,3,0,0,0,0,4,1,4,1,1,0,1,1,1
FOODS_2_278,FOODS_2,6,0,2,0,8,0,0,0,1,2,2,0,1,5,0,3,0,0,0,1,1,5,2,0,1,0,0,0,0,0,0,0,0,0,0,0,0,0,0,1,2,3,1,0,1,0,1,1,1,4,1,0,0,0,1,3,4,0,0,0,0,1,1,0,1,2,1,0,0,1,0,1,0,0,0,2,3,3,0,0,0,2,4,2,0,0,6,1,0,1,0,2,0,6,1,2,5,0,2,1
FOODS_3_272,FOODS_3,1,0,1,1,0,0,1,1,2,1,2,1,0,0,1,1,1,0,0,1,1,1,2,1,0,1,0,1,0,2,1,1,0,2,0,2,1,4,0,1,2,0,3,0,0,0,0,0,1,1,1,3,0,0,0,3,1,1,1,1,0,2,2,0,1,1,0,1,0,1,0,1,4,4,8,0,0,0,2,1,0,1,0,2,0,2,1,5,1,0,0,1,1,2,1,0,1,1,0,3
FOODS_3_244,FOODS_3,1,1,0,1,0,1,0,1,0,0,1,0,0,0,3,1,1,0,0,1,0,1,1,1,0,0,1,3,0,1,0,0,1,0,1,1,1,2,1,0,0,1,1,2,0,1,2,0,2,1,1,0,0,1,0,0,0,2,0,0,0,1,0,1,2,1,0,1,0,0,2,0,4,0,1,0,1,3,0,1,1,0,1,1,2,1,0,1,1,1,0,0,2,0,0,0,0,1,2,0
FOODS_2_336,FOODS_2,1,1,1,0,2,0,0,0,0,2,0,0,0,0,0,0,0,0,1,2,0,0,0,0,0,0,0,0,3,0,0,0,0,0,0,0,0,0,0,0,0,2,0,0,3,0,0,0,0,0,0,0,0,0,0,0,0,0,0,0,0,0,0,1,0,3,0,0,0,0,1,0,0,0,1,0,1,0,0,1,0,0,1,1,0,3,3,0,1,1,0,2,0,1,3,0,0,0,0,0
FOODS_1_118,FOODS_1,8,1,0,2,0,2,0,0,0,0,1,1,1,0,0,1,0,1,0,8,0,1,1,2,0,3,1,2,0,1,1,0,1,0,4,0,2,0,3,0,0,3,2,4,0,0,2,0,3,2,4,0,0,5,1,3,1,1,1,2,2,0,8,0,0,0,0,0,0,0,0,0,5,0,0,0,1,3,0,0,3,3,0,0,1,1,0,1,0,0,0,2,1,1,0,0,0,0,0,0
FOODS_2_350,FOODS_2,0,0,0,0,0,0,4,0,0,0,0,0,0,1,0,0,2,0,0,0,0,0,0,0,0,0,0,0,0,0,0,0,0,0,0,0,0,0,0,0,0,0,0,0,0,0,1,2,2,0,0,0,2,1,0,2,1,2,0,1,1,0,1,1,1,1,0,1,0,2,0,0,1,2,0,0,1,1,1,1,2,2,2,1,1,1,1,2,0,0,0,0,0,0,0,0,0,0,0,0
FOODS_2_012,FOODS_2,1,2,0,0,1,1,0,1,0,0,0,3,0,0,0,0,0,0,0,0,0,0,0,0,0,1,1,1,3,0,0,0,1,1,0,0,0,0,0,0,0,0,0,0,0,0,0,1,0,0,1,0,1,0,0,0,0,0,0,0,2,0,1,0,0,1,1,0,1,1,0,0,0,2,0,0,2,0,2,0,0,0,0,0,1,0,0,0,0,0,0,0,0,1,0,0,0,0,0,2
FOODS_3_567,FOODS_3,2,2,1,0,0,1,2,0,0,1,0,0,0,0,0,0,0,1,2,0,0,2,1,0,0,0,1,0,1,1,0,2,1,0,0,0,0,0,0,0,1,0,0,0,0,0,0,0,0,0,0,0,0,1,1,0,0,0,1,0,0,0,0,0,1,0,0,0,0,1,0,0,0,0,0,1,1,0,0,0,1,0,0,0,0,0,0,0,0,0,0,0,0,0,0,0,0,0,1,1
FOODS_3_647,FOODS_3,0,0,0,0,0,0,0,0,0,0,0,0,0,0,0,0,0,0,0,0,0,0,0,0,0,0,0,0,0,0,0,0,0,0,0,0,0,0,0,0,0,0,0,0,0,0,0,0,0,0,0,0,0,0,0,0,0,0,0,0,0,0,0,0,0,0,0,0,0,0,0,0,0,0,0,0,0,0,0,0,0,0,0,1,1,0,1,0,2,0,0,0,0,0,1,0,0,0,0,0
FOODS_1_030,FOODS_1,0,0,0,0,0,0,0,0,0,0,0,0,0,0,0,1,0,0,0,0,0,0,0,1,0,0,0,0,0,0,0,0,0,0,0,0,0,0,0,0,0,1,1,1,0,0,0,0,2,0,2,0,0,0,0,1,0,1,1,0,0,0,0,0,1,0,0,0,1,2,2,0,0,1,3,1,0,0,0,0,2,0,0,0,0,1,0,0,0,1,0,1,0,1,0,0,0,0,1,0
FOODS_2_066,FOODS_2,0,0,0,0,0,0,0,0,0,0,0,0,0,0,0,0,0,0,0,0,0,0,0,0,0,0,0,0,0,0,0,0,0,0,0,0,0,0,0,0,0,0,0,0,0,0,1,0,0,0,0,0,0,0,0,1,1,0,0,0,0,0,1,1,1,0,0,0,0,0,0,0,0,0,0,0,0,0,0,0,0,0,0,0,0,0,0,0,0,0,0,0,0,0,0,0,0,0,0,0
FOODS_2_122,FOODS_2,0,0,0,0,3,1,2,0,1,0,0,0,1,1,2,2,0,0,1,1,0,0,0,1,2,3,0,0,1,0,1,1,0,2,1,0,2,0,0,1,0,2,1,1,0,1,2,1,1,1,0,1,1,1,2,2,3,1,0,1,1,2,1,1,1,0,0,1,0,0,0,1,0,0,0,0,0,0,2,1,2,1,0,0,0,1,2,0,1,2,1,0,0,3,1,0,0,1,0,2
FOODS_2_305,FOODS_2,0,0,0,0,0,0,1,0,0,0,1,0,0,0,0,0,0,0,0,0,0,0,0,0,0,0,0,0,0,0,0,0,0,0,0,0,0,0,0,0,0,0,0,0,0,0,0,3,0,0,3,1,0,0,0,0,1,1,0,0,1,1,1,0,0,0,1,0,0,0,0,1,0,0,0,0,0,0,0,1,1,1,1,0,0,0,0,0,0,0,1,0,0,0,0,0,0,0,0,0
FOODS_3_630,FOODS_3,0,0,0,0,0,0,1,1,0,0,0,0,0,0,0,0,0,0,0,0,0,2,0,0,0,0,0,0,0,0,0,0,0,0,0,0,0,0,0,0,0,0,4,0,0,0,0,0,0,0,0,1,1,0,1,0,0,1,1,2,1,0,0,0,3,0,0,1,0,0,2,0,0,0,0,0,0,0,0,0,0,0,0,4,0,3,2,3,0,0,0,1,1,0,1,1,1,1,0,0
FOODS_3_173,FOODS_3,3,0,1,0,2,2,0,0,0,4,1,3,2,0,1,3,1,0,1,0,0,1,1,1,1,1,1,0,1,0,4,1,1,1,0,1,0,0,2,2,1,1,0,0,0,1,4,1,0,1,1,2,0,1,0,2,1,0,2,1,2,0,1,0,0,3,1,0,0,0,1,2,2,0,0,1,2,0,0,1,0,5,2,0,1,1,0,0,1,1,1,0,0,0,0,0,0,0,0,0
FOODS_2_331,FOODS_2,2,0,1,0,0,0,2,0,1,1,0,1,0,0,0,0,3,1,2,0,0,0,2,2,0,0,1,0,0,4,0,2,0,0,0,1,1,1,0,3,0,0,0,0,2,0,0,1,0,0,1,1,2,0,0,0,1,0,1,1,0,1,0,1,0,1,2,0,0,0,0,1,1,0,2,0,0,0,5,1,1,0,1,0,0,0,0,0,1,0,0,0,0,2,0,0,0,0,1,1
FOODS_3_055,FOODS_3,0,0,1,0,0,1,0,0,2,1,0,0,0,0,1,1,1,1,1,0,0,2,2,0,0,1,1,0,1,3,1,1,1,1,1,0,1,0,0,1,0,1,2,1,1,1,1,1,0,1,2,1,1,0,3,0,2,0,1,0,1,1,1,1,1,1,0,2,0,0,1,1,0,0,0,1,0,1,0,0,0,0,1,0,0,2,0,2,0,2,0,0,2,1,1,1,1,1,1,1
FOODS_3_179,FOODS_3,1,0,2,2,1,1,1,0,2,2,0,1,0,0,2,0,0,1,3,1,1,1,3,1,0,0,0,1,2,1,1,4,0,1,0,2,0,1,0,0,1,1,0,0,0,0,0,1,1,2,0,0,1,1,0,1,1,1,1,1,2,0,1,0,0,1,1,0,0,0,0,1,1,0,0,1,0,1,0,2,0,2,1,0,0,0,1,0,0,1,2,0,1,1,1,1,0,1,0,0
FOODS_3_251,FOODS_3,2,0,1,1,0,1,1,1,2,3,1,2,0,0,0,2,1,1,2,0,2,1,2,1,2,1,1,0,1,1,2,1,0,1,0,1,0,2,0,0,3,0,1,0,0,2,0,2,1,1,1,1,2,0,0,0,0,2,4,3,2,1,3,0,0,1,0,0,1,3,0,3,2,1,3,3,3,0,0,1,2,1,1,1,0,3,2,0,2,1,2,0,3,1,1,0,2,1,4,3
FOODS_3_188,FOODS_3,0,1,5,1,1,2,0,2,0,1,1,1,0,0,2,0,1,0,0,0,0,0,1,0,0,2,1,0,0,0,0,0,2,2,0,1,0,0,0,0,0,0,0,0,0,0,0,0,0,0,0,0,0,0,0,1,1,0,0,0,2,1,0,0,0,0,1,0,0,0,1,2,0,0,1,0,0,0,1,0,3,0,0,0,2,2,0,0,0,0,1,1,2,1,0,0,0,0,0,1
FOODS_3_763,FOODS_3,0,1,0,1,0,3,0,0,2,0,0,0,0,2,0,0,0,0,0,0,0,2,0,2,0,0,0,0,3,1,0,0,0,0,0,0,2,0,1,2,0,3,0,0,0,0,0,0,0,0,0,0,0,8,0,0,1,0,0,0,1,0,0,0,1,0,0,1,1,0,1,0,3,0,0,0,0,0,3,0,0,0,0,0,0,0,0,0,0,0,1,0,0,0,0,0,0,0,2,0
FOODS_3_402,FOODS_3,1,1,0,1,1,0,0,0,2,0,0,0,4,1,6,0,1,0,0,1,1,0,0,0,0,0,1,1,2,1,2,0,2,0,0,2,1,1,1,2,0,0,2,0,0,1,4,0,0,0,2,0,0,1,1,0,1,0,0,0,1,0,3,1,0,2,0,0,0,0,0,2,2,1,0,0,0,2,1,0,0,2,1,0,1,0,0,3,2,0,1,1,0,1,0,0,0,0,1,0
FOODS_2_227,FOODS_2,6,0,1,2,1,0,0,0,2,1,1,1,0,1,1,0,0,0,1,1,2,2,8,0,0,0,0,1,0,0,1,2,1,2,0,0,0,0,0,0,5,0,0,0,0,0,0,0,0,0,1,2,2,1,0,0,1,1,0,2,3,0,2,0,0,2,0,0,0,1,0,1,0,0,0,0,0,1,0,0,0,0,1,4,2,0,0,0,0,0,0,0,0,0,0,0,0,0,0,0
FOODS_3_623,FOODS_3,0,1,0,0,0,0,1,0,0,0,0,1,0,0,1,0,1,1,0,0,0,0,2,0,0,0,1,1,0,1,0,2,2,1,0,0,0,0,0,0,0,1,3,0,1,2,0,0,0,1,0,2,0,0,0,0,0,1,0,1,1,0,0,0,1,0,5,0,0,0,0,0,0,1,0,0,0,0,1,1,0,0,1,0,2,0,2,0,0,0,0,1,1,3,0,1,1,1,2,0
FOODS_2_180,FOODS_2,0,2,2,2,0,1,0,2,0,0,0,3,2,3,5,0,0,2,0,2,1,3,1,0,2,1,4,1,0,1,1,0,1,0,3,0,1,0,0,0,0,0,3,0,0,0,0,0,6,1,2,2,2,0,3,0,2,4,8,0,1,2,2,0,0,0,0,2,3,0,1,1,0,1,3,0,1,0,3,3,0,3,0,0,5,1,0,6,0,2,2,1,1,0,1,5,0,0,0,1
FOODS_3_710,FOODS_3,0,0,0,0,0,0,0,0,0,0,0,1,1,1,3,0,1,1,0,0,0,0,1,0,0,0,0,0,6,0,1,0,0,0,1,1,0,1,0,0,1,1,0,1,1,0,0,0,1,1,1,3,2,2,0,0,0,4,2,0,0,0,0,0,1,0,0,0,2,1,0,0,0,0,0,1,0,2,0,1,0,0,1,0,3,0,1,1,0,0,2,0,0,0,2,1,0,0,1,2
FOODS_1_050,FOODS_1,1,3,0,2,0,1,1,0,0,0,2,0,0,1,3,2,1,1,2,0,0,0,0,0,0,0,0,1,1,2,3,0,0,0,1,1,2,1,0,0,3,0,2,1,0,0,3,0,4,0,0,0,2,0,1,2,0,1,1,0,2,1,1,0,1,0,1,2,0,0,2,1,0,2,4,0,0,2,1,3,0,0,0,1,4,0,0,0,2,2,1,0,2,1,0,0,0,5,1,0
FOODS_1_078,FOODS_1,1,1,4,0,0,3,1,0,1,1,0,2,4,0,0,4,2,0,0,0,0,0,0,0,0,0,0,0,1,1,1,0,3,1,0,0,0,2,2,2,1,3,2,1,0,0,0,2,2,0,1,4,0,0,0,2,1,0,4,0,1,3,1,0,3,1,0,1,0,0,1,0,0,0,1,0,1,1,1,5,3,1,0,0,1,2,1,0,2,0,3,0,1,0,0,1,1,0,0,1
FOODS_3_147,FOODS_3,0,0,0,0,0,0,0,0,0,0,0,0,0,0,0,0,0,0,0,0,0,0,0,0,0,0,0,0,0,0,0,0,0,2,8,4,5,5,7,5,2,8,7,4,6,3,4,2,5,9,12,5,4,4,5,5,7,11,2,1,1,5,5,5,5,2,4,3,4,1,3,5,8,3,3,2,4,3,9,6,7,0,0,0,0,0,0,0,0,0,0,0,0,0,0,0,0,0,0,0
FOODS_3_323,FOODS_3,1,0,0,1,0,0,1,2,0,0,1,1,2,0,1,0,1,10,1,0,0,0,0,0,0,0,0,0,0,4,4,0,1,1,0,3,0,0,0,0,0,0,2,1,1,2,0,1,1,1,0,0,0,0,0,2,0,0,2,0,1,1,1,1,2,1,2,0,1,2,0,3,0,0,1,0,0,0,1,0,4,0,1,1,2,0,2,0,0,0,0,0,0,0,1,0,1,1,1,1
FOODS_2_113,FOODS_2,0,0,0,1,0,0,0,0,0,0,0,2,0,0,0,0,1,0,1,1,0,0,1,1,0,1,1,1,0,3,0,1,0,0,0,0,3,0,0,0,1,0,0,0,0,0,0,0,1,2,0,1,0,0,1,1,0,3,0,0,0,2,0,0,4,0,1,0,0,0,0,3,0,1,0,0,0,1,4,0,0,1,0,0,0,5,0,0,1,0,0,0,0,1,4,1,0,0,0,0
FOODS_3_379,FOODS_3,0,0,2,0,0,0,1,1,0,0,0,0,0,0,0,1,12,1,0,0,0,0,0,0,0,7,0,2,0,1,0,0,0,0,20,0,0,0,0,0,0,0,0,2,0,0,0,0,0,1,0,0,0,0,0,0,0,1,1,0,0,0,0,1,0,0,0,0,2,0,1,1,0,0,1,3,0,0,0,0,3,0,19,0,0,0,0,2,0,0,0,0,0,0,0,2,0,1,2,0
FOODS_3_421,FOODS_3,0,0,1,0,0,0,0,1,0,1,0,0,0,0,0,0,0,0,0,0,0,0,0,0,0,0,0,0,0,0,6,0,0,0,6,0,0,3,0,0,0,0,12,0,0,0,0,0,0,1,1,0,0,1,0,0,0,0,0,0,0,1,0,0,0,1,0,0,0,1,1,1,0,0,1,0,0,0,2,0,0,0,1,1,1,0,1,4,0,0,0,0,0,0,0,0,1,0,0,0
FOODS_2_045,FOODS_2,0,0,1,0,1,2,0,0,2,0,0,0,0,0,0,0,0,0,0,0,1,0,0,0,0,0,0,1,1,0,1,1,0,1,0,0,0,1,0,0,0,0,0,0,0,0,0,0,0,0,0,0,0,0,0,0,0,0,0,0,0,0,0,0,0,0,0,0,0,0,0,1,0,0,3,0,0,1,1,0,0,0,0,0,0,0,1,0,0,1,0,0,1,1,2,0,0,0,0,2
FOODS_1_158,FOODS_1,2,1,1,0,0,0,0,0,0,0,0,0,0,0,0,0,0,0,0,0,0,0,0,0,0,0,0,0,0,0,0,0,0,0,0,0,0,0,0,0,0,0,0,0,0,0,0,0,0,0,0,0,0,0,0,0,0,0,0,0,0,0,0,1,0,0,0,0,1,0,0,2,0,1,1,0,0,0,0,0,0,0,0,0,0,0,0,0,0,0,0,0,0,0,0,0,0,0,0,0
FOODS_3_072,FOODS_3,0,0,0,0,0,1,2,3,1,1,2,0,2,1,1,0,0,0,2,4,2,4,2,0,2,0,0,1,3,3,3,1,0,2,0,4,2,0,1,0,4,1,1,0,0,1,1,1,0,0,5,2,2,0,0,0,4,4,1,0,3,0,1,3,0,2,0,3,1,2,5,3,3,0,3,0,1,1,1,3,3,2,1,1,0,0,2,3,4,3,0,3,3,0,1,2,3,0,1,4
FOODS_2_338,FOODS_2,0,1,1,2,0,0,1,2,1,0,0,0,3,2,1,1,1,3,1,0,2,0,1,0,2,0,4,1,2,0,3,2,1,2,2,1,3,2,0,0,1,0,2,3,1,1,0,2,1,3,1,3,3,2,2,2,2,3,2,1,2,2,2,2,5,4,4,3,0,3,0,3,2,3,1,1,2,2,1,1,1,2,0,1,0,1,2,4,0,1,1,1,2,3,0,2,4,0,0,2
FOODS_3_777,FOODS_3,1,0,1,0,0,2,0,0,1,3,0,0,1,2,0,0,1,1,3,2,1,1,0,0,3,0,1,2,1,0,1,0,1,0,1,0,1,1,0,2,1,1,1,3,1,0,2,0,0,1,2,0,3,1,1,1,1,1,0,1,0,0,2,0,0,0,1,1,2,0,3,1,0,0,0,0,0,0,0,0,0,0,0,0,0,1,0,0,0,0,0,0,0,0,0,0,1,0,0,0
FOODS_3_278,FOODS_3,2,4,2,1,1,1,0,0,0,2,7,2,1,0,3,3,2,1,0,1,1,2,4,5,2,2,3,3,1,1,1,0,4,1,0,0,1,2,1,1,3,4,0,1,0,1,4,0,1,2,2,2,3,2,2,1,1,4,1,2,1,1,0,2,1,0,6,0,3,0,0,0,3,2,0,1,0,2,1,3,3,1,3,1,1,8,2,1,1,0,2,1,1,1,1,5,0,0,1,1
FOODS_2_084,FOODS_2,1,0,4,0,1,0,2,3,0,2,1,0,4,1,0,0,1,2,2,1,2,2,2,0,2,0,1,1,2,1,2,1,1,1,0,5,2,2,1,1,0,2,1,1,0,4,2,3,0,1,5,1,1,5,3,0,0,2,3,2,3,0,1,1,1,2,4,3,1,1,6,1,6,2,3,0,0,0,0,0,0,0,0,0,0,0,0,1,0,0,0,0,2,3,3,2,0,5,2,4
FOODS_2_269,FOODS_2,0,0,0,0,0,0,1,0,0,4,0,1,0,0,0,0,2,0,0,0,2,0,0,0,0,0,0,0,0,0,0,0,0,0,0,0,0,0,0,1,0,0,0,0,0,0,0,0,0,0,0,0,0,0,0,2,0,0,1,0,0,0,0,1,0,0,0,1,0,0,1,0,1,0,1,0,1,0,0,0,1,0,0,0,0,0,0,0,1,0,0,0,1,0,0,0,0,2,0,0
FOODS_1_034,FOODS_1,1,0,0,0,2,0,2,0,2,0,0,1,0,1,1,1,2,0,0,0,0,1,1,2,0,1,1,1,0,0,2,0,0,2,1,1,0,0,0,1,2,0,2,0,1,0,0,0,1,0,1,0,0,3,1,0,0,0,1,0,0,0,1,0,0,2,1,0,0,2,2,0,1,1,0,0,1,0,0,0,3,0,1,0,0,0,0,2,2,0,1,0,6,0,0,0,0,0,2,1
FOODS_3_270,FOODS_3,2,2,2,2,0,1,1,1,5,1,2,0,1,1,0,4,1,3,1,3,2,1,3,2,3,1,1,1,3,3,1,1,1,0,1,3,1,1,0,1,0,1,0,3,2,1,0,1,1,2,3,1,4,1,1,0,3,4,0,5,1,1,1,1,3,3,2,1,1,1,0,0,2,3,0,2,1,2,4,0,1,0,2,1,1,3,2,1,2,0,2,3,1,1,0,3,0,1,0,0
FOODS_2_290,FOODS_2,1,0,1,1,1,0,3,0,0,1,3,2,0,0,1,0,0,1,1,0,2,0,7,1,0,4,0,1,0,1,1,3,1,0,0,0,0,0,1,1,1,0,0,3,0,2,1,2,1,2,1,4,0,3,0,0,3,0,3,1,2,0,1,0,0,2,0,1,2,0,1,2,1,4,1,0,2,2,1,1,1,0,0,0,0,0,0,0,1,0,3,0,2,1,0,0,0,0,0,1
FOODS_2_032,FOODS_2,0,0,0,0,0,0,0,0,0,0,0,0,0,0,0,0,0,0,0,0,0,0,0,0,0,0,0,0,0,0,0,0,0,0,0,0,0,0,0,0,0,0,0,0,0,0,0,0,0,0,0,0,0,0,0,0,0,0,0,0,0,0,0,0,0,0,0,0,0,0,0,0,0,0,0,0,0,0,0,0,0,2,4,1,2,5,1,1,1,1,3,0,0,2,2,0,0,0,2,0
FOODS_3_758,FOODS_3,1,2,0,1,0,0,0,4,0,6,1,1,0,4,0,3,3,0,0,0,0,1,2,1,1,0,0,0,4,0,1,1,0,2,1,1,0,0,1,1,0,1,1,2,0,0,0,2,2,0,2,2,0,0,0,0,0,0,0,0,0,0,2,0,3,0,1,0,1,0,2,1,0,0,0,0,1,0,2,1,0,9,0,0,0,0,0,1,0,0,0,0,0,0,0,1,1,0,0,0
FOODS_2_148,FOODS_2,1,0,0,1,0,0,0,0,0,1,0,0,3,0,2,2,0,2,0,0,0,0,0,0,0,0,0,0,3,0,0,0,0,0,0,0,0,0,0,0,0,5,0,3,0,0,0,3,2,0,0,1,0,0,0,0,3,0,0,1,0,0,0,0,1,0,1,1,0,0,2,0,0,1,0,0,0,1,0,0,0,0,0,0,0,0,0,0,2,0,2,1,0,0,1,1,0,1,0,0
FOODS_3_003,FOODS_3,0,0,0,0,0,0,0,0,0,0,0,0,0,0,0,0,0,0,0,0,0,0,0,1,0,1,2,0,0,2,2,1,2,0,1,1,2,0,1,0,1,1,0,0,1,0,1,1,2,1,2,1,3,0,2,1,0,5,1,0,0,1,1,1,3,1,2,0,0,1,1,3,4,1,0,2,0,3,3,1,2,3,0,2,0,2,3,1,1,2,2,1,1,2,1,1,3,0,0,0
FOODS_3_619,FOODS_3,0,4,0,0,1,1,0,2,0,1,0,0,0,0,1,2,1,0,0,0,0,0,1,1,0,0,0,1,0,5,0,0,1,1,2,0,2,0,0,0,1,2,3,1,0,0,0,0,0,1,2,0,2,1,1,1,0,1,1,0,0,0,2,0,8,2,1,1,0,0,0,0,1,0,0,0,1,0,2,1,2,0,0,1,2,1,0,0,1,2,0,0,0,2,1,0,1,1,0,2
FOODS_2_355,FOODS_2,1,1,1,0,1,1,4,1,6,0,2,0,0,2,3,0,1,2,1,3,0,0,0,0,0,2,0,0,0,1,2,0,0,0,0,2,0,4,1,1,3,0,1,1,0,1,1,0,0,0,3,1,2,3,0,0,0,2,3,0,0,1,2,0,2,0,0,1,0,0,0,1,0,0,0,0,0,1,0,1,2,1,0,0,0,7,0,2,4,0,1,0,0,1,1,0,1,2,1,0
FOODS_2_228,FOODS_2,0,0,1,1,1,0,0,0,0,0,0,0,1,0,1,2,0,0,0,0,0,0,2,0,0,0,0,0,2,1,0,1,0,0,0,0,1,0,0,1,0,0,2,0,0,0,0,0,0,1,1,1,1,0,0,0,2,3,1,0,0,0,0,0,1,0,1,0,0,0,0,1,1,0,0,1,0,0,0,1,0,0,1,0,0,1,3,0,1,0,0,0,0,0,0,1,0,0,0,1
FOODS_3_262,FOODS_3,0,2,1,1,0,0,0,1,4,2,2,2,2,0,3,1,3,3,1,1,2,2,2,0,1,0,2,1,0,0,0,1,2,1,2,1,1,1,0,2,1,1,2,0,0,1,0,1,0,3,0,3,0,1,2,2,2,1,1,0,0,0,1,0,1,2,0,1,0,1,3,3,0,0,0,0,2,4,3,2,1,1,1,3,2,1,0,1,0,0,2,2,2,1,0,0,0,0,0,0
FOODS_1_199,FOODS_1,0,0,0,0,0,0,0,1,0,0,0,0,0,1,0,1,0,0,0,0,0,0,2,0,1,0,2,0,0,0,0,1,0,2,0,0,3,0,0,0,0,1,0,0,0,0,1,0,0,0,0,0,2,0,0,0,0,0,0,0,0,0,0,0,0,0,0,0,1,0,0,0,0,0,0,0,0,1,0,0,0,1,0,0,0,1,0,0,1,2,2,1,1,1,2,2,1,0,0,1
FOODS_3_360,FOODS_3,0,1,2,0,0,0,0,0,0,0,0,0,1,2,0,0,2,1,0,0,0,0,1,0,2,1,0,0,0,0,1,0,0,1,0,0,1,0,0,0,1,1,1,0,0,1,0,0,1,1,3,2,0,0,1,0,2,1,0,0,0,0,0,0,2,0,0,0,2,0,0,1,1,0,0,0,0,0,0,0,0,0,0,1,0,1,0,1,0,0,1,0,0,1,0,0,0,0,0,0
FOODS_3_527,FOODS_3,0,1,1,1,0,1,4,2,1,0,0,1,1,0,3,0,1,0,0,0,0,3,3,0,0,0,0,1,4,0,0,1,0,1,0,2,0,0,1,1,0,0,0,2,0,0,0,0,2,1,0,1,0,0,0,0,0,0,0,0,0,0,0,3,0,0,1,0,0,1,0,3,1,0,2,0,1,3,1,0,1,1,0,1,0,1,1,1,1,3,0,1,0,0,0,0,0,0,1,3
FOODS_2_037,FOODS_2,0,1,1,0,1,1,0,0,0,0,0,0,1,2,1,3,0,0,0,1,0,0,0,0,1,1,0,0,1,0,0,0,1,0,0,1,0,1,1,0,1,1,0,0,1,0,0,2,0,0,0,0,1,2,0,2,1,0,0,0,0,0,0,0,0,0,0,0,0,0,1,1,2,0,0,0,0,1,2,1,0,0,0,1,0,0,0,0,0,0,0,0,0,0,0,0,0,1,0,0
FOODS_3_006,FOODS_3,0,1,1,0,2,2,1,1,1,2,1,1,1,2,1,1,1,0,1,1,1,2,1,1,1,1,1,1,1,2,1,1,0,0,1,1,1,0,2,0,0,3,2,1,0,1,0,2,0,0,0,2,0,1,0,1,0,2,0,1,0,2,1,3,0,0,0,0,1,1,1,0,3,1,0,0,2,0,1,0,1,0,1,2,0,0,1,3,0,0,1,1,0,1,0,3,0,2,2,0
FOODS_2_095,FOODS_2,2,2,3,2,0,1,0,0,1,0,2,0,0,0,0,1,1,0,1,1,0,1,2,1,2,0,1,1,3,3,2,1,3,0,2,3,1,0,0,0,2,1,3,0,1,1,0,0,0,1,2,2,2,2,0,0,1,1,1,0,2,3,2,1,1,2,3,1,0,0,2,1,4,0,4,0,0,3,0,1,0,2,4,1,4,1,1,2,0,0,2,1,2,3,0,1,1,1,2,1
FOODS_2_292,FOODS_2,0,0,0,0,0,0,0,0,0,0,0,0,0,0,0,0,0,0,0,0,0,0,0,0,0,0,0,0,0,0,0,0,0,0,0,0,0,0,0,0,0,0,0,0,0,0,0,0,0,0,0,0,0,0,0,0,0,0,0,0,0,0,0,0,0,0,0,0,0,0,0,0,0,0,0,0,0,0,0,0,0,0,0,0,3,1,1,2,3,0,0,3,1,0,1,0,1,1,1,3
FOODS_3_040,FOODS_3,0,0,0,0,0,0,0,0,0,0,0,0,0,0,0,0,0,0,0,1,2,0,4,1,1,1,1,2,1,1,2,0,1,1,0,0,2,2,3,1,0,0,0,1,0,2,1,0,2,0,4,0,1,0,0,2,3,1,1,1,3,1,3,2,1,0,0,1,2,0,0,0,1,1,0,0,0,1,4,0,1,1,1,1,0,1,2,0,0,0,0,1,6,1,2,0,0,1,0,1
FOODS_3_556,FOODS_3,1,2,0,0,0,0,0,2,0,1,1,0,0,1,0,1,0,0,2,1,0,0,2,0,0,0,0,1,0,0,0,0,0,0,0,1,1,0,0,1,0,0,0,0,2,0,0,1,0,1,1,0,0,0,0,0,0,1,0,0,1,0,0,0,1,0,0,0,1,0,3,3,1,1,0,0,0,2,3,0,0,1,0,0,0,2,1,0,0,3,1,0,1,0,0,1,2,1,0,0
FOODS_3_722,FOODS_3,0,0,0,0,0,0,0,0,0,0,0,0,0,0,0,0,0,0,0,0,0,2,1,3,3,0,0,3,4,3,0,1,1,1,0,1,3,0,0,1,1,0,2,5,3,1,1,2,2,1,0,0,0,0,0,2,1,5,2,0,0,1,1,5,1,2,0,1,0,1,1,4,2,2,0,2,2,2,1,2,1,1,2,0,1,2,2,1,1,2,1,1,0,0,1,2,1,2,1,1
FOODS_3_442,FOODS_3,0,0,0,0,1,0,0,0,0,2,0,0,1,0,0,0,0,1,0,0,0,0,0,0,0,0,2,1,1,0,0,0,0,0,0,0,0,0,0,0,0,0,0,0,0,0,0,0,0,0,0,0,0,0,0,0,0,0,0,0,0,0,0,0,0,0,0,0,1,0,1,1,0,0,1,1,0,0,0,0,0,0,1,1,0,2,0,0,0,0,0,1,0,1,1,0,0,0,0,0
FOODS_3_798,FOODS_3,0,1,0,0,0,0,0,0,0,0,0,0,0,0,0,0,0,1,1,0,0,0,0,0,0,0,0,0,0,0,0,0,0,0,0,0,1,0,0,0,1,1,0,1,0,0,0,0,1,0,1,0,0,0,0,0,1,1,1,0,0,0,0,1,1,0,0,0,0,0,1,1,0,0,0,0,0,2,1,0,0,1,0,2,0,1,0,1,0,0,0,0,0,0,0,1,1,0,3,1
FOODS_2_023,FOODS_2,0,0,0,0,0,1,0,0,0,0,1,2,0,0,1,2,1,1,0,3,2,3,0,2,0,1,2,0,3,0,0,4,1,1,0,0,0,3,0,0,3,2,2,0,0,0,2,0,1,1,2,0,0,0,7,1,0,0,2,0,0,4,0,0,1,0,1,3,0,3,0,0,1,1,0,0,2,0,0,0,7,1,2,1,0,3,0,0,2,0,0,1,0,0,1,0,0,0,0,1
FOODS_3_673,FOODS_3,1,0,0,2,0,2,1,2,1,0,3,0,0,1,1,4,1,2,1,0,0,2,2,1,0,2,0,0,0,1,1,2,0,0,0,1,0,0,2,1,1,1,3,1,3,0,1,3,0,3,0,3,0,0,2,0,0,1,1,0,0,0,0,0,2,2,1,1,1,0,1,2,1,0,0,1,0,0,1,2,4,0,1,2,1,0,2,1,2,0,1,0,0,3,4,0,0,0,0,1
FOODS_1_070,FOODS_1,0,2,0,0,5,0,1,0,0,1,0,0,0,1,1,2,0,0,0,1,1,3,4,1,0,0,1,0,4,3,0,2,0,1,0,0,0,2,0,0,0,2,1,0,0,0,0,0,0,0,0,0,6,0,0,0,2,0,0,0,0,0,0,1,0,0,2,0,0,0,3,4,0,0,0,0,0,0,0,0,2,2,0,2,0,0,0,1,0,0,1,0,0,0,0,1,0,1,0,0
FOODS_2_270,FOODS_2,0,0,0,0,0,0,0,1,0,0,0,0,0,0,0,0,0,0,0,0,2,0,0,1,0,0,0,0,0,0,0,0,0,0,0,1,0,0,0,0,0,0,0,0,0,0,0,2,0,2,0,0,0,0,1,0,3,1,0,0,0,0,1,0,0,0,1,0,0,0,0,0,0,0,1,3,2,0,1,0,0,0,0,0,3,0,2,4,0,1,0,1,0,0,0,0,0,0,1,0
FOODS_3_223,FOODS_3,1,2,0,0,0,0,1,2,0,0,0,0,0,0,0,0,0,0,2,0,0,0,0,0,0,0,0,0,0,0,1,1,0,0,0,0,0,0,1,3,0,1,0,0,0,0,0,0,0,1,0,0,0,0,0,0,2,1,0,0,0,0,0,3,0,0,0,1,0,1,0,0,0,0,0,0,0,0,0,0,0,1,0,0,1,0,0,0,0,0,0,2,0,1,0,0,0,0,0,0
FOODS_2_091,FOODS_2,0,0,0,1,0,0,0,0,0,0,0,0,0,1,2,1,0,1,0,0,0,0,0,0,0,1,0,1,0,0,0,0,0,0,1,1,0,0,0,2,3,0,1,0,1,0,3,0,0,0,0,0,0,1,0,0,0,0,0,0,0,0,0,0,0,2,1,0,0,0,2,0,0,0,0,0,0,0,0,0,0,0,0,1,0,0,0,0,0,0,3,0,1,2,0,0,2,1,3,0
FOODS_2_089,FOODS_2,1,0,0,0,0,0,0,0,0,0,3,2,0,0,2,2,1,1,1,4,2,1,2,3,0,0,1,3,4,0,0,1,0,1,0,1,3,1,0,1,1,3,2,2,2,1,1,0,0,2,0,1,2,1,2,1,1,3,1,0,0,1,1,0,4,2,1,2,0,1,0,0,0,2,2,0,1,0,0,1,2,2,0,1,0,0,0,0,1,2,0,2,0,2,2,1,1,1,3,2
FOODS_2_265,FOODS_2,0,0,0,0,0,0,0,0,0,0,0,3,0,0,0,0,0,0,1,1,0,0,1,0,0,0,0,0,2,0,2,0,2,0,0,0,0,0,0,2,1,1,0,0,1,0,1,0,0,0,0,0,0,1,3,0,0,1,1,0,0,2,1,0,0,0,0,0,0,1,0,2,0,0,0,0,0,1,1,0,0,0,0,0,0,1,0,0,0,1,1,3,1,0,0,0,1,1,0,3
FOODS_3_172,FOODS_3,2,0,2,1,1,5,4,1,3,4,0,0,5,2,2,2,7,0,3,2,2,0,0,2,4,2,1,3,3,1,2,4,2,4,0,1,3,1,1,1,1,4,0,5,5,3,3,1,0,3,2,2,1,0,1,1,2,1,2,2,3,1,4,1,2,0,2,1,4,1,4,1,2,3,0,1,1,2,0,3,3,3,2,2,0,4,4,0,1,8,3,4,3,2,3,2,3,6,2,1
FOODS_2_363,FOODS_2,3,0,3,2,0,0,0,0,0,0,0,0,0,0,0,0,0,0,0,0,0,0,0,0,0,0,0,0,0,0,0,0,0,0,0,0,0,0,0,0,0,0,0,0,0,1,0,0,0,0,0,0,0,0,0,0,0,0,0,0,0,0,0,1,1,0,0,0,0,0,0,0,0,0,1,0,2,1,4,0,1,1,0,1,0,4,0,0,1,0,1,1,0,2,2,0,0,2,2,4
FOODS_2_102,FOODS_2,2,0,2,2,2,0,2,2,3,0,1,0,4,2,0,0,2,1,1,2,1,1,3,3,0,3,2,1,1,3,2,2,2,2,0,1,2,3,0,0,2,2,2,0,2,0,2,1,0,0,0,2,0,4,1,0,1,4,3,3,1,0,0,0,1,5,0,2,2,0,0,3,0,1,1,0,0,1,2,2,0,0,2,1,0,2,1,4,2,0,0,1,3,0,2,1,0,0,0,1
FOODS_2_317,FOODS_2,1,0,0,2,0,1,0,0,0,0,0,0,0,0,0,0,0,0,1,0,2,0,1,0,2,1,1,0,1,1,1,0,0,0,0,1,1,0,1,0,0,0,1,0,1,0,0,1,2,0,0,1,0,3,0,1,0,2,2,0,3,0,0,0,0,0,0,2,0,0,0,0,0,0,1,0,0,0,1,1,0,1,1,0,2,0,2,0,0,2,0,2,1,0,2,0,0,0,0,0
FOODS_2_378,FOODS_2,1,1,0,0,0,1,0,0,0,0,0,0,1,2,0,1,0,0,0,2,0,1,0,2,0,0,0,0,0,0,0,0,0,0,0,1,0,0,0,1,0,1,1,1,0,0,0,0,0,1,0,2,0,0,0,0,0,0,0,0,0,0,0,0,0,0,0,0,0,0,0,0,0,0,0,0,0,0,2,3,0,0,0,0,1,1,3,0,0,2,0,1,1,0,1,0,0,0,0,0
FOODS_1_136,FOODS_1,1,0,0,0,0,1,0,0,0,0,0,0,0,0,0,0,0,0,0,0,0,0,1,0,0,0,1,1,1,0,0,0,0,0,1,1,0,1,0,0,0,0,0,0,0,0,0,0,0,0,1,0,0,0,0,0,0,0,3,0,0,0,0,0,1,0,0,0,0,0,0,0,0,0,0,0,0,0,0,0,0,0,0,0,0,0,0,0,0,0,0,0,1,0,1,1,0,0,0,0
FOODS_3_443,FOODS_3,3,0,1,0,1,0,0,0,0,0,1,0,0,0,1,1,1,3,0,0,1,1,2,0,1,0,0,2,1,1,2,0,0,0,0,0,0,0,4,0,1,1,1,0,0,0,0,1,0,1,1,0,0,1,1,0,1,4,4,1,1,0,0,0,1,0,0,3,0,1,0,0,0,1,0,1,0,0,1,0,1,1,4,1,1,1,3,0,3,2,0,2,1,0,1,0,0,2,2,1
FOODS_3_720,FOODS_3,1,2,0,1,0,1,1,0,0,0,1,0,0,1,0,3,1,4,1,1,2,1,4,2,0,0,0,1,2,0,0,0,1,0,0,0,2,0,0,0,0,1,0,0,1,1,1,0,0,1,1,0,0,1,1,0,1,4,1,2,0,1,1,1,0,0,0,0,0,0,1,1,2,0,2,3,0,1,0,1,2,0,3,0,4,2,2,1,0,2,0,2,2,1,0,0,0,0,1,1
FOODS_2_298,FOODS_2,2,0,0,0,1,2,0,0,0,2,1,0,1,0,5,0,1,1,0,0,0,0,1,1,1,2,1,1,0,2,2,1,1,2,0,0,0,0,0,0,1,0,0,1,0,0,0,1,1,0,1,1,3,2,0,0,2,2,0,0,0,2,0,0,0,1,0,0,0,0,0,2,2,0,0,0,0,3,0,0,0,1,1,1,1,0,1,1,0,1,0,2,0,0,1,1,0,1,0,1
FOODS_2_185,FOODS_2,1,1,4,0,3,0,0,2,4,1,0,2,1,1,0,2,0,1,0,0,0,2,1,4,1,1,2,1,1,1,0,0,1,2,0,0,1,2,1,0,2,0,1,4,3,0,0,1,1,0,0,0,0,0,1,0,2,1,1,1,2,0,2,5,3,0,1,1,2,0,1,2,2,1,1,1,2,1,2,2,2,3,0,2,4,3,1,1,0,2,1,8,1,1,1,0,1,1,2,1
FOODS_1_060,FOODS_1,1,0,1,0,1,0,1,3,2,1,1,0,1,0,0,0,0,4,2,0,0,0,2,2,1,3,1,0,2,1,1,0,0,0,0,3,0,0,3,1,1,4,2,2,1,0,2,3,2,3,1,2,0,1,1,1,5,3,1,1,1,0,0,0,0,0,0,0,0,0,0,0,2,1,0,0,0,3,3,0,2,0,2,2,4,1,1,1,0,0,2,3,1,0,1,0,1,3,7,2
FOODS_2_136,FOODS_2,2,3,2,1,0,6,0,0,2,0,5,1,0,0,0,2,0,0,2,2,0,3,2,0,2,1,0,0,1,1,0,0,2,0,1,1,0,0,0,0,0,0,1,0,5,0,0,0,0,0,4,1,0,0,0,0,0,1,1,0,0,0,0,0,1,0,0,0,1,1,0,1,0,0,0,0,0,0,0,0,1,0,1,0,0,0,0,2,0,3,1,0,0,0,0,0,0,0,0,0
FOODS_3_110,FOODS_3,1,0,2,0,1,2,1,2,0,0,2,0,1,0,0,0,1,2,1,1,1,1,0,2,1,0,1,0,0,1,2,0,0,4,0,0,1,0,1,1,0,0,2,0,4,1,0,1,0,1,1,0,0,0,0,0,0,0,0,0,1,2,0,0,2,1,2,0,1,0,1,1,0,2,2,0,2,1,1,1,0,1,4,0,2,1,0,0,0,1,1,0,0,0,1,0,0,0,2,2
FOODS_2_377,FOODS_2,6,1,6,0,0,1,2,1,4,0,1,1,0,0,1,5,1,1,0,0,2,0,9,1,2,0,1,2,0,0,5,0,0,1,2,1,1,5,2,3,1,1,0,6,0,0,3,0,0,4,1,8,2,3,1,0,0,0,7,1,0,0,1,2,0,4,0,0,1,0,0,0,7,4,0,0,1,1,1,10,1,0,0,1,0,0,3,0,1,1,0,0,2,3,0,1,1,1,1,0
FOODS_3_380,FOODS_3,0,0,0,0,0,0,0,0,1,0,1,1,0,0,0,0,0,0,0,0,0,0,0,1,0,0,0,1,1,0,0,0,1,0,0,0,0,1,0,1,1,0,0,0,2,0,1,0,0,0,1,1,0,0,0,1,1,0,0,0,0,1,1,1,0,0,0,0,1,0,0,0,0,0,0,0,0,0,0,0,1,0,1,0,0,0,0,1,0,0,1,0,0,2,0,1,0,0,1,2
FOODS_1_164,FOODS_1,0,0,0,0,0,0,0,0,0,0,0,0,0,0,0,0,0,1,0,0,0,0,0,0,0,0,0,0,0,6,1,0,0,0,0,0,0,0,0,0,0,0,0,0,0,0,0,0,0,0,0,0,0,0,0,0,0,0,0,0,0,0,0,0,0,0,0,0,0,0,0,0,0,0,0,0,0,0,0,0,0,0,0,0,0,2,0,0,0,0,1,1,0,2,0,1,3,0,0,0
FOODS_3_743,FOODS_3,0,2,1,2,2,2,0,3,3,3,3,1,1,3,1,0,4,0,3,5,1,1,3,3,0,0,1,2,3,2,1,2,1,0,1,3,1,2,2,0,0,0,3,4,0,3,2,1,1,2,4,2,1,2,4,1,1,2,0,3,1,3,1,1,3,1,2,0,0,0,0,5,1,0,0,2,2,1,6,3,0,3,1,2,4,2,1,1,1,1,0,1,6,1,1,0,0,1,0,1
FOODS_1_029,FOODS_1,0,0,0,2,2,0,0,0,2,1,0,0,0,0,0,0,1,0,3,2,0,1,0,2,0,2,0,1,0,0,0,0,2,2,0,0,1,0,0,0,1,0,0,0,0,0,0,0,2,0,0,0,0,0,0,4,1,0,0,0,1,0,3,2,1,4,0,1,0,0,0,1,1,0,2,0,0,0,0,0,4,0,0,0,2,0,1,0,1,0,0,0,0,0,0,0,0,2,0,1
FOODS_3_229,FOODS_3,0,1,1,2,0,3,0,0,0,1,1,3,0,1,1,2,0,0,1,1,0,1,0,1,0,1,0,1,0,0,0,0,1,1,0,2,0,0,0,2,3,3,0,1,1,0,0,0,1,1,1,0,0,1,2,0,1,1,0,1,0,0,1,2,0,0,1,1,1,3,0,0,1,0,0,0,1,2,0,0,3,0,0,0,1,0,1,1,0,1,0,0,2,0,0,0,0,0,1,1
FOODS_3_119,FOODS_3,2,0,0,0,4,3,1,0,3,1,0,0,1,1,2,1,1,1,0,0,0,0,0,0,1,0,3,0,0,5,1,1,1,2,0,1,2,0,0,1,1,0,2,1,0,0,0,2,2,0,0,0,0,0,0,0,0,0,0,2,1,2,1,0,0,0,0,0,3,0,1,1,0,0,0,2,2,3,6,1,0,3,1,0,1,0,1,0,0,2,1,0,0,0,0,2,1,0,0,0
FOODS_3_549,FOODS_3,0,0,1,0,0,2,0,0,0,0,0,0,0,0,0,0,0,0,0,0,0,0,1,0,0,0,0,0,0,1,0,0,0,0,0,0,0,0,0,0,0,0,0,0,0,0,1,0,2,1,2,0,0,3,2,3,0,0,0,1,1,0,0,0,1,0,1,1,0,0,0,2,1,0,2,0,0,4,2,1,3,3,2,0,3,1,1,4,0,0,0,0,0,0,0,1,1,1,0,0
FOODS_2_386,FOODS_2,0,0,0,3,4,0,0,0,0,0,0,1,0,0,0,0,1,1,0,0,0,0,0,0,2,0,1,1,0,1,0,1,0,1,0,0,0,0,1,1,0,0,0,0,2,0,1,0,0,2,0,0,3,0,0,0,0,0,1,2,0,1,0,0,1,0,0,0,2,2,0,0,0,3,0,0,0,2,1,0,0,0,2,0,0,0,0,0,0,0,0,0,0,2,1,0,0,0,0,0
FOODS_3_529,FOODS_3,1,1,1,0,0,2,0,1,5,1,2,0,0,3,1,2,0,2,1,1,3,0,1,1,0,2,1,1,4,1,0,1,1,0,0,1,2,1,0,0,1,1,0,2,0,1,1,1,2,2,4,2,1,1,2,1,1,1,4,1,0,1,0,0,3,1,3,0,0,0,1,1,0,0,2,0,3,0,0,0,1,1,1,0,1,1,1,2,0,2,1,1,0,0,1,0,0,1,3,0
FOODS_2_008,FOODS_2,1,0,1,1,0,0,0,0,0,0,0,0,0,1,0,0,0,0,1,0,0,0,0,0,0,0,0,0,0,0,0,0,0,0,0,0,0,0,0,0,0,0,0,0,0,0,0,0,0,0,0,0,0,1,0,0,0,0,0,0,0,0,0,0,0,0,0,0,0,0,1,0,0,0,0,0,0,1,0,0,0,0,0,0,0,5,3,0,1,0,2,1,0,0,1,1,1,1,0,0
FOODS_2_250,FOODS_2,3,3,0,1,0,4,1,0,1,2,2,0,0,2,2,2,3,5,0,0,1,2,4,0,0,1,3,1,2,1,2,0,2,0,0,0,1,1,2,0,0,0,0,0,0,1,0,0,1,2,1,0,0,0,2,1,0,0,0,0,0,0,0,2,0,0,1,0,1,3,1,0,1,1,2,0,0,1,0,1,1,1,0,0,1,1,1,1,0,0,0,0,3,2,2,1,0,0,1,1
FOODS_2_261,FOODS_2,0,0,2,1,0,0,2,0,1,1,0,0,0,1,1,0,0,1,0,0,1,0,0,1,1,1,0,0,0,1,0,1,0,0,0,4,0,1,0,1,0,0,1,2,1,0,0,0,1,0,3,0,0,1,0,0,0,2,0,0,0,0,0,1,0,0,0,1,1,0,1,1,1,1,0,0,0,1,2,0,0,1,0,0,0,2,2,0,0,0,0,0,1,1,0,0,1,2,0,0
FOODS_3_597,FOODS_3,0,1,0,0,0,2,0,0,1,0,0,0,0,0,0,1,0,0,0,0,1,0,0,0,0,0,0,0,0,0,0,0,0,0,0,0,0,0,0,0,0,0,0,1,0,0,0,0,0,0,0,0,0,0,1,0,0,0,0,1,1,2,0,1,0,0,1,1,0,1,0,0,0,0,1,0,1,1,0,2,0,0,0,0,3,1,0,1,1,0,0,0,2,0,0,0,0,0,0,2
FOODS_3_453,FOODS_3,2,0,1,0,1,1,0,3,0,0,0,0,0,0,0,3,0,1,1,0,0,1,1,1,0,0,0,5,0,1,0,0,0,1,0,1,2,1,2,0,0,0,0,0,1,0,1,1,1,3,3,1,1,0,2,0,1,2,0,0,0,0,2,0,2,1,1,2,2,0,1,2,0,1,1,1,0,1,0,1,2,0,0,0,2,2,0,0,1,2,1,3,0,1,1,1,0,0,0,2
FOODS_3_036,FOODS_3,1,1,0,0,1,0,1,0,1,0,0,0,0,0,1,0,1,0,0,0,0,0,0,0,0,0,2,1,0,4,2,0,1,1,1,0,0,1,4,0,0,0,0,0,0,0,0,0,0,0,0,0,1,0,1,1,0,1,0,1,0,0,0,0,0,1,0,0,0,0,0,0,0,1,0,0,0,0,1,0,0,0,0,0,0,0,0,0,0,0,2,0,1,1,2,2,0,1,0,1
FOODS_3_122,FOODS_3,0,1,0,1,2,0,1,0,2,0,1,2,2,0,0,5,1,0,4,0,1,0,4,0,0,0,0,0,2,3,1,0,0,3,1,1,1,0,1,0,0,0,0,0,0,0,0,0,1,6,1,1,3,0,0,1,0,2,1,1,2,0,0,0,1,3,2,0,0,1,3,1,2,1,1,1,1,1,1,1,1,0,0,0,0,2,2,2,0,0,0,0,1,0,0,1,1,1,1,1
FOODS_1_053,FOODS_1,2,1,1,0,0,0,0,0,0,0,2,0,0,0,0,0,1,0,0,0,0,0,2,0,0,0,0,1,0,0,0,0,0,1,1,0,0,0,1,3,0,0,0,0,1,1,0,0,3,0,0,1,2,1,0,2,0,0,3,1,1,0,0,0,1,1,1,1,2,1,0,2,0,1,0,0,0,0,0,0,0,0,0,0,0,0,0,0,0,0,0,0,0,0,0,0,0,0,0,0
FOODS_1_212,FOODS_1,0,1,1,0,2,2,0,0,1,0,0,0,3,0,4,1,0,0,0,0,1,1,1,0,1,0,1,1,0,7,3,0,0,0,0,0,0,0,0,2,0,0,1,0,1,3,0,0,0,0,1,0,0,0,0,0,0,0,0,0,1,1,0,0,2,0,0,0,1,0,0,1,1,0,1,1,1,1,0,2,0,3,1,0,0,1,3,0,2,2,1,0,0,1,1,1,0,0,0,2
FOODS_3_221,FOODS_3,3,2,0,0,1,0,6,0,2,1,0,2,1,2,2,1,0,0,0,0,0,0,0,5,0,0,0,0,3,1,2,0,1,0,1,0,2,1,1,1,0,3,0,1,0,1,0,2,2,0,4,2,0,1,1,0,3,1,1,0,0,0,0,0,0,0,0,0,1,1,1,1,1,2,0,1,0,2,2,1,1,0,1,3,2,1,0,1,2,1,2,0,2,0,0,1,2,0,1,2
FOODS_1_093,FOODS_1,1,0,0,1,2,1,0,0,0,1,1,0,0,0,0,0,1,1,0,0,0,0,0,0,0,0,2,1,1,1,1,1,0,1,1,2,0,1,1,0,1,2,1,0,0,0,0,4,0,2,0,2,0,1,0,1,2,1,2,0,2,1,0,2,2,2,0,1,0,0,0,0,2,0,1,0,0,1,0,0,2,1,1,3,1,1,0,1,0,0,0,0,1,0,0,0,0,0,0,0
FOODS_1_002,FOODS_1,0,0,0,0,0,0,0,0,0,0,0,0,0,0,1,0,1,0,0,1,0,1,1,0,0,0,1,1,1,1,1,0,1,0,1,0,1,0,0,0,0,1,3,1,0,1,0,0,0,0,0,1,0,0,0,1,0,1,0,0,1,2,1,0,1,0,0,1,0,0,1,1,0,1,1,2,0,2,0,0,1,1,2,0,0,0,0,1,0,3,1,1,2,0,0,0,0,1,2,0
FOODS_3_143,FOODS_3,0,0,0,0,0,0,0,0,0,0,0,0,1,3,1,0,1,1,0,1,1,3,2,2,4,1,1,1,2,1,1,0,1,0,0,1,2,3,2,0,0,0,2,2,4,0,2,4,1,2,1,3,1,1,0,0,0,0,0,0,0,0,2,1,3,1,0,0,0,1,3,1,2,1,1,2,1,1,2,1,2,2,7,0,0,0,0,0,0,0,2,1,2,0,1,2,0,1,2,0
FOODS_1_157,FOODS_1,0,0,1,1,1,0,2,0,2,0,1,1,3,1,1,2,0,1,1,1,0,0,1,1,0,2,0,1,1,2,0,1,0,1,1,0,0,2,1,0,1,0,0,0,0,0,0,0,0,0,0,0,3,0,1,1,0,1,2,1,1,1,0,0,0,2,0,0,1,2,1,1,2,0,0,0,0,0,0,0,0,1,0,1,0,0,1,0,0,1,1,0,1,0,0,0,0,0,3,0
FOODS_3_670,FOODS_3,0,1,1,0,0,0,0,0,0,0,0,0,0,2,0,0,0,0,0,0,0,0,1,1,0,0,0,0,0,0,0,0,0,0,0,0,0,0,0,0,0,0,1,0,0,0,0,0,0,0,0,0,0,0,0,0,3,0,0,0,0,0,1,0,0,0,1,0,0,1,1,0,0,1,0,0,1,2,0,0,0,1,0,0,0,0,0,0,0,0,0,1,0,0,0,0,1,1,0,0
FOODS_2_345,FOODS_2,1,0,1,1,0,0,2,2,1,1,0,0,1,0,0,0,1,0,0,1,3,1,0,2,1,0,0,1,1,1,5,1,0,0,0,0,1,0,2,1,0,0,0,0,0,0,0,1,1,0,1,2,2,4,0,0,1,0,1,1,0,0,0,2,1,2,1,0,2,0,0,1,1,3,0,1,2,1,0,1,2,1,3,0,1,1,0,2,0,1,4,1,0,1,0,0,0,0,0,3
FOODS_2_172,FOODS_2,0,0,1,0,0,0,0,0,0,0,0,0,0,1,0,0,8,0,0,0,0,2,0,1,0,0,3,1,2,0,0,1,5,0,1,2,0,0,1,1,0,1,1,0,0,0,0,0,0,1,2,1,0,2,0,0,1,4,0,0,0,4,2,0,2,1,1,0,1,0,0,2,0,0,3,0,0,0,1,2,0,0,2,2,1,0,1,2,0,1,2,0,1,0,3,0,1,0,1,0
FOODS_3_600,FOODS_3,0,0,0,0,0,0,0,0,0,0,0,0,0,0,0,0,0,0,0,1,1,0,1,1,1,3,1,1,0,0,0,0,0,0,0,0,3,0,0,0,0,0,0,0,0,2,0,1,0,1,1,0,0,1,0,0,0,0,1,1,0,1,1,0,0,0,0,0,0,0,0,1,0,0,1,0,1,2,1,1,1,0,0,1,0,0,0,0,0,1,2,2,2,2,1,1,0,1,0,0
FOODS_2_389,FOODS_2,0,0,0,0,1,0,1,1,1,0,1,0,0,3,1,1,1,1,0,1,0,2,1,1,0,1,0,0,0,0,0,0,0,0,0,0,0,0,0,0,0,0,0,0,0,0,0,0,0,0,0,0,0,0,0,0,0,0,0,0,2,1,0,0,0,0,1,0,0,0,0,1,0,1,2,1,0,0,0,0,0,0,2,0,0,1,0,0,1,1,0,1,0,0,0,0,0,0,1,0
FOODS_2_178,FOODS_2,0,1,1,0,0,0,0,0,0,0,0,0,0,0,2,0,0,0,1,0,0,0,0,0,0,0,0,0,0,0,0,0,0,0,2,0,0,0,0,0,0,0,0,0,0,0,0,0,0,0,0,0,0,0,0,0,1,0,0,1,0,0,0,0,0,0,0,0,2,0,0,0,0,0,0,0,2,0,0,0,0,0,0,5,0,3,0,1,2,0,2,0,1,5,1,1,0,1,0,0
FOODS_1_141,FOODS_1,1,0,1,0,0,0,0,0,3,0,0,0,0,0,0,0,0,0,0,0,0,0,0,0,0,0,1,0,0,0,0,0,0,0,0,0,0,0,0,0,0,1,1,1,0,0,0,0,1,0,0,0,0,0,0,0,0,0,0,1,0,0,0,0,0,1,0,0,0,1,0,0,0,1,0,0,0,1,0,0,0,0,0,0,0,0,0,0,1,0,0,0,1,0,0,0,0,0,0,0
FOODS_2_094,FOODS_2,0,0,2,3,0,2,0,1,0,0,0,1,0,2,0,0,1,4,2,0,0,1,1,0,0,0,0,5,0,0,0,0,0,1,0,0,2,0,1,0,0,2,2,0,1,0,5,1,0,0,6,0,0,0,0,1,0,0,0,0,0,0,0,2,2,2,0,0,0,0,0,2,0,0,0,0,0,1,0,0,0,0,0,0,0,0,0,0,0,0,0,0,0,2,4,0,0,1,0,2
FOODS_3_018,FOODS_3,1,1,0,3,1,1,2,0,3,3,1,1,1,1,0,2,1,0,1,1,0,1,3,0,1,2,0,2,1,3,1,1,2,0,3,0,0,1,2,0,0,2,1,1,1,0,0,3,1,0,2,2,0,1,1,4,1,1,1,1,2,0,2,4,2,2,2,2,3,0,2,5,3,2,2,0,0,1,0,3,1,0,0,2,1,1,0,0,0,0,0,0,0,0,0,0,0,0,0,0
FOODS_3_430,FOODS_3,3,2,1,0,0,1,0,4,1,0,1,0,4,0,0,1,0,1,1,2,0,0,0,0,2,1,2,1,1,1,0,1,0,0,0,0,0,0,1,0,0,0,0,1,1,0,2,0,0,6,0,2,0,1,2,0,1,3,0,0,0,0,0,0,0,0,2,1,0,0,0,0,0,0,0,0,0,0,0,1,0,0,0,0,0,0,1,3,0,0,0,0,0,0,0,3,8,3,1,0
FOODS_1_059,FOODS_1,2,2,2,0,0,0,1,1,0,2,0,0,2,0,0,1,0,0,0,0,2,0,2,0,0,2,0,2,0,2,0,0,0,5,0,2,1,0,0,0,2,0,0,0,2,0,0,1,3,0,0,3,0,0,1,0,1,0,5,1,1,0,5,1,2,2,2,0,0,2,1,0,3,0,0,0,3,1,3,2,0,0,2,0,2,5,1,0,0,0,1,0,0,1,0,0,2,0,0,0
FOODS_3_215,FOODS_3,0,5,2,0,1,8,5,4,0,4,2,2,2,1,2,0,1,6,5,0,2,2,1,3,3,5,1,2,2,3,3,1,2,3,3,3,0,1,2,4,1,1,0,2,1,2,2,2,4,0,2,4,1,3,3,4,3,0,0,5,2,3,0,2,7,0,3,0,0,6,1,1,2,3,5,4,4,4,3,2,3,2,1,7,1,1,5,2,2,0,1,1,2,3,2,1,2,2,4,2
FOODS_2_200,FOODS_2,2,0,0,0,0,0,0,1,0,0,2,0,0,1,0,1,0,0,1,0,0,0,2,0,0,0,0,0,0,0,0,0,0,0,0,0,0,0,0,1,2,2,0,0,1,0,1,2,0,0,0,1,0,0,0,0,0,1,0,0,0,0,0,0,0,0,0,1,0,0,1,0,0,0,0,0,0,1,0,0,0,0,0,0,0,2,5,1,0,0,0,0,0,0,1,0,1,0,0,0
FOODS_2_161,FOODS_2,1,1,0,0,0,1,1,2,0,0,0,0,1,0,0,0,0,0,0,0,0,2,0,0,1,0,0,0,0,0,0,1,0,1,0,0,0,0,0,0,0,0,1,0,0,0,0,0,0,1,0,0,0,0,0,0,1,0,0,0,0,0,0,0,0,1,0,0,0,0,0,1,1,1,0,0,0,1,0,0,0,2,0,0,0,2,0,0,0,1,1,1,0,1,2,0,0,0,0,0
FOODS_2_328,FOODS_2,0,0,0,0,0,0,0,0,0,0,0,0,0,0,0,0,0,0,0,0,0,0,0,0,0,1,1,0,4,2,0,2,0,0,0,1,1,0,1,1,1,1,0,0,1,1,0,1,0,0,2,4,0,3,1,2,1,0,0,3,0,2,0,1,1,0,0,2,4,0,3,0,1,2,0,0,1,3,2,0,0,1,1,1,2,1,1,2,1,1,1,0,3,0,3,2,2,3,0,2
FOODS_3_397,FOODS_3,0,1,0,0,0,0,0,0,0,0,0,0,0,0,0,0,0,0,1,0,0,0,1,0,0,0,0,1,0,1,0,0,0,0,0,0,0,0,0,0,0,1,1,0,0,0,0,1,0,0,0,0,0,0,0,2,0,0,1,0,0,0,1,1,0,0,0,0,1,0,0,0,0,0,2,0,0,0,1,1,0,1,0,0,1,0,1,0,0,0,1,0,0,1,0,1,0,0,0,0
FOODS_1_107,FOODS_1,2,0,4,0,0,0,1,0,2,1,1,0,1,0,0,0,0,0,1,0,1,0,0,1,0,1,1,0,1,0,0,0,0,0,0,0,1,0,0,0,2,1,0,3,2,2,0,1,5,0,0,0,0,0,2,0,4,0,9,0,0,1,2,0,2,0,0,0,0,0,0,0,0,0,0,0,4,3,0,0,0,0,1,0,3,4,3,0,0,0,4,0,0,0,0,0,0,0,0,4
FOODS_2_076,FOODS_2,0,0,0,0,0,0,0,0,1,2,0,0,0,1,0,0,0,1,0,0,0,0,0,1,1,0,0,0,0,0,0,0,2,0,0,0,1,0,1,0,2,0,1,0,1,0,0,1,0,3,1,2,1,0,0,0,0,4,0,1,0,1,0,0,0,0,0,1,0,1,0,2,0,1,0,1,0,1,0,1,0,0,0,0,1,0,0,0,0,0,2,1,1,1,0,0,1,0,1,0
FOODS_2_253,FOODS_2,2,3,0,2,2,0,4,2,0,1,5,0,0,0,4,3,1,2,1,3,1,0,5,2,4,0,1,1,3,1,0,0,0,5,0,1,0,2,1,3,2,3,1,3,1,1,0,2,1,2,0,2,0,1,2,1,1,5,1,1,0,1,1,0,4,0,4,8,0,0,0,2,4,0,0,1,1,2,1,2,1,1,1,1,0,2,2,1,3,1,1,2,1,1,1,4,2,2,3,1
FOODS_2_324,FOODS_2,2,0,2,1,0,0,0,0,0,0,0,0,0,0,0,0,0,0,0,0,0,0,0,0,0,0,0,0,0,0,0,0,0,0,0,0,0,0,0,0,0,0,0,0,0,0,0,0,0,0,0,0,0,0,0,0,0,0,0,0,0,0,0,0,0,0,0,0,0,0,1,0,0,0,0,0,1,3,2,0,4,0,0,2,0,1,3,0,0,0,0,1,0,0,0,1,0,1,0,2
FOODS_3_343,FOODS_3,0,0,0,0,0,0,0,0,0,0,1,0,0,0,0,1,0,1,0,0,0,0,1,0,0,0,0,0,0,1,0,0,0,0,0,0,0,0,0,0,0,1,1,0,0,0,0,0,0,0,0,1,0,0,0,0,0,1,0,0,0,0,0,0,1,0,1,0,0,0,0,0,0,0,0,0,0,0,0,0,0,1,0,0,0,0,0,3,0,0,0,1,0,0,1,0,0,0,0,1
FOODS_2_087,FOODS_2,1,0,0,0,0,0,0,0,0,0,1,0,0,0,1,0,0,0,0,1,2,0,0,2,1,2,0,1,0,0,0,1,0,0,0,0,1,1,0,0,0,3,5,2,0,1,0,0,0,0,0,2,0,1,0,0,0,1,0,0,1,0,0,2,1,0,0,0,0,0,0,0,2,0,0,0,1,0,0,0,0,1,1,0,0,1,0,0,0,0,0,0,0,0,0,1,0,0,1,0
FOODS_3_004,FOODS_3,0,0,0,0,0,1,6,1,0,0,0,0,0,2,0,0,0,3,4,0,1,12,0,0,0,0,1,0,0,0,0,0,0,1,0,2,0,0,0,0,0,0,0,0,0,0,1,0,1,0,1,0,2,0,0,0,0,1,0,1,3,0,2,0,2,0,0,0,0,0,0,1,0,3,0,0,0,0,0,1,1,0,0,1,3,0,0,0,0,0,0,0,0,1,0,1,1,1,0,0
FOODS_1_057,FOODS_1,0,0,0,0,0,0,0,0,0,0,0,0,0,0,0,0,0,0,0,0,0,0,0,0,0,0,0,0,0,0,0,0,0,0,0,0,0,0,0,0,0,0,0,0,0,0,0,0,0,0,0,0,0,1,0,0,0,0,0,0,0,0,0,0,0,0,0,0,0,0,0,0,0,0,0,3,0,3,4,1,0,0,2,0,2,0,0,0,0,2,0,1,2,0,0,0,0,0,0,0
FOODS_1_010,FOODS_1,0,0,1,0,0,0,2,0,1,0,1,0,0,0,0,1,0,0,0,2,0,0,0,0,0,1,0,1,0,0,0,2,0,0,0,0,2,2,1,1,0,0,0,1,1,0,3,1,1,1,0,1,0,1,0,3,1,0,1,0,1,1,0,0,0,1,0,2,0,0,0,2,0,1,1,0,0,1,1,2,2,1,0,3,0,1,0,0,1,3,0,0,1,0,1,0,0,2,2,0
FOODS_2_077,FOODS_2,0,1,0,1,2,0,0,0,0,0,0,0,0,0,0,0,0,0,0,0,0,0,0,0,0,0,0,0,0,0,2,2,0,1,0,1,0,0,0,0,0,1,2,0,0,2,0,1,0,0,0,1,2,2,1,0,0,0,0,0,0,0,0,0,0,0,0,0,0,0,0,1,0,1,1,0,0,1,1,1,0,0,0,0,0,0,0,0,0,0,0,0,0,0,0,0,0,0,2,1
FOODS_1_122,FOODS_1,3,0,0,2,0,0,2,0,0,0,0,1,0,0,0,1,1,0,0,0,0,2,2,2,1,0,2,0,1,0,2,3,0,5,2,4,0,2,0,0,1,4,2,2,2,1,0,2,1,1,0,0,4,3,1,1,3,2,5,0,1,0,3,1,0,0,1,1,3,0,3,0,0,0,2,1,1,2,0,1,1,2,0,1,1,1,1,0,0,1,1,0,0,1,0,0,0,2,0,3
FOODS_2_312,FOODS_2,2,2,0,0,0,0,0,1,1,0,0,2,0,1,1,1,0,0,0,0,1,2,0,1,1,1,0,0,0,1,0,0,0,0,0,1,2,1,0,0,0,1,2,1,1,1,0,0,0,0,2,0,1,0,1,0,3,0,0,0,1,0,1,0,2,0,0,0,1,0,1,0,1,0,0,0,0,0,2,1,0,0,1,2,0,1,0,0,0,0,1,0,2,0,1,0,0,0,0,0
FOODS_1_126,FOODS_1,0,0,0,0,0,0,0,0,0,0,0,0,0,0,0,0,0,0,0,0,0,0,0,0,0,0,0,0,0,0,0,0,0,0,0,0,0,0,0,0,0,0,0,0,0,0,0,0,0,0,0,0,0,0,0,0,0,0,0,0,0,0,0,0,0,0,0,0,0,0,0,0,0,0,0,3,0,1,0,1,0,0,0,1,2,0,1,1,1,0,1,0,0,0,0,6,0,3,1,1
FOODS_1_179,FOODS_1,0,0,1,0,0,0,0,0,1,0,0,0,1,0,0,0,2,0,2,0,0,0,1,0,0,1,3,1,1,0,2,4,1,0,0,1,0,1,0,0,1,0,0,0,0,1,1,0,0,0,1,1,2,0,1,0,1,0,2,0,0,0,1,0,0,0,3,0,0,0,0,8,0,0,1,1,0,0,1,0,2,0,1,2,1,0,3,0,0,0,2,0,0,0,0,0,2,0,0,2
FOODS_2_273,FOODS_2,0,1,0,0,0,0,1,0,2,0,0,0,0,0,0,0,1,0,1,0,2,0,2,0,0,1,0,1,0,1,1,0,0,0,0,0,0,0,0,5,0,0,0,0,2,0,0,0,0,0,2,2,2,0,0,1,0,4,1,1,1,1,1,0,3,0,0,0,0,0,0,3,0,0,0,1,0,0,5,0,0,1,0,2,0,0,3,4,0,0,0,0,0,1,3,0,0,0,0,0
FOODS_2_039,FOODS_2,2,1,0,0,0,2,1,0,1,1,0,0,0,0,1,1,0,1,0,2,0,0,0,0,1,1,0,0,0,1,0,0,0,0,0,1,1,0,0,0,0,0,0,0,0,1,0,0,0,0,1,1,0,2,3,1,0,1,1,1,0,0,0,1,2,0,0,0,0,0,1,0,0,0,0,0,1,0,0,0,1,2,0,0,0,1,0,0,0,0,0,1,1,0,0,0,0,0,1,0
FOODS_2_243,FOODS_2,0,0,2,0,0,0,2,0,0,0,0,0,0,0,0,0,0,3,0,0,0,0,0,0,1,1,1,1,0,1,0,0,0,0,0,0,0,2,0,0,1,0,0,1,0,0,0,0,1,1,1,2,0,0,0,2,0,1,0,0,1,2,0,0,0,0,0,0,0,0,0,1,2,2,0,0,0,0,2,0,0,1,0,0,0,0,3,0,1,0,0,0,0,0,0,0,0,0,0,0
FOODS_2_111,FOODS_2,0,0,0,0,0,0,0,0,1,1,0,0,0,0,2,0,0,0,0,0,1,1,0,0,0,0,0,1,1,0,0,1,0,0,0,0,0,2,0,0,0,0,3,0,0,2,0,0,1,0,1,3,0,0,0,0,1,1,0,0,0,0,0,1,0,1,2,0,0,0,0,0,0,0,0,0,0,0,0,1,1,0,1,0,1,0,0,0,0,0,0,0,0,0,0,1,0,1,0,0
FOODS_2_268,FOODS_2,3,0,0,0,0,0,0,1,0,1,0,0,1,0,1,0,0,0,0,1,0,0,1,1,0,0,0,1,0,0,1,0,1,0,0,0,0,0,0,0,0,0,1,0,0,0,0,0,0,0,1,0,1,0,1,0,0,0,0,3,1,0,0,0,2,0,0,0,0,0,0,0,3,0,0,0,0,0,1,1,0,0,0,0,0,0,0,0,0,0,0,2,1,0,1,0,1,0,1,2
FOODS_1_193,FOODS_1,1,0,0,0,0,0,0,0,0,1,1,0,0,1,0,0,0,1,0,5,2,4,0,0,0,2,0,2,0,0,0,1,0,1,0,0,1,0,0,1,1,2,0,0,0,2,0,1,0,0,0,1,0,1,0,0,0,0,4,0,1,0,1,0,2,3,0,0,1,2,0,0,0,1,0,1,0,0,0,0,0,0,0,0,1,0,2,4,0,0,0,0,1,1,0,0,0,0,2,0
FOODS_1_171,FOODS_1,0,1,1,1,0,0,0,2,0,0,0,0,0,0,2,0,0,2,0,0,1,0,0,1,0,0,1,2,0,2,1,0,1,2,0,3,0,0,0,1,0,0,0,0,0,0,0,0,0,0,0,1,0,0,0,0,2,0,2,0,0,0,0,0,0,0,0,0,0,1,0,0,1,0,0,0,0,0,2,0,1,2,2,0,1,0,0,0,0,0,0,2,1,0,0,0,0,0,0,0
FOODS_2_354,FOODS_2,0,0,0,0,0,0,1,0,0,0,0,0,0,1,0,0,0,0,0,0,0,0,0,0,0,0,0,1,6,2,3,0,0,2,1,0,0,2,1,1,1,3,0,0,2,1,1,0,1,0,0,0,1,1,3,0,2,1,0,3,0,2,0,0,2,1,0,0,0,0,3,1,0,0,0,0,0,0,0,0,0,0,0,0,0,0,0,0,0,0,1,0,1,0,1,1,0,0,0,1
FOODS_2_123,FOODS_2,3,2,1,0,0,1,3,0,3,2,0,0,2,1,1,1,0,4,0,1,0,1,4,1,0,0,0,1,2,0,1,0,0,2,1,0,1,1,0,2,2,0,1,1,1,1,0,0,1,3,0,2,0,2,1,2,0,0,1,0,2,2,0,0,1,0,5,1,0,0,1,0,2,0,0,1,4,2,1,2,0,0,1,2,1,0,2,2,1,1,0,2,0,1,2,2,3,1,0,1
FOODS_2_214,FOODS_2,0,0,3,2,0,0,0,0,0,2,0,0,0,1,0,0,0,0,0,2,0,0,0,0,0,0,3,0,3,0,0,0,0,0,0,0,1,0,0,0,0,0,0,0,3,0,0,0,0,0,0,0,0,1,1,1,0,0,0,0,0,0,0,0,0,3,0,0,0,0,0,0,0,0,1,1,1,4,0,0,3,0,2,1,0,4,4,2,1,2,0,0,0,3,2,1,0,0,0,4
FOODS_1_211,FOODS_1,1,0,1,0,0,0,1,1,0,0,0,0,0,1,0,0,0,1,1,0,0,1,0,0,1,0,0,1,1,0,0,0,0,0,0,1,0,0,0,0,0,1,0,0,0,0,1,0,0,0,2,0,0,0,1,0,0,0,1,1,0,0,0,0,0,0,0,0,1,0,1,0,3,1,0,0,1,3,0,0,1,0,0,0,0,0,0,0,0,0,0,0,0,0,0,0,1,0,0,1
FOODS_3_016,FOODS_3,0,2,5,0,3,0,3,1,1,0,1,3,1,2,1,3,2,1,0,2,0,5,2,6,0,3,0,0,1,2,3,4,1,0,1,1,4,3,0,1,0,3,0,2,0,1,2,1,2,0,5,4,0,1,2,0,2,3,3,0,1,2,4,1,0,2,1,1,2,3,2,1,4,1,1,2,0,1,6,0,0,1,1,2,0,1,0,3,1,0,0,0,1,0,0,1,1,1,0,1
FOODS_2_310,FOODS_2,0,0,0,1,0,0,0,1,0,0,0,0,0,0,1,0,0,0,0,0,0,0,0,0,0,3,1,2,2,3,0,0,0,0,3,0,1,0,0,1,0,0,1,0,0,0,0,0,0,0,0,0,1,0,3,0,0,4,0,0,0,0,0,0,0,1,0,0,0,0,0,0,0,1,0,0,0,0,0,1,0,0,0,0,4,0,3,0,1,0,0,0,0,1,0,0,0,0,0,1
FOODS_2_007,FOODS_2,0,2,0,2,0,0,1,1,0,0,0,1,0,2,0,2,0,1,1,0,0,0,1,0,0,1,0,0,2,0,1,0,0,2,0,3,1,0,0,3,0,0,0,0,0,0,1,0,4,1,1,0,0,0,1,2,3,0,0,2,0,0,0,1,1,0,0,4,0,1,4,1,0,0,1,0,0,1,0,0,0,1,0,0,3,0,0,0,1,0,3,0,0,0,0,1,0,0,2,0
FOODS_2_028,FOODS_2,0,1,0,2,2,0,0,0,1,1,1,0,0,0,0,1,0,2,1,0,0,2,1,1,1,0,2,0,0,0,2,1,1,0,0,0,2,1,0,1,4,0,0,0,1,0,1,0,0,1,1,0,2,0,0,0,0,1,5,1,2,2,0,0,1,0,2,0,1,0,0,0,2,0,0,0,0,0,0,0,0,0,0,0,0,0,3,0,0,0,1,2,0,2,0,0,1,1,0,0
FOODS_2_259,FOODS_2,0,0,0,0,0,1,0,0,0,1,0,1,1,0,0,0,0,2,1,0,0,0,0,0,1,0,0,2,0,1,0,0,0,0,0,0,0,0,0,0,0,0,0,1,0,0,1,0,1,0,1,0,0,0,1,0,0,0,1,1,0,0,1,0,2,2,0,0,0,0,1,0,0,0,0,0,0,0,2,0,0,0,0,0,0,0,0,0,0,0,0,1,0,0,0,0,1,1,1,0
FOODS_2_154,FOODS_2,0,0,0,0,1,1,0,0,0,0,0,0,0,0,0,0,0,0,0,1,0,1,0,0,0,0,0,0,0,0,0,0,0,0,0,0,0,0,0,0,0,0,0,0,0,0,0,0,0,0,0,0,0,0,0,0,0,0,0,0,0,0,0,0,1,1,0,0,1,1,1,0,0,0,0,0,0,0,0,0,1,0,0,0,0,0,0,1,0,0,0,0,0,0,0,0,0,0,0,0
FOODS_2_393,FOODS_2,1,2,0,0,0,0,0,0,0,0,1,5,0,1,1,2,1,1,0,0,0,5,2,4,0,0,0,1,2,5,0,5,0,0,0,0,0,0,0,1,0,3,1,0,0,2,0,0,1,4,0,2,3,0,1,0,3,2,1,0,0,2,0,0,4,1,0,0,0,5,0,0,2,2,0,0,1,0,1,2,2,1,0,0,0,0,0,0,5,3,0,0,2,0,0,1,0,5,1,0
FOODS_3_662,FOODS_3,1,0,1,0,0,1,0,0,3,0,1,1,1,1,1,1,0,1,1,2,1,0,0,1,1,1,1,1,0,1,2,1,0,0,1,0,3,2,2,1,2,1,1,1,0,1,3,0,0,1,3,2,0,2,0,0,1,1,0,0,0,1,1,0,0,0,2,2,2,2,3,0,1,0,0,0,0,1,2,0,0,1,0,0,2,1,1,1,0,0,0,2,1,1,0,0,0,0,0,0
FOODS_3_713,FOODS_3,0,0,0,0,0,0,0,0,1,0,1,0,0,0,0,0,1,0,0,0,0,0,0,0,0,0,0,0,1,0,0,0,0,0,0,2,0,0,0,1,0,0,0,0,0,0,1,1,0,0,0,0,1,0,1,1,0,0,0,1,0,0,0,0,2,0,0,1,1,1,0,0,0,0,0,0,0,0,0,0,0,0,0,0,2,0,0,0,0,0,0,0,0,0,0,0,0,1,0,0
FOODS_3_111,FOODS_3,0,0,2,0,0,0,2,0,1,1,1,6,1,0,1,1,1,1,1,0,2,0,0,1,3,1,1,1,1,2,0,2,0,3,0,0,1,0,0,2,1,0,2,1,0,1,0,1,1,4,1,0,0,0,0,2,2,2,0,1,0,1,1,1,0,0,0,2,0,1,1,0,2,0,2,0,1,0,2,2,1,1,1,1,1,2,3,0,0,0,1,2,1,4,0,0,1,0,2,1
FOODS_3_017,FOODS_3,0,2,0,0,0,0,0,0,0,0,0,0,0,0,0,0,1,0,0,2,0,0,0,1,1,0,0,1,0,0,1,0,0,0,0,0,0,0,0,0,0,0,0,0,0,0,0,0,0,1,0,0,0,1,0,1,0,1,2,0,0,0,0,0,0,0,0,0,0,0,0,1,0,0,0,0,1,0,0,0,0,0,0,0,0,0,1,1,1,0,1,0,0,1,0,0,0,0,1,0
FOODS_1_151,FOODS_1,0,0,0,2,0,0,0,3,1,0,2,1,0,0,0,2,2,0,4,0,1,1,0,0,3,1,1,0,0,1,1,0,1,1,1,0,0,0,1,1,0,1,0,0,1,0,0,0,0,0,2,1,1,0,0,0,0,1,0,0,0,0,1,0,0,1,0,0,1,0,0,0,0,0,0,0,1,0,1,0,1,0,0,0,3,0,0,1,1,1,0,0,0,0,0,0,2,1,0,2
FOODS_2_191,FOODS_2,1,0,0,0,0,0,0,0,1,1,1,0,0,0,0,1,1,0,0,0,1,0,0,0,1,0,1,1,0,0,0,0,0,1,0,0,0,0,1,0,0,0,0,1,0,1,0,0,0,0,0,0,0,0,0,0,0,0,1,1,0,0,0,1,0,0,0,0,0,0,0,0,0,0,0,0,0,0,1,1,0,0,0,2,0,1,1,0,0,0,0,0,0,1,0,0,0,0,0,1
FOODS_3_806,FOODS_3,0,0,0,0,0,0,0,0,0,0,0,0,0,0,0,0,0,0,0,0,0,0,0,0,0,0,0,0,0,0,0,0,0,0,0,0,0,0,0,0,0,0,0,0,0,0,0,0,0,0,0,0,0,0,0,0,0,0,0,0,0,0,0,0,0,0,0,0,0,0,0,0,0,0,0,0,0,0,0,0,0,0,0,0,0,0,0,0,0,0,1,1,0,2,1,1,2,2,1,0
FOODS_3_033,FOODS_3,1,1,2,2,2,2,1,0,0,0,1,2,1,0,0,1,2,1,0,0,2,0,2,2,2,1,0,0,1,1,0,2,0,2,0,3,0,2,1,0,1,1,1,1,0,0,0,2,1,5,1,0,0,0,0,0,1,0,0,1,0,0,0,0,1,1,0,1,0,1,3,1,0,0,0,1,0,0,1,0,2,0,0,0,2,1,0,0,0,0,0,0,1,0,2,1,1,0,0,0
FOODS_2_160,FOODS_2,0,0,0,0,1,0,0,0,0,3,0,0,0,0,0,0,1,0,0,0,0,0,1,0,0,0,1,0,0,0,0,0,1,0,0,0,0,1,0,0,0,0,1,0,2,0,0,0,0,0,0,4,0,0,0,0,0,0,2,1,0,0,0,0,1,2,0,0,0,0,0,0,2,0,0,0,0,0,0,2,0,1,1,0,0,0,0,0,0,0,0,0,0,0,0,0,0,1,0,0
FOODS_2_281,FOODS_2,0,2,0,0,0,0,1,0,0,0,0,0,1,0,0,0,1,0,0,0,1,0,0,0,0,0,0,0,0,0,0,0,0,0,0,0,0,0,0,0,0,0,0,0,0,0,0,0,0,0,0,0,0,0,0,0,1,1,0,0,0,0,0,0,0,0,0,0,0,0,0,0,0,0,0,0,0,0,0,1,0,0,0,0,1,0,0,1,0,0,0,0,1,0,0,0,0,0,0,1
FOODS_2_057,FOODS_2,1,1,0,1,2,1,1,0,0,0,5,0,0,1,0,2,0,0,0,2,2,1,3,2,0,0,0,0,1,3,2,0,1,0,1,1,2,1,0,2,0,0,2,3,1,0,3,0,1,1,0,0,1,0,0,0,0,3,2,0,2,0,1,2,0,1,0,1,1,2,1,6,0,0,1,0,0,0,0,1,1,0,0,2,1,1,0,0,1,0,0,3,0,0,2,1,1,0,1,1
FOODS_3_779,FOODS_3,0,0,0,0,0,0,0,0,0,0,0,0,1,0,0,0,0,0,0,0,1,0,0,2,0,0,0,1,1,1,0,0,0,0,0,0,0,5,0,0,0,0,0,0,0,0,0,0,0,0,0,0,0,0,0,0,0,0,0,0,0,0,0,0,0,0,0,0,0,0,0,0,0,0,0,0,0,0,0,0,0,0,0,2,3,0,0,0,0,0,0,1,0,0,0,1,0,0,0,0
FOODS_3_009,FOODS_3,3,2,0,3,0,0,0,2,1,2,1,0,2,0,1,1,0,0,0,0,0,3,3,0,0,1,0,0,2,3,0,0,1,0,0,0,2,2,0,1,1,0,0,0,0,0,0,1,0,1,1,2,0,1,1,1,1,0,1,1,0,1,1,3,0,0,0,0,0,1,0,0,0,0,0,0,2,1,1,2,0,0,1,0,1,0,1,1,2,0,1,0,1,1,0,0,0,0,1,0
FOODS_3_315,FOODS_3,0,0,0,0,0,0,0,0,0,0,0,0,1,1,1,1,1,1,0,0,1,0,2,2,0,0,1,0,2,0,0,0,0,0,0,0,1,0,0,2,1,1,2,1,0,0,1,0,1,0,1,0,0,0,0,1,6,0,0,1,1,0,1,0,0,0,0,0,0,0,1,1,0,1,1,0,0,0,0,0,0,0,0,0,0,0,0,0,0,0,0,0,0,0,0,0,0,0,0,0
FOODS_1_189,FOODS_1,0,4,0,0,0,0,0,0,1,0,1,0,0,0,0,0,6,0,0,0,0,1,1,0,0,0,0,0,0,2,0,0,0,0,0,0,0,0,0,0,0,0,0,0,0,0,0,0,0,2,2,0,0,0,0,0,0,10,0,0,0,0,0,0,0,0,0,1,0,0,0,0,0,0,4,0,0,0,0,0,0,0,0,1,0,1,0,0,0,0,0,1,0,1,0,0,0,0,0,0
FOODS_1_056,FOODS_1,0,0,0,0,0,0,0,0,0,0,0,0,0,0,0,0,0,0,0,0,0,0,0,0,0,0,0,0,0,0,0,0,0,0,0,0,0,0,0,0,0,0,0,0,0,0,1,0,0,0,0,0,0,0,0,0,0,0,0,0,0,0,0,0,0,0,0,0,0,0,0,0,0,0,1,1,1,1,1,1,0,0,0,1,2,0,0,0,1,0,3,1,2,2,0,0,0,1,0,0
FOODS_3_576,FOODS_3,1,1,1,0,0,0,1,0,1,3,0,1,0,0,0,1,0,1,0,0,2,0,1,0,0,2,0,0,2,1,1,0,0,3,1,0,0,2,0,1,1,0,2,1,0,0,1,0,2,1,0,2,1,2,1,0,2,0,0,0,1,0,0,0,0,1,0,0,1,0,2,1,0,1,0,0,0,0,1,0,2,1,0,0,0,0,0,1,0,0,1,1,0,1,1,0,0,0,0,0
FOODS_2_155,FOODS_2,2,0,0,0,1,0,0,0,0,0,1,0,0,0,0,0,0,0,0,0,0,0,0,0,0,0,0,0,0,2,0,0,0,0,0,0,0,0,0,0,0,0,0,0,0,0,0,0,0,0,0,0,0,0,0,0,0,0,0,0,0,0,0,0,0,0,0,0,0,0,0,0,0,0,0,0,0,0,1,2,0,0,0,0,0,0,4,3,0,0,1,0,2,1,0,0,0,0,1,1
FOODS_2_165,FOODS_2,0,0,1,0,0,0,0,0,0,0,0,0,1,0,0,0,0,0,2,0,0,0,1,0,0,0,0,1,0,1,1,0,0,0,0,0,0,0,0,0,0,0,0,0,1,1,0,0,0,4,0,0,0,0,2,0,0,0,0,0,0,0,1,0,0,0,0,2,0,0,0,0,0,0,0,0,0,0,0,0,0,0,0,0,2,0,1,0,0,0,0,0,3,0,1,0,0,0,0,0
FOODS_2_179,FOODS_2,0,2,1,0,1,1,0,0,2,1,0,0,0,0,0,0,3,0,1,0,3,0,0,1,0,0,1,0,2,0,0,0,0,0,1,3,0,1,0,2,0,0,1,0,0,2,1,0,1,0,1,3,0,0,0,0,0,0,0,0,0,0,0,0,1,2,2,0,0,0,0,0,2,1,1,0,0,0,0,0,2,2,3,0,0,0,1,2,0,1,0,0,3,0,0,0,0,0,0,0
FOODS_3_799,FOODS_3,0,0,1,0,0,0,0,0,0,1,0,0,0,0,0,0,1,0,0,0,0,1,0,0,0,0,0,0,0,0,0,1,0,0,0,0,1,0,0,0,0,0,1,0,0,0,1,1,0,0,0,0,0,0,0,0,0,0,0,0,2,0,0,0,1,0,0,0,0,0,0,0,1,0,0,0,0,0,1,0,0,0,0,0,0,1,0,0,3,0,0,0,0,0,0,0,0,0,2,0
FOODS_2_341,FOODS_2,0,0,0,0,3,0,0,0,0,0,0,0,0,0,0,0,0,0,0,0,0,0,0,0,0,3,0,0,0,0,0,1,0,0,0,0,1,0,0,0,0,0,0,0,0,2,0,0,0,2,0,0,0,0,0,0,0,0,0,0,0,0,0,0,0,0,0,0,0,0,0,0,0,0,1,0,0,0,0,0,0,0,0,0,0,1,3,0,0,1,2,0,0,1,0,0,1,2,3,1
FOODS_3_575,FOODS_3,1,0,1,3,2,0,0,0,0,0,1,0,0,0,1,1,5,4,0,0,0,0,2,3,2,1,0,0,3,4,1,2,4,0,0,1,2,2,0,0,1,1,0,1,0,2,1,2,1,2,1,0,0,0,0,0,0,0,0,0,0,0,0,0,0,0,1,0,3,0,0,0,0,0,0,0,0,0,0,0,2,1,0,0,0,0,1,2,1,1,0,0,0,0,1,2,0,0,0,0
FOODS_2_040,FOODS_2,0,0,0,0,0,2,0,0,0,0,0,0,0,1,0,0,0,0,0,0,0,0,0,0,0,0,0,0,0,0,0,0,0,0,0,0,0,0,0,0,0,0,0,0,0,0,0,0,0,0,0,0,0,0,0,0,0,0,0,0,0,0,0,0,0,0,0,0,0,0,0,0,0,0,0,0,1,0,2,1,0,0,0,0,0,2,1,0,0,1,1,0,0,0,0,0,2,1,0,0
FOODS_1_148,FOODS_1,0,0,0,0,0,0,1,0,0,0,0,0,0,1,1,0,0,0,0,0,0,0,0,0,1,0,1,0,2,1,0,2,0,1,0,0,0,0,1,1,0,0,0,0,0,0,0,0,0,0,0,0,0,0,0,1,0,0,0,0,0,0,0,0,0,0,0,1,0,0,0,0,0,0,0,3,0,3,1,2,1,0,2,0,0,0,0,1,0,0,0,0,0,0,0,0,0,1,0,0
FOODS_2_256,FOODS_2,2,1,0,1,1,0,0,1,1,0,0,0,0,1,0,0,3,0,0,1,1,0,3,1,0,0,0,1,2,1,3,0,0,0,0,1,1,1,0,0,2,0,0,4,0,0,0,0,1,4,1,1,1,0,1,0,1,3,2,0,1,0,0,2,0,0,1,1,1,0,1,1,1,1,0,1,0,1,3,1,0,3,1,1,5,0,4,1,1,0,2,0,2,1,1,0,1,1,1,2
FOODS_1_008,FOODS_1,0,3,0,0,0,0,1,0,0,0,0,0,0,0,0,0,0,0,0,0,0,0,0,1,0,0,0,2,0,1,0,0,0,0,0,0,0,0,0,0,0,0,0,0,0,0,0,0,0,0,0,0,0,0,0,0,0,0,0,0,0,0,0,1,0,0,0,0,0,0,0,0,0,0,0,0,0,0,0,1,1,0,0,0,0,0,0,0,1,0,0,0,0,0,0,0,0,0,0,1
FOODS_3_209,FOODS_3,1,0,1,1,0,0,1,2,1,0,2,1,0,0,2,1,2,2,0,1,1,1,4,0,1,0,0,1,0,0,1,0,1,0,0,1,1,0,1,1,0,0,0,3,1,0,2,2,1,1,0,1,1,1,2,0,0,0,1,3,0,0,0,0,0,0,1,0,0,0,1,1,1,1,0,1,0,0,1,0,0,0,0,0,0,0,0,0,0,0,0,0,0,0,0,0,0,0,0,0
FOODS_2_114,FOODS_2,0,0,1,0,0,0,0,1,0,0,0,0,0,0,0,0,0,0,0,0,1,0,0,2,0,0,1,0,0,0,3,0,0,0,2,1,0,1,0,0,0,0,0,1,1,0,0,0,0,0,0,0,0,0,0,0,0,0,0,0,2,0,0,0,0,0,0,2,2,0,0,1,1,4,1,0,0,0,1,1,0,0,0,0,1,0,0,0,1,1,0,2,3,0,0,0,0,1,0,2
FOODS_2_127,FOODS_2,0,0,2,0,0,1,0,2,0,0,0,1,0,0,1,0,0,1,0,0,0,1,0,0,0,0,1,0,0,0,0,0,0,0,0,0,1,0,0,0,0,0,2,2,0,1,0,0,0,0,0,0,0,0,0,2,1,0,1,0,0,1,1,1,0,0,0,0,0,0,0,0,0,0,0,0,0,0,0,0,0,0,0,0,0,0,0,0,0,1,0,0,0,0,0,0,0,0,0,0
FOODS_3_366,FOODS_3,2,3,2,0,1,2,0,0,1,1,0,0,0,1,2,2,0,0,1,0,0,1,0,0,1,1,0,0,2,0,0,2,0,0,0,0,0,1,0,0,0,1,1,2,0,0,5,0,0,0,0,1,0,0,5,2,1,1,0,1,0,0,0,6,1,0,0,2,0,0,3,1,1,0,0,0,0,4,2,0,1,0,1,0,0,1,0,1,0,0,1,1,1,1,2,0,0,2,2,1
FOODS_3_284,FOODS_3,1,2,1,1,0,1,0,2,0,1,0,0,0,0,1,0,2,0,3,0,0,0,1,0,0,2,0,0,4,3,1,0,0,0,0,1,1,0,0,1,1,0,1,0,0,0,0,0,0,1,1,0,0,0,1,1,0,0,1,1,1,0,0,2,0,0,0,1,1,0,1,0,0,0,0,0,2,1,0,1,0,0,0,0,2,0,0,0,1,1,1,2,0,2,0,0,0,0,2,1
FOODS_3_751,FOODS_3,3,4,4,4,2,2,2,0,3,1,1,5,2,2,6,4,3,4,2,2,3,2,7,0,0,4,2,1,3,3,2,2,4,1,2,3,3,2,4,4,0,1,3,1,3,0,0,0,0,3,5,6,1,1,5,0,2,1,0,0,0,0,1,0,4,3,2,2,1,1,1,6,1,1,1,1,2,2,1,2,2,3,5,1,0,2,0,1,3,1,0,2,5,2,1,1,0,0,1,7
FOODS_3_691,FOODS_3,0,0,1,1,1,1,0,0,0,0,0,1,2,0,1,1,0,0,2,1,1,0,1,1,3,1,1,0,0,0,0,0,0,1,0,1,0,0,1,1,0,1,1,0,0,1,0,1,0,1,0,0,1,1,0,0,1,0,1,1,0,0,0,1,1,1,1,0,0,0,1,1,2,0,1,3,0,0,1,1,1,0,0,1,0,1,2,0,0,0,0,0,3,0,1,0,0,0,0,1
FOODS_2_147,FOODS_2,1,0,2,1,2,0,1,2,0,2,0,0,1,0,0,1,1,0,0,4,2,0,0,1,0,1,1,2,3,1,2,0,0,0,0,0,1,0,0,0,0,0,0,2,4,1,0,0,0,1,4,0,2,0,2,0,0,1,1,0,1,2,0,0,0,2,0,1,0,2,0,2,1,1,1,0,2,1,2,2,0,3,1,0,1,1,6,0,1,0,1,2,1,1,0,0,1,0,0,0
FOODS_3_417,FOODS_3,1,0,0,0,0,0,1,1,0,2,0,1,0,0,2,1,0,2,0,0,1,1,1,2,0,1,2,0,0,3,1,1,2,1,1,1,3,1,0,1,0,1,1,0,1,0,0,1,0,1,1,3,1,1,1,0,2,1,1,0,3,1,2,1,2,1,1,0,2,1,1,0,2,0,3,0,0,1,0,0,1,0,2,1,5,2,0,0,0,0,1,1,0,0,0,0,0,1,1,0
FOODS_1_160,FOODS_1,2,2,0,0,1,0,2,2,2,0,0,4,3,2,3,0,0,1,1,1,1,0,1,3,1,1,1,0,1,0,2,1,1,0,0,3,3,1,0,0,0,2,3,2,0,4,0,1,1,3,1,0,0,1,0,1,2,0,0,1,0,0,1,3,8,0,0,0,1,1,1,1,0,2,2,2,1,3,2,0,0,0,0,1,3,2,0,0,0,0,1,2,2,0,3,0,0,3,0,4
FOODS_1_022,FOODS_1,0,0,0,1,0,0,0,1,0,0,1,0,0,0,0,0,0,0,0,0,0,0,1,0,1,0,0,0,0,0,0,0,0,0,1,0,0,0,0,1,0,1,1,1,1,0,1,0,3,2,1,1,0,0,1,0,1,0,0,0,0,0,0,0,1,1,1,1,0,0,2,0,0,0,1,0,0,0,0,1,1,0,1,0,0,2,0,0,1,0,0,0,0,1,0,0,1,5,0,0
FOODS_2_168,FOODS_2,0,3,2,0,1,0,0,0,0,0,1,0,0,0,0,3,2,0,2,2,1,0,1,0,0,0,0,0,1,0,0,2,1,0,0,0,1,0,0,0,0,1,1,0,2,1,0,1,0,0,3,1,2,0,0,1,1,0,0,3,0,1,1,0,0,2,0,1,0,0,1,2,0,1,0,0,4,1,0,1,2,0,0,2,0,0,0,0,0,0,0,0,1,0,0,1,1,0,0,0
FOODS_3_500,FOODS_3,1,0,2,2,1,3,2,1,1,2,0,0,0,0,0,0,4,1,1,0,0,1,3,2,0,2,1,0,2,1,1,0,1,0,1,1,0,5,2,0,0,1,0,1,0,3,0,1,3,2,2,4,1,0,0,0,0,1,0,1,0,0,2,1,0,0,1,3,2,0,1,2,1,0,0,0,0,0,3,1,0,1,1,2,2,3,3,0,4,3,3,6,0,0,1,1,1,0,1,0
FOODS_2_365,FOODS_2,2,1,2,1,3,2,0,0,2,2,2,0,0,0,0,0,0,2,2,3,3,2,0,0,0,0,0,0,0,0,0,0,0,0,5,0,1,0,0,1,0,0,1,0,0,3,2,1,0,2,0,0,3,1,1,0,2,2,2,1,1,0,2,2,3,1,0,0,2,1,0,1,1,3,1,0,0,0,1,1,0,0,1,0,0,1,2,2,0,1,0,3,1,0,0,2,0,2,0,1
FOODS_3_364,FOODS_3,1,2,0,0,0,0,0,0,0,0,0,0,0,0,1,2,0,0,0,0,0,2,3,0,0,2,0,1,0,2,0,1,2,0,0,2,0,1,0,0,0,1,2,1,0,5,1,1,0,0,0,0,0,0,0,0,0,0,0,0,3,0,0,2,2,1,1,0,0,0,0,6,2,1,0,0,0,0,0,1,0,0,0,0,0,0,0,1,2,0,1,4,1,0,0,0,1,1,4,1
FOODS_3_254,FOODS_3,0,0,0,4,2,1,1,2,0,1,0,2,0,0,1,4,0,2,0,0,0,1,1,0,1,2,0,0,3,0,2,3,0,0,0,0,0,0,0,0,0,3,6,1,1,0,0,0,0,3,0,0,0,0,0,0,0,1,2,1,0,0,0,1,3,1,0,0,0,2,2,0,0,1,0,1,2,0,0,0,2,0,0,0,3,0,0,2,1,0,0,0,2,0,0,1,2,2,0,0
FOODS_2_280,FOODS_2,1,1,0,1,2,0,1,0,1,1,0,1,2,3,1,0,0,1,2,1,0,1,1,1,2,0,1,1,2,5,0,0,0,1,1,0,0,0,0,0,2,0,0,1,1,0,1,0,2,0,1,0,1,2,3,0,1,2,1,0,0,1,0,0,1,0,1,0,1,0,2,0,1,1,3,0,2,3,2,0,3,0,2,0,1,1,0,2,0,0,2,0,2,0,0,0,0,1,1,1
FOODS_3_548,FOODS_3,0,0,0,0,0,0,0,0,0,0,0,0,0,0,0,0,0,0,0,0,0,0,1,0,0,1,0,1,0,0,0,0,0,0,1,0,0,0,1,0,0,0,0,0,0,0,1,0,0,0,0,0,2,0,0,0,0,0,1,0,0,0,0,0,1,1,0,0,1,0,0,0,0,0,0,0,0,1,0,0,0,1,0,0,0,0,0,0,0,0,0,0,0,0,0,0,0,0,0,0
FOODS_3_471,FOODS_3,0,0,0,4,1,2,1,0,0,0,0,0,0,0,0,0,0,3,1,0,0,0,0,0,1,0,0,1,0,1,0,0,0,2,0,0,1,3,0,0,1,0,2,0,0,0,0,1,0,1,2,2,1,0,0,0,0,0,0,0,0,1,0,0,0,2,2,0,0,0,1,0,0,0,0,0,0,0,0,2,0,0,0,0,1,0,0,0,0,0,0,0,0,0,1,0,0,1,0,0
FOODS_3_088,FOODS_3,0,1,0,0,0,0,1,2,1,2,0,0,0,1,1,0,0,6,0,0,0,1,2,0,2,2,2,1,0,3,1,1,0,0,0,0,1,0,1,0,2,0,0,1,0,0,0,0,0,0,3,0,2,0,1,0,1,1,1,0,1,0,0,0,0,0,0,2,0,0,0,1,2,0,0,0,1,0,2,0,3,0,0,1,0,0,2,0,1,1,0,0,1,0,1,0,0,0,2,0
FOODS_3_736,FOODS_3,1,3,0,1,0,0,0,1,1,0,1,0,0,1,0,0,0,0,0,0,0,0,1,0,1,0,6,0,0,0,3,0,1,0,1,0,1,0,0,1,0,1,0,0,0,0,0,0,0,0,0,0,0,0,0,0,0,0,0,0,0,0,0,0,0,0,0,0,1,0,1,1,0,0,1,0,0,0,1,0,3,0,0,0,0,1,1,0,0,0,0,2,0,0,0,1,0,0,1,2
FOODS_2_207,FOODS_2,0,0,0,0,0,0,0,0,1,0,1,0,0,0,1,0,0,1,1,0,0,1,0,0,0,0,0,0,0,1,0,1,0,0,0,0,0,0,0,0,0,0,0,0,0,0,0,0,1,0,0,0,0,0,1,0,1,0,0,0,0,0,0,0,0,0,0,0,0,0,1,0,0,0,0,2,0,0,0,1,1,0,0,0,0,0,0,0,0,0,0,1,0,1,0,1,0,0,0,0
FOODS_3_510,FOODS_3,0,0,0,0,0,0,0,2,0,1,1,0,0,0,2,2,1,0,1,2,2,1,1,3,0,4,3,0,0,0,1,2,1,1,2,0,1,1,0,4,2,1,2,0,0,1,0,0,0,2,0,3,1,2,1,0,0,0,1,1,3,2,1,0,1,1,1,1,1,1,5,0,0,2,1,2,0,1,1,2,1,1,2,2,1,1,3,1,1,0,1,0,1,0,2,1,0,1,1,1
FOODS_2_195,FOODS_2,0,1,0,5,0,0,0,0,0,0,0,0,0,0,0,0,0,1,0,0,0,0,0,0,0,0,1,3,0,0,0,0,0,0,1,0,0,0,2,0,0,1,2,1,0,0,0,1,0,0,0,2,1,0,0,2,0,0,0,1,2,0,0,0,0,0,0,1,0,0,0,0,0,0,0,0,0,0,0,0,0,0,0,0,0,0,0,0,0,0,0,0,0,0,0,0,0,1,0,1
FOODS_2_395,FOODS_2,0,0,0,0,0,0,0,1,0,0,0,0,0,0,0,0,0,0,0,0,1,0,0,1,0,0,0,0,0,1,0,0,0,0,0,0,0,0,0,0,0,1,0,1,0,0,0,0,0,0,0,0,0,0,0,0,0,0,0,0,0,0,0,0,0,0,0,1,0,0,0,0,0,0,1,0,1,0,1,0,0,0,0,0,2,0,0,1,0,0,0,0,0,1,0,0,0,0,1,0
FOODS_3_180,FOODS_3,0,0,0,2,0,0,1,1,0,0,0,0,1,1,0,3,0,0,1,1,0,1,0,2,2,1,0,0,0,2,3,0,1,1,1,1,1,1,0,0,1,1,0,0,0,1,0,1,1,0,0,0,2,1,1,1,0,3,0,1,1,0,0,1,0,0,1,0,1,1,0,2,0,1,0,0,2,1,1,2,0,0,0,0,0,1,1,2,0,1,0,0,1,0,1,0,1,0,0,1
FOODS_2_271,FOODS_2,0,0,0,0,0,1,0,1,1,1,0,0,0,0,0,1,0,1,0,0,0,0,1,1,0,0,0,1,0,0,0,0,1,0,0,0,0,0,1,0,0,0,1,1,0,0,1,0,0,1,1,1,1,0,0,0,1,1,0,1,0,1,0,0,0,1,1,0,1,0,1,0,0,1,0,0,0,1,0,0,0,1,0,0,1,0,1,0,0,0,1,0,0,0,0,3,0,0,0,0
FOODS_2_300,FOODS_2,2,0,2,1,0,0,1,0,0,0,0,0,0,0,0,0,0,0,0,0,0,0,0,0,0,0,0,0,0,2,1,0,0,0,0,1,1,0,1,1,0,0,2,0,0,0,0,1,0,0,1,0,0,0,0,2,0,1,1,0,0,0,0,1,1,0,0,0,0,1,1,1,1,0,0,1,0,0,1,0,1,0,0,1,0,0,1,0,0,2,0,0,0,0,0,0,0,0,1,0
FOODS_2_017,FOODS_2,0,0,2,0,0,1,0,4,0,1,1,2,0,0,0,0,0,0,1,1,0,0,2,0,0,2,1,1,1,0,0,1,0,0,1,2,2,0,0,0,2,0,0,0,0,4,1,0,0,0,1,2,0,0,3,4,0,0,0,3,0,0,0,0,1,0,1,0,0,0,1,1,0,1,0,0,0,0,0,0,0,0,1,3,0,0,0,0,0,2,1,3,2,0,0,0,1,0,0,0
FOODS_2_048,FOODS_2,0,0,2,0,0,0,0,0,1,0,0,0,0,2,1,1,1,1,1,2,0,0,3,0,0,0,2,2,0,1,0,0,0,0,0,0,1,1,1,0,0,1,0,0,0,0,0,1,1,0,0,0,1,1,1,1,0,3,2,1,1,0,1,0,0,0,0,1,1,0,0,1,1,0,1,0,0,0,1,2,1,1,0,2,1,1,1,0,0,1,0,2,0,0,0,0,0,0,0,0
FOODS_2_369,FOODS_2,0,1,0,1,0,0,1,0,1,0,3,1,1,1,1,0,2,0,0,0,0,2,0,0,1,1,2,3,1,1,0,1,1,2,0,1,0,0,2,1,3,2,1,2,0,3,0,0,0,3,3,0,0,0,1,2,1,5,1,0,0,1,1,2,0,2,1,2,0,0,1,4,0,0,0,1,2,2,0,3,0,0,1,2,0,2,1,0,3,1,1,0,0,2,1,2,2,1,1,0
FOODS_3_517,FOODS_3,1,1,0,0,1,0,1,0,0,1,0,0,1,1,1,0,0,0,2,0,0,1,2,2,0,1,1,2,2,2,0,1,0,1,0,1,2,2,0,0,0,0,0,0,1,0,2,0,3,0,1,0,2,2,0,1,1,0,1,1,0,0,0,1,2,0,0,2,1,0,0,1,2,0,0,0,0,2,1,0,1,0,0,0,0,1,4,1,2,1,2,3,1,2,0,0,0,1,1,2
FOODS_3_409,FOODS_3,0,0,1,0,0,2,1,1,1,2,0,2,0,1,0,0,1,0,0,0,0,0,1,2,1,0,4,0,0,3,1,1,1,0,0,0,2,1,0,0,0,0,0,1,2,0,0,0,0,0,0,3,1,1,0,0,0,0,0,1,1,0,0,0,1,0,0,1,1,2,0,0,2,1,1,0,0,2,4,0,2,0,0,0,1,0,0,0,1,0,0,0,0,0,0,1,0,2,1,0
FOODS_3_164,FOODS_3,0,0,0,0,0,0,0,0,0,0,0,0,0,2,0,1,0,0,4,1,0,1,1,1,0,1,2,0,1,0,1,4,0,1,1,0,1,0,0,1,1,1,0,1,1,0,0,1,1,1,0,0,1,1,1,0,0,0,1,0,0,0,0,0,0,0,3,0,2,0,0,0,0,1,1,1,0,0,0,0,1,1,0,0,0,0,2,1,0,1,0,1,0,0,0,1,0,2,0,0
FOODS_3_633,FOODS_3,0,0,0,0,0,0,0,0,0,1,2,2,1,1,1,0,0,0,2,0,1,1,1,2,0,0,0,0,0,1,0,0,0,0,1,0,0,0,0,0,2,0,0,0,0,1,2,1,0,0,0,0,0,0,0,0,0,2,1,2,2,0,2,0,4,0,0,2,2,0,3,1,2,0,0,0,0,1,1,1,2,0,2,0,0,0,0,0,0,1,0,1,0,2,0,1,1,0,0,1
FOODS_3_613,FOODS_3,1,0,0,1,1,1,0,1,0,0,0,1,0,0,0,1,0,0,2,0,0,1,0,1,1,0,0,0,1,1,0,0,0,0,1,1,0,0,1,1,0,1,0,0,1,1,0,1,0,4,0,1,0,1,2,0,3,2,1,1,0,1,4,0,1,0,1,0,0,1,0,1,1,2,0,0,2,0,0,0,0,1,1,0,1,0,1,0,3,0,0,0,0,0,0,0,1,0,0,0
FOODS_1_111,FOODS_1,0,2,0,0,1,1,0,2,3,0,0,1,3,1,1,0,0,0,0,0,0,2,1,1,2,1,0,0,0,0,0,0,0,0,0,4,1,1,2,0,0,0,0,3,0,0,2,0,0,0,1,1,1,0,1,0,1,1,0,0,1,0,1,1,0,0,1,1,0,0,0,0,0,0,1,1,2,1,0,1,1,0,0,0,0,2,1,1,2,0,0,3,1,0,0,0,0,0,0,0
FOODS_3_353,FOODS_3,3,2,1,0,1,0,0,0,0,0,1,0,1,0,0,3,3,0,0,0,0,1,1,0,0,0,3,0,4,0,1,0,0,0,1,4,2,0,1,0,0,1,0,0,0,2,0,0,3,0,0,0,0,1,0,1,2,0,0,0,0,0,1,0,2,0,0,0,0,2,0,0,0,0,0,1,0,2,2,1,1,1,0,2,3,0,0,0,0,0,0,0,0,0,0,1,0,2,0,0
FOODS_2_313,FOODS_2,0,0,0,0,0,0,0,0,0,0,1,0,0,0,0,0,1,0,0,0,0,0,1,0,0,0,0,0,0,1,0,1,0,0,0,2,0,1,0,0,1,0,0,1,1,0,0,0,0,0,0,0,0,0,0,0,1,2,1,0,0,0,0,0,0,0,0,0,0,1,0,1,0,0,0,0,0,1,0,0,0,0,1,0,0,0,1,0,0,0,1,0,1,0,0,0,0,0,1,0
FOODS_3_359,FOODS_3,1,1,0,0,0,1,0,3,1,0,0,0,0,0,0,0,0,0,0,0,0,0,0,0,0,2,1,0,0,1,0,1,1,0,0,1,0,1,0,1,0,1,2,0,0,0,0,0,0,0,0,1,0,0,0,0,0,0,0,2,0,0,0,0,1,1,0,0,0,2,1,2,1,0,0,0,0,2,1,0,2,0,0,0,0,0,1,0,0,0,1,3,0,1,0,1,2,1,2,3
FOODS_3_210,FOODS_3,0,0,0,0,0,0,0,0,0,0,0,0,0,0,0,0,0,0,0,0,0,0,0,0,0,0,0,0,0,0,0,0,0,0,0,0,0,0,0,0,0,0,0,0,0,0,0,0,0,0,0,0,0,0,0,0,0,0,0,0,0,0,0,0,0,0,0,0,0,0,0,0,0,0,0,0,0,0,0,0,0,0,0,0,0,0,0,3,0,0,0,0,0,0,0,0,0,0,0,0
FOODS_1_089,FOODS_1,2,0,0,2,0,0,0,0,0,4,1,0,2,0,0,1,0,0,0,1,0,0,0,1,1,0,1,1,0,1,0,0,0,1,0,2,0,0,0,0,1,1,2,0,3,0,0,4,1,0,1,6,0,1,0,1,0,1,0,12,0,0,3,3,0,1,0,1,1,0,1,0,0,1,2,0,1,0,1,2,1,3,0,0,2,1,2,0,2,0,3,1,2,0,0,0,0,0,4,2
FOODS_2_097,FOODS_2,0,0,0,1,0,0,0,0,0,0,0,0,2,0,1,0,0,0,1,2,0,0,1,1,0,0,0,0,2,1,1,0,0,0,2,0,1,1,0,0,1,5,0,0,1,2,0,0,1,0,0,0,1,4,0,0,2,1,1,0,1,0,0,0,0,0,0,0,0,2,0,1,1,1,1,0,0,1,0,1,1,0,0,1,0,0,0,1,0,0,0,0,1,1,0,0,1,2,3,1
FOODS_2_187,FOODS_2,0,0,0,0,0,0,0,0,0,0,0,0,0,0,2,1,0,1,0,3,0,2,2,1,0,0,0,0,0,0,0,1,0,1,1,0,1,0,0,2,0,0,0,1,0,1,0,0,0,1,2,1,1,0,0,1,1,2,0,0,0,0,0,1,1,0,0,2,0,0,0,0,0,0,0,1,2,2,4,1,1,1,1,1,1,1,2,3,4,1,4,1,2,2,0,1,2,0,0,1
FOODS_3_256,FOODS_3,0,0,0,0,0,0,0,0,0,0,0,0,0,0,0,0,0,0,0,0,0,0,0,0,0,0,0,1,0,0,0,0,0,0,1,0,0,0,0,0,0,0,0,0,0,0,0,0,0,0,0,0,0,0,0,0,0,0,0,0,0,0,0,0,0,0,0,0,0,0,0,0,0,0,0,0,0,0,0,0,0,0,0,0,0,0,0,0,0,0,0,0,0,0,0,0,0,1,0,0
FOODS_2_372,FOODS_2,2,2,0,0,1,0,0,0,1,1,0,1,0,0,0,2,0,0,1,0,0,1,2,2,0,0,0,0,0,1,1,1,3,0,0,0,1,1,1,1,0,0,2,2,0,1,0,0,0,1,2,2,0,1,0,0,0,1,5,0,1,0,0,1,0,0,1,0,0,0,0,2,0,0,0,3,1,1,0,0,2,1,0,1,2,1,0,0,0,2,0,3,1,1,0,0,2,2,2,0
FOODS_3_338,FOODS_3,0,0,1,0,0,0,2,0,2,0,0,2,0,2,5,0,0,0,0,0,0,0,0,0,6,0,0,1,1,1,0,1,0,1,1,0,1,0,2,0,0,0,0,1,1,1,0,2,1,1,0,0,2,0,0,0,0,2,0,0,0,0,0,0,0,0,0,0,0,0,1,1,0,0,0,0,0,0,2,0,0,0,0,0,0,0,0,0,0,0,0,0,0,0,0,0,0,0,0,0
FOODS_2_090,FOODS_2,1,0,0,0,0,0,0,0,0,0,0,0,0,0,0,0,0,0,0,0,0,0,0,0,0,0,0,0,0,0,0,0,0,0,0,0,0,0,0,0,0,0,0,0,0,0,0,0,0,2,1,0,1,0,2,4,2,0,0,0,1,0,0,0,0,0,1,2,1,0,0,1,0,1,1,1,0,0,1,2,0,0,1,1,2,1,1,2,1,2,2,1,1,0,0,0,1,0,0,1
FOODS_3_626,FOODS_3,3,1,1,1,0,0,2,2,1,1,1,0,1,0,3,0,1,0,0,1,1,0,0,1,0,1,1,0,1,0,1,1,0,0,1,0,0,0,1,0,0,1,3,0,1,0,0,1,1,0,2,0,0,1,0,0,0,1,1,0,1,0,1,2,1,0,0,0,1,1,1,1,0,0,0,0,1,0,0,0,1,0,1,0,1,0,1,1,0,0,0,0,2,0,0,0,0,0,3,0
FOODS_3_696,FOODS_3,2,0,1,0,1,0,0,2,0,1,0,1,0,0,0,3,0,2,0,0,0,0,2,1,0,0,1,1,2,2,0,1,1,0,1,2,1,1,0,1,0,1,0,1,0,0,0,1,0,0,2,1,0,1,2,1,1,0,1,0,2,1,1,0,1,1,4,1,0,2,0,2,0,0,0,0,0,1,1,0,1,1,0,0,1,1,1,0,0,0,1,1,3,0,0,0,0,0,1,0
FOODS_2_287,FOODS_2,0,0,1,0,0,0,0,0,0,0,0,0,0,0,0,0,0,0,0,2,0,0,0,0,0,0,0,0,3,0,0,0,0,0,0,0,0,0,0,0,0,0,0,0,3,0,0,0,0,0,0,0,0,0,0,0,0,0,0,0,0,0,0,0,0,3,0,0,0,0,0,0,0,0,1,0,1,0,0,0,0,0,0,0,0,0,3,1,0,0,0,0,1,0,1,0,0,0,0,0
FOODS_3_745,FOODS_3,0,0,0,0,0,0,0,0,0,0,0,0,0,1,0,0,0,0,1,0,0,0,0,0,0,0,0,0,0,0,0,0,0,0,0,0,0,0,0,0,0,0,0,0,0,0,0,0,0,0,0,0,0,0,0,0,0,0,0,0,0,0,0,0,0,0,0,0,0,0,0,0,0,0,0,0,0,0,0,0,0,0,0,0,0,0,0,0,1,0,0,0,0,0,0,0,0,1,0,0
FOODS_3_165,FOODS_3,0,0,0,0,1,0,1,0,0,0,0,0,0,0,0,0,0,0,0,0,0,0,0,0,0,0,0,0,0,0,0,0,0,0,0,0,0,0,0,0,0,1,0,1,0,0,0,0,0,1,0,0,1,0,0,0,0,1,0,0,0,0,0,0,0,0,0,0,0,0,4,0,0,0,1,0,0,0,0,0,0,0,0,0,0,0,2,2,0,0,0,0,1,0,0,0,0,0,1,2
FOODS_3_038,FOODS_3,1,2,0,2,0,0,0,0,1,0,3,0,1,1,2,1,1,0,2,0,1,2,1,1,0,1,0,1,1,0,0,1,0,0,0,1,0,2,1,1,0,1,0,1,1,0,0,1,0,1,0,1,0,1,1,0,0,0,0,0,0,0,0,0,0,1,0,1,0,1,0,0,2,0,0,0,0,4,0,4,1,0,0,0,0,0,1,0,0,0,0,3,1,1,0,0,0,2,1,0
FOODS_3_371,FOODS_3,0,1,0,0,0,2,0,0,2,0,1,1,0,0,0,0,0,5,1,1,0,2,2,1,1,3,0,2,0,1,1,0,1,0,1,3,1,1,0,1,1,0,2,1,0,0,0,1,1,1,0,0,0,0,0,0,1,0,0,0,0,0,0,0,1,2,1,0,0,0,2,1,0,2,1,1,1,1,1,0,0,1,0,0,0,2,1,0,1,0,0,1,3,0,0,0,0,0,2,0
FOODS_3_264,FOODS_3,0,0,0,2,1,0,1,0,2,1,0,0,2,1,1,1,1,2,0,2,1,2,4,1,0,1,0,3,2,1,0,0,1,0,1,2,3,2,1,0,2,1,0,3,0,0,0,2,1,0,3,2,2,1,0,0,0,1,1,1,2,1,0,2,2,3,2,2,1,0,1,1,1,2,2,2,0,3,2,3,1,2,0,1,3,3,3,2,2,3,0,0,2,0,1,0,0,0,0,0
FOODS_3_790,FOODS_3,0,0,0,0,0,0,1,0,0,0,0,0,0,0,0,0,0,0,0,0,0,0,0,0,0,0,0,0,0,0,0,0,0,0,0,0,0,0,0,0,0,0,0,0,0,0,3,0,0,1,0,0,0,1,2,0,0,0,0,1,0,0,0,1,0,0,0,0,0,2,1,0,0,0,1,1,0,0,0,0,0,2,2,1,2,1,0,0,0,0,0,2,2,0,0,1,0,0,0,1
FOODS_2_246,FOODS_2,0,0,0,0,0,0,0,0,1,0,0,0,0,0,0,0,0,0,0,0,0,0,0,0,0,0,0,0,0,0,0,0,0,0,0,0,0,0,0,0,0,0,0,0,0,0,0,0,0,0,0,0,0,0,0,0,0,0,0,0,0,0,0,0,0,0,0,0,0,0,2,0,0,0,0,0,0,0,0,0,0,1,2,2,0,2,1,0,0,0,1,2,0,0,3,5,0,0,0,1
FOODS_2_158,FOODS_2,1,0,0,2,0,0,0,1,1,0,0,0,0,0,0,1,0,1,1,0,0,3,0,0,0,0,0,0,0,0,0,0,0,0,0,1,1,7,0,0,0,4,0,1,0,0,1,0,0,0,2,0,0,0,0,1,0,0,0,0,0,0,0,2,0,0,0,0,0,3,0,0,0,1,0,0,0,0,0,0,0,0,1,0,1,0,0,0,1,0,0,2,0,0,1,0,0,0,0,0
FOODS_3_137,FOODS_3,2,0,1,0,2,0,1,0,1,1,0,1,0,1,0,1,2,0,0,0,0,1,1,0,0,0,0,0,0,1,1,0,0,0,1,0,1,1,0,1,1,0,0,0,0,0,1,0,0,2,1,0,1,0,0,1,0,0,1,0,0,1,0,0,0,0,0,0,0,1,0,0,0,0,0,0,0,0,1,0,1,0,0,0,1,0,2,1,0,0,1,0,1,0,0,0,2,1,1,1
FOODS_1_033,FOODS_1,2,0,0,0,0,0,0,0,0,0,0,1,0,0,0,1,0,0,0,0,0,1,0,0,0,0,0,0,0,0,0,0,0,0,0,1,0,0,0,0,0,0,0,0,1,1,1,0,0,0,0,1,0,0,0,1,0,1,0,0,0,1,0,0,0,1,0,0,0,0,0,0,0,0,0,0,0,0,0,0,0,0,0,0,0,0,0,1,1,3,0,0,0,1,0,0,0,0,1,1
FOODS_3_296,FOODS_3,0,1,2,1,0,1,0,0,0,3,2,1,3,1,2,0,0,3,0,0,1,0,2,2,1,0,3,1,3,0,0,1,0,0,2,4,3,0,1,0,3,1,0,0,0,0,1,2,0,2,5,3,0,0,0,0,3,0,0,2,1,0,2,1,4,1,0,0,0,0,3,3,3,2,3,0,0,0,0,5,1,2,1,2,1,0,1,1,1,0,0,1,1,1,1,2,1,0,0,2
FOODS_3_690,FOODS_3,0,1,1,0,0,1,3,0,0,1,0,0,2,1,0,1,1,2,0,0,0,1,1,1,0,0,2,0,0,0,0,0,0,1,0,2,0,0,0,3,0,0,0,0,0,0,1,3,0,0,0,3,1,0,2,3,0,0,0,0,0,2,1,0,2,1,0,0,1,0,2,1,2,0,0,1,2,0,0,2,1,0,0,2,1,0,0,0,1,0,1,1,0,0,0,0,0,0,0,0
FOODS_3_507,FOODS_3,0,2,0,0,0,0,0,2,3,0,0,0,0,1,0,1,0,0,0,0,0,1,0,1,1,1,2,0,0,0,0,0,0,0,0,0,1,0,0,0,0,1,0,0,0,1,0,0,0,0,0,0,0,0,0,0,1,2,1,0,0,0,0,3,0,0,0,0,0,0,0,0,2,0,0,0,0,0,1,1,2,0,0,0,0,0,0,1,0,0,0,1,0,1,0,0,0,0,0,0
FOODS_1_095,FOODS_1,0,0,0,0,0,0,2,0,0,0,0,0,0,0,0,0,0,0,0,2,0,0,0,0,0,0,0,0,0,0,0,0,0,0,0,0,0,0,0,0,0,1,0,0,0,1,0,0,0,0,1,0,0,0,0,0,0,1,0,0,0,0,0,0,0,0,0,0,0,0,0,0,0,0,0,0,0,0,0,1,0,0,0,0,0,0,0,0,1,0,1,0,0,0,0,2,0,0,0,0
FOODS_3_796,FOODS_3,0,6,2,2,1,1,0,2,2,1,1,2,1,1,0,2,0,1,0,1,0,3,1,0,0,0,1,1,0,0,0,0,0,0,2,0,1,1,0,1,0,0,0,3,0,0,2,0,0,0,0,0,0,0,0,0,0,0,1,0,0,0,0,1,0,0,0,0,0,0,0,0,0,0,1,0,1,0,1,2,0,0,0,2,0,0,0,0,2,0,1,0,0,0,1,0,0,1,0,1
FOODS_2_390,FOODS_2,0,0,0,2,1,1,0,0,1,0,1,0,0,1,0,2,1,0,0,1,0,0,1,0,0,0,2,0,0,0,0,1,0,3,0,0,0,0,0,0,1,1,2,0,0,1,2,1,1,1,2,0,0,1,1,0,2,0,1,6,1,0,2,2,0,1,0,0,2,0,2,3,0,0,1,1,0,0,1,1,0,0,0,0,1,2,0,1,2,1,0,1,1,0,2,0,0,2,4,1
FOODS_3_737,FOODS_3,0,0,0,0,0,0,0,0,0,0,0,0,0,0,0,1,1,0,1,3,0,0,0,2,0,0,1,0,1,4,0,0,0,0,1,0,0,0,0,0,0,0,2,0,0,0,0,1,0,0,1,0,0,0,0,0,0,0,0,0,0,0,0,0,0,1,0,3,0,0,0,1,0,0,0,0,0,2,1,1,0,0,0,0,0,0,0,0,0,1,0,0,0,0,0,1,0,1,0,3
FOODS_3_693,FOODS_3,0,0,0,0,0,1,2,2,0,2,1,0,0,2,0,1,0,0,0,1,0,0,0,0,0,0,0,2,1,1,0,0,0,0,0,1,0,0,0,1,0,0,0,0,0,0,0,0,0,0,0,0,0,0,0,0,0,0,0,0,1,0,0,0,3,1,0,0,1,2,0,1,0,1,0,0,0,1,0,0,0,0,0,0,0,1,3,0,0,1,1,1,0,0,0,0,0,1,0,0
FOODS_2_006,FOODS_2,0,0,0,0,0,1,1,2,0,0,0,0,0,0,1,1,0,1,0,0,1,1,0,0,0,0,0,0,0,0,1,0,0,1,3,0,0,0,0,1,0,0,0,0,0,0,0,0,0,0,0,0,1,0,0,0,0,0,1,1,1,0,0,0,0,0,0,0,0,0,0,0,0,0,0,0,0,0,0,0,0,0,0,0,0,0,0,0,0,0,0,0,0,0,1,0,0,0,0,0
FOODS_3_022,FOODS_3,0,0,1,0,0,1,1,1,1,0,0,0,0,0,1,0,1,0,0,1,0,0,0,2,1,0,0,0,0,0,1,0,0,0,0,0,0,1,0,0,0,0,0,0,0,0,0,0,1,0,1,0,0,1,0,0,0,2,0,0,0,0,0,0,0,0,1,2,0,0,0,2,0,0,1,0,1,1,1,1,1,0,0,0,0,0,0,1,0,0,1,1,2,0,0,0,0,0,1,1
FOODS_2_129,FOODS_2,0,0,0,1,0,0,0,1,1,1,0,0,0,0,2,0,1,0,0,3,0,0,0,0,0,0,0,0,0,0,0,0,0,0,0,1,0,0,0,0,0,0,0,0,0,0,0,1,0,0,1,1,1,0,0,1,0,1,0,0,0,0,0,0,0,0,0,0,0,1,0,0,0,0,0,0,0,0,0,0,1,2,1,2,0,0,0,1,1,2,0,1,1,1,0,0,0,0,0,0
FOODS_1_131,FOODS_1,0,1,1,0,0,0,1,2,0,0,1,0,1,0,0,0,0,0,0,2,0,1,0,0,0,0,1,0,0,0,1,1,0,1,0,0,1,0,0,0,0,3,0,0,0,0,1,1,0,1,2,1,1,2,0,0,1,0,0,0,0,0,0,0,0,0,0,0,0,1,0,3,0,1,0,0,0,0,0,1,0,2,0,1,2,1,3,0,0,0,3,1,3,0,1,0,0,3,0,0
FOODS_2_337,FOODS_2,0,0,0,0,0,0,0,0,0,0,0,1,1,0,0,0,0,0,0,0,0,0,0,0,0,0,1,0,0,0,2,1,0,0,0,1,0,0,0,0,0,0,0,0,0,0,0,0,0,1,0,0,0,0,1,1,0,1,0,0,1,0,0,0,1,0,0,0,0,1,0,0,0,0,0,0,0,1,1,0,0,0,0,0,1,0,2,0,0,2,0,0,0,0,0,0,0,0,1,1
FOODS_2_248,FOODS_2,4,2,2,1,0,0,0,2,1,0,2,1,0,0,1,3,0,2,1,2,0,1,1,2,0,2,0,0,0,2,0,5,0,0,1,0,0,1,0,0,2,2,2,1,2,0,1,0,0,3,4,0,3,3,0,1,2,3,3,1,1,1,1,1,4,2,2,1,2,1,2,0,0,1,0,0,1,3,4,0,0,1,1,1,1,0,2,3,1,1,0,1,1,1,1,0,1,0,2,3
FOODS_2_159,FOODS_2,0,0,0,0,0,0,0,0,0,0,0,0,0,0,0,0,0,0,0,0,0,0,0,0,0,0,0,0,0,0,0,0,0,0,0,0,0,0,0,0,0,0,0,0,0,0,0,0,0,0,0,0,0,0,0,0,1,0,2,0,0,2,0,0,1,1,0,0,1,0,2,0,1,0,0,1,0,0,1,1,0,0,1,1,0,1,2,0,1,0,0,1,0,0,0,2,1,0,1,0
FOODS_2_226,FOODS_2,0,0,0,0,0,0,0,0,0,0,2,0,1,0,1,0,0,0,0,0,0,1,0,1,0,0,0,0,0,1,0,0,0,0,0,0,0,0,0,0,0,1,0,0,0,1,0,0,0,0,0,0,0,0,0,0,1,0,0,0,0,0,0,0,0,0,0,1,0,0,0,3,0,0,0,0,0,1,0,0,0,0,0,0,1,0,0,0,0,0,0,0,0,0,0,0,0,0,0,0
FOODS_2_068,FOODS_2,0,1,0,0,0,0,0,1,0,1,0,0,0,0,0,0,0,1,0,0,0,0,0,0,0,0,0,0,0,1,0,0,0,0,0,0,0,0,0,0,0,0,0,0,0,0,0,0,0,0,0,0,0,0,0,0,0,0,0,0,0,0,0,0,0,0,0,0,0,1,0,1,0,0,0,0,0,0,0,0,0,1,1,0,0,0,0,0,0,0,0,1,0,1,0,0,0,0,0,0
FOODS_2_193,FOODS_2,0,0,0,0,0,0,0,1,0,0,1,0,0,0,0,0,0,0,1,0,0,0,0,0,1,0,1,0,1,1,0,0,2,0,0,1,0,0,0,0,1,0,0,0,1,2,1,0,0,0,0,0,0,0,1,1,0,0,2,1,0,0,0,1,0,1,0,1,0,0,1,0,0,0,0,0,0,0,1,1,0,0,0,1,0,0,0,0,0,0,0,0,0,1,0,0,0,0,0,0
FOODS_1_159,FOODS_1,0,0,0,0,0,3,0,0,0,0,0,0,1,0,0,0,0,0,0,0,0,1,0,0,1,1,0,0,1,0,0,0,1,0,0,0,0,0,0,0,0,0,1,0,0,0,0,0,0,1,0,1,0,0,0,2,0,0,0,0,0,0,0,0,0,0,0,0,0,0,0,0,0,0,1,0,1,0,0,0,4,0,0,0,0,0,0,0,0,0,0,0,0,0,0,0,0,0,0,0
FOODS_2_071,FOODS_2,2,1,0,0,0,0,0,0,3,0,0,0,2,0,0,1,0,4,0,0,0,2,3,0,0,0,0,0,0,1,7,1,2,1,0,0,0,0,0,0,0,0,1,0,0,0,0,0,0,0,0,0,0,0,0,0,0,0,0,0,0,0,1,0,0,0,2,1,1,0,0,0,0,0,1,1,0,1,0,1,1,1,0,0,2,3,1,0,1,0,0,3,0,1,1,1,0,0,0,0
FOODS_1_098,FOODS_1,0,0,0,0,3,0,0,1,0,0,1,0,2,0,0,0,1,2,0,1,0,0,0,0,0,0,0,2,0,0,1,2,1,0,0,0,0,1,0,0,0,0,0,0,0,0,1,0,0,0,0,2,0,0,0,0,0,0,1,0,3,0,0,0,0,0,0,1,0,1,0,0,0,0,4,0,0,0,0,0,0,0,2,0,0,2,0,1,0,0,0,0,2,0,0,4,1,0,1,1
FOODS_3_337,FOODS_3,2,1,0,0,3,1,0,1,2,0,0,0,0,0,0,0,1,0,2,0,2,0,2,0,0,1,1,0,0,0,0,3,1,1,1,0,3,0,0,0,0,0,0,0,0,0,0,0,0,0,0,0,1,1,0,0,0,0,0,0,0,0,1,0,0,0,0,0,0,0,0,0,0,0,0,0,0,0,0,2,0,0,0,0,1,0,1,0,0,0,0,1,1,0,0,0,0,0,1,1
FOODS_1_084,FOODS_1,0,0,0,0,0,0,0,0,0,1,0,0,0,0,0,2,0,6,0,0,0,0,0,0,3,0,0,4,0,0,0,0,0,0,0,0,0,0,0,0,0,0,0,0,0,0,1,0,0,0,0,0,0,0,0,0,0,0,0,0,0,0,1,0,0,0,0,0,0,0,0,0,0,0,0,0,0,0,0,0,0,0,0,1,1,0,0,0,1,0,0,0,0,0,0,0,1,0,1,0
FOODS_1_077,FOODS_1,0,0,0,0,0,0,0,0,0,0,0,0,0,0,0,0,0,0,1,0,0,0,0,0,2,0,0,0,0,0,0,0,0,0,0,0,1,0,0,2,0,0,0,0,0,0,0,2,0,0,1,0,0,1,0,0,2,0,0,0,0,0,1,0,0,0,1,0,1,1,1,1,0,0,0,0,0,0,0,0,0,0,1,0,0,0,0,0,0,0,0,0,0,0,1,0,0,0,1,0
FOODS_3_472,FOODS_3,0,0,2,0,1,2,0,0,1,0,0,0,0,0,0,1,1,0,0,0,0,0,0,0,1,0,1,0,0,1,0,0,0,1,1,2,0,0,1,0,0,0,0,1,0,1,0,0,0,0,1,0,0,0,1,0,0,0,1,1,0,0,1,0,0,1,0,0,0,0,0,2,0,0,0,1,1,2,1,0,0,1,0,0,0,0,0,3,0,0,0,1,0,0,0,0,0,0,0,0
FOODS_2_073,FOODS_2,0,0,2,0,0,0,0,0,0,0,1,0,0,0,0,0,1,0,1,0,0,0,0,1,1,0,0,2,0,0,0,0,0,0,0,0,0,0,0,0,0,0,0,1,0,0,0,1,0,0,0,0,0,0,0,1,0,0,1,1,1,1,0,0,0,0,0,1,0,0,1,0,0,0,0,0,0,0,0,0,0,0,0,0,1,0,1,0,2,0,0,0,0,1,3,0,0,0,0,0
FOODS_2_252,FOODS_2,0,0,0,0,0,0,1,1,0,0,0,0,0,0,0,0,0,0,1,0,1,0,0,0,0,0,0,1,1,0,0,0,0,1,0,0,0,0,0,0,0,4,0,0,0,0,0,0,0,0,0,0,0,0,0,0,0,2,0,0,0,0,1,0,0,0,1,0,1,0,1,1,0,0,0,0,1,0,1,0,0,0,0,0,2,1,1,1,2,0,0,0,0,0,0,0,0,0,0,2
FOODS_2_254,FOODS_2,0,0,0,0,0,0,0,0,0,0,0,0,0,0,0,0,0,0,0,0,0,0,0,0,0,0,0,0,0,0,2,0,0,0,0,0,0,0,0,0,1,0,1,1,0,1,0,0,0,0,1,1,0,1,1,0,1,0,0,0,1,0,0,0,0,0,0,0,0,0,0,1,0,1,0,0,1,0,0,1,0,0,0,0,0,0,0,1,2,0,0,0,0,1,0,0,2,0,0,2
FOODS_3_512,FOODS_3,0,1,0,0,0,0,0,1,1,0,0,0,0,0,0,0,1,0,0,0,0,0,0,2,0,0,2,0,0,0,0,0,0,0,0,0,0,0,0,0,0,0,0,0,0,0,0,0,0,0,0,0,0,0,0,0,0,0,0,0,2,0,0,0,0,0,0,0,1,1,0,0,0,1,0,0,0,0,0,1,0,0,0,0,0,0,0,1,0,0,0,0,0,0,0,0,0,0,0,0
FOODS_3_563,FOODS_3,0,0,1,2,0,0,0,0,1,0,1,0,0,0,0,0,0,0,0,0,0,1,1,0,0,0,0,0,0,0,0,0,0,0,0,0,0,0,0,0,0,0,0,0,0,0,0,0,0,0,0,0,0,0,0,0,0,0,0,0,0,0,0,0,0,0,0,0,0,0,0,0,0,0,0,0,0,0,0,0,0,0,0,0,0,0,0,0,0,0,0,0,0,0,0,0,0,0,0,0
FOODS_2_362,FOODS_2,0,0,1,0,1,0,0,0,0,1,0,1,0,0,1,0,1,0,0,0,3,0,1,0,3,1,0,0,0,1,0,1,1,0,0,0,0,0,0,0,0,0,0,0,1,2,0,0,0,0,1,1,0,0,0,0,0,1,4,0,2,0,0,0,3,0,1,0,0,0,0,1,0,1,1,0,1,0,0,0,0,0,0,0,0,0,0,0,0,0,0,0,0,0,0,0,1,0,1,1
FOODS_2_096,FOODS_2,0,0,0,0,0,0,2,0,0,0,0,2,0,0,0,1,0,0,0,0,0,0,0,1,0,0,0,0,0,0,1,0,0,0,0,0,0,0,0,0,0,0,0,0,0,0,0,0,0,0,0,0,0,0,0,0,0,0,0,0,0,0,0,0,0,0,0,0,1,0,0,0,0,0,2,0,1,0,0,0,0,0,0,0,0,2,0,0,0,1,0,0,0,0,0,0,1,0,0,0
FOODS_3_255,FOODS_3,0,1,1,1,0,0,1,0,4,0,0,0,0,1,0,2,1,0,0,0,0,0,0,0,1,1,0,0,0,4,0,1,0,0,1,1,1,0,0,2,1,0,0,0,0,1,1,0,1,1,1,0,0,1,2,0,1,0,1,1,2,0,0,0,3,0,0,1,3,1,1,0,4,0,0,1,0,1,1,1,0,0,1,0,0,1,0,1,2,0,0,0,2,2,0,1,0,1,0,2
FOODS_2_209,FOODS_2,1,0,0,0,0,0,2,2,2,1,0,1,1,0,0,0,1,0,0,0,4,1,1,1,1,0,0,1,0,0,0,1,1,3,2,2,2,1,0,1,1,2,0,0,0,2,1,1,4,0,1,1,2,2,1,2,1,0,1,1,2,1,0,1,0,0,1,0,1,0,2,2,1,0,0,0,1,0,0,0,1,0,1,0,1,2,1,0,0,0,3,2,0,0,0,0,2,0,0,0
FOODS_3_602,FOODS_3,0,0,0,0,0,0,0,0,0,0,0,0,1,0,0,0,0,0,0,0,0,0,0,0,0,0,0,0,0,0,0,0,0,0,0,0,0,0,0,0,0,6,1,0,4,4,4,2,5,6,3,1,0,1,0,2,7,1,0,0,0,0,0,0,0,0,0,0,0,0,0,0,0,0,0,0,0,0,0,0,0,0,0,0,0,0,0,0,0,0,0,0,0,0,0,0,0,0,0,0
FOODS_3_260,FOODS_3,0,0,2,0,1,0,0,0,0,0,0,0,0,0,0,5,0,0,1,0,0,2,1,0,0,0,0,0,2,0,0,0,0,1,0,0,0,0,0,0,0,1,1,1,0,0,0,0,0,0,0,1,0,0,0,0,2,0,0,0,1,0,5,0,0,0,0,0,1,1,1,1,0,0,0,0,0,2,0,0,0,0,0,0,0,0,0,3,0,0,0,1,0,0,2,0,2,1,0,1
FOODS_2_117,FOODS_2,0,0,0,0,0,1,3,4,5,2,2,0,1,1,3,0,2,1,0,1,1,2,1,1,1,5,0,2,2,4,0,0,0,2,4,2,2,1,0,2,3,3,0,1,1,2,0,0,0,0,0,3,2,1,1,1,1,1,1,1,3,0,0,0,0,0,0,0,0,0,0,0,0,0,0,0,0,0,0,0,0,0,0,0,0,0,0,0,0,1,0,2,0,0,1,0,2,0,0,0
FOODS_2_239,FOODS_2,0,0,0,0,0,0,0,0,0,0,0,0,0,0,0,0,0,0,0,1,1,0,1,0,0,0,0,1,0,2,0,0,0,0,1,0,0,1,1,0,3,0,0,0,0,0,0,0,0,0,0,0,0,0,0,0,3,0,0,1,0,0,0,0,1,1,1,0,0,0,1,0,0,0,0,0,0,0,0,1,0,0,1,1,0,2,0,0,0,1,0,2,0,0,1,1,0,1,0,3
FOODS_3_350,FOODS_3,0,0,0,0,0,0,0,0,0,0,0,0,0,0,0,0,0,0,0,0,0,0,0,0,0,0,0,0,0,0,0,0,0,1,1,1,0,2,3,1,3,2,1,2,2,1,2,0,1,2,0,4,0,0,1,2,1,3,0,1,0,0,3,2,2,2,3,3,4,0,1,0,1,2,0,2,0,1,2,0,1,0,0,0,0,0,0,0,0,0,0,0,0,0,0,0,0,0,0,0
FOODS_3_595,FOODS_3,0,0,0,1,0,5,0,1,1,0,3,0,3,0,1,1,0,3,1,2,0,4,1,4,1,0,1,1,4,0,1,0,1,0,0,1,0,1,2,0,0,0,0,1,2,1,2,3,1,2,2,1,3,0,4,2,0,1,2,1,0,0,1,2,2,3,3,2,0,0,1,2,1,0,4,1,0,1,1,1,0,3,0,0,1,3,1,2,1,0,2,0,1,0,0,0,0,4,2,1
FOODS_2_015,FOODS_2,0,2,1,0,0,4,2,1,1,0,0,0,0,0,0,3,0,0,3,0,0,0,0,0,1,0,0,1,0,0,1,0,0,0,0,1,0,0,0,1,1,0,4,0,1,1,1,0,0,0,1,0,1,0,0,1,0,1,1,1,0,1,0,0,0,0,0,0,0,0,0,0,1,1,0,0,3,1,0,0,1,3,1,0,0,1,0,0,1,1,1,0,0,0,0,0,1,0,0,2
FOODS_2_046,FOODS_2,0,0,0,0,0,0,0,0,0,0,0,0,0,0,0,0,0,0,0,0,0,0,0,0,0,0,0,0,0,0,0,0,0,2,0,2,1,0,0,0,0,0,0,1,3,0,0,0,1,1,0,0,0,2,1,0,0,0,0,0,0,0,1,1,1,0,1,0,0,0,1,0,1,0,1,0,0,0,2,0,0,0,0,0,0,0,0,1,0,0,0,0,0,0,0,0,0,0,0,0
FOODS_3_220,FOODS_3,0,0,0,1,0,0,0,0,0,1,0,0,1,0,3,0,0,0,0,0,0,1,0,1,0,0,0,0,0,1,0,0,0,1,0,0,0,0,1,0,0,0,2,0,0,0,1,0,2,1,0,0,0,2,2,1,0,0,0,0,0,0,0,1,0,0,1,0,0,1,0,0,0,0,0,1,0,0,0,0,0,0,0,0,0,0,0,0,0,2,0,0,0,0,0,0,0,0,1,2
FOODS_2_379,FOODS_2,0,0,0,0,0,0,0,0,0,2,2,0,0,0,0,1,0,1,0,1,0,1,3,0,1,0,1,1,0,0,3,0,0,0,2,0,2,0,0,0,2,3,0,0,1,0,0,1,0,0,0,1,2,1,0,0,1,0,0,0,0,0,0,0,0,1,0,0,1,0,0,2,0,2,0,0,0,1,0,0,0,0,0,0,0,0,3,1,0,0,0,0,0,0,0,0,0,0,0,0
FOODS_3_466,FOODS_3,0,1,1,3,0,0,1,4,0,0,0,0,1,0,0,0,0,0,0,0,0,1,0,0,0,1,0,1,0,0,0,0,0,0,0,0,0,0,0,0,0,0,0,0,0,0,0,0,0,0,0,0,0,0,0,0,0,0,0,0,0,0,0,0,0,0,0,0,0,0,0,0,0,0,0,0,0,0,0,0,0,0,0,0,0,0,0,0,0,0,0,0,0,0,0,0,0,0,0,0
FOODS_3_521,FOODS_3,0,0,0,0,0,0,0,0,0,0,0,1,0,1,1,0,2,0,1,0,0,0,1,0,1,0,0,0,1,2,1,1,0,0,0,0,0,0,0,0,0,0,0,0,0,1,0,0,0,0,0,2,2,1,0,0,1,1,0,0,1,0,1,1,1,0,0,0,0,0,0,0,0,1,0,0,0,2,0,0,1,0,0,0,2,0,1,0,0,1,0,0,0,0,2,0,0,0,0,0
FOODS_3_601,FOODS_3,0,0,0,0,0,1,1,0,0,0,0,0,0,0,0,0,1,0,0,0,0,0,0,1,0,0,0,0,0,0,0,0,0,0,0,0,0,0,0,0,0,0,0,1,0,0,0,0,0,0,0,0,0,0,1,0,0,0,0,0,0,0,0,0,0,0,1,0,0,0,0,0,0,0,0,0,0,0,0,0,0,0,0,0,0,0,0,0,0,0,1,0,0,0,0,0,0,0,0,0
FOODS_3_703,FOODS_3,0,0,0,0,0,0,0,0,0,0,0,0,0,0,0,0,0,0,0,0,0,0,0,0,0,0,0,0,0,0,0,0,0,0,0,0,0,0,0,0,0,1,0,0,0,1,0,0,2,0,3,0,0,0,0,0,2,1,0,0,0,2,2,1,1,1,0,0,0,1,2,1,0,0,0,2,1,0,1,0,1,1,0,1,0,1,1,0,3,0,2,4,8,1,3,0,0,1,0,0
FOODS_3_171,FOODS_3,0,0,0,0,0,0,0,0,0,0,0,0,0,1,0,0,1,0,0,0,0,0,0,0,0,0,0,0,0,0,0,0,0,0,0,0,1,0,0,0,0,0,0,0,0,0,0,0,0,0,0,0,0,0,0,1,0,0,0,0,0,0,0,0,0,0,0,0,0,0,0,0,0,0,0,0,0,0,0,0,0,0,0,0,0,0,1,0,0,0,0,0,0,0,0,0,0,0,0,0
FOODS_1_079,FOODS_1,0,0,0,0,0,0,0,0,0,0,0,0,0,0,0,0,0,0,0,0,0,0,0,0,0,0,0,0,0,0,0,0,0,0,0,0,0,0,0,0,0,0,0,0,0,0,0,0,0,0,0,0,0,1,0,0,0,0,0,0,0,0,0,0,0,0,0,0,0,0,0,0,0,0,0,0,0,0,0,0,0,0,0,0,0,0,0,0,0,0,0,0,0,0,0,0,0,0,0,0
